inc_deg,beta_r,log_ML_stellar,log_rho_s,rs,gamma_gNFW,kappa,log_Mt_Re,log_Ms_Re,log_Md_Re,fdm_Re,log_ML_dyn_Re,chi2_dof,rhalf_arcsec,log_Mt_rhalf,log_Ms_rhalf,log_Md_rhalf
2.735,-1.59,0.771,4.493,250.0,-1.465,0.739,11.5,11.394,10.833,0.216,0.877,0.050296,2.647172387415095,11.424,11.335,10.689
65.48,0.564,0.439,4.906,70.126,-1.584,0.797,10.823,10.641,10.357,0.342,0.621,0.019639,9.35813688819208,10.881,10.696,10.42
55.679,0.335,0.165,5.104,71.54,-1.599,-2.351,11.009,10.7,10.716,0.51,0.474,0.036311,5.9438677538111016,11.013,10.703,10.721
85.53,0.148,1.027,4.103,250.0,-1.242,-0.353,11.622,11.604,10.183,0.037,1.044,0.042283,5.873354338379916,11.645,11.626,10.232
34.438,0.42,0.257,5.491,60.568,-1.596,1.058,11.112,10.708,10.895,0.606,0.662,0.027928,4.783498035191464,11.028,10.64,10.8
30.0,0.392,0.72,5.98,111.693,-0.002,-1.487,10.925,10.886,9.856,0.085,0.759,0.051972,4.836037728539553,10.904,10.871,9.771
2.566,0.544,1.21,3.571,250.0,-1.074,-1.325,11.423,11.414,9.753,0.021,1.22,0.059761,4.096467447465845,11.339,11.332,9.52
18.209,0.016,0.406,6.645,138.15,-0.0,-1.56,11.428,11.024,11.21,0.605,0.809,0.044112,3.5401998560059686,11.24,10.937,10.94
74.951,0.273,0.769,5.052,100.298,-0.86,1.02,10.737,10.695,9.703,0.093,0.811,0.029449,8.239448134555591,10.89,10.832,9.982
58.049,0.455,0.701,4.693,250.0,-1.597,,11.484,11.203,11.16,0.475,0.981,0.078684,3.469671398850757,11.493,11.208,11.173
41.252,-0.528,0.878,3.103,247.84,-1.6,-1.081,11.181,11.173,9.446,0.018,0.886,0.089024,2.451470788245839,11.153,11.145,9.395
19.309,0.036,0.77,6.638,64.653,-0.0,-1.808,10.797,10.605,10.351,0.358,0.962,0.09014,3.3076957801357483,10.67,10.532,10.104
80.043,-3.0,0.968,5.641,250.0,-0.0,-1.132,11.322,11.292,10.034,0.052,0.991,0.053043,6.2605701574102115,11.342,11.308,10.108
85.243,0.309,0.75,3.603,239.843,-1.357,0.272,11.126,11.116,9.404,0.019,0.759,0.060132,4.483993604467148,11.164,11.154,9.498
44.467,-2.78,0.519,5.008,52.767,-1.6,0.965,10.733,10.62,10.095,0.23,0.632,0.029553,4.475294615045195,10.691,10.581,10.039
2.566,-0.857,1.386,6.881,250.0,-0.133,-2.57,11.689,11.445,11.322,0.429,1.63,0.032332,2.5628152080433426,11.519,11.372,10.977
70.518,0.185,0.701,3.155,93.273,-1.437,1.055,10.757,10.754,8.514,0.006,0.703,0.024107,9.875209663342446,10.809,10.806,8.599
80.991,0.358,0.763,6.6,90.298,-0.008,-1.142,10.751,10.733,9.319,0.037,0.779,0.023762,6.266217329473283,10.821,10.794,9.592
53.082,0.366,0.735,6.227,60.076,-0.155,0.918,10.695,10.646,9.716,0.105,0.783,0.025763,6.303727044438292,10.682,10.636,9.684
32.785,0.482,0.747,5.569,48.754,-0.927,1.095,10.616,10.592,9.326,0.051,0.77,0.036255,3.726026723862709,10.573,10.553,9.193
60.561,0.172,0.827,4.318,250.0,-1.6,0.209,11.618,11.472,11.071,0.284,0.972,0.069516,5.308021171044935,11.627,11.48,11.084
30.599,-0.32,0.616,3.311,209.451,-1.588,-1.086,11.118,11.105,9.59,0.03,0.629,0.01068,3.516915666115585,11.105,11.092,9.567
43.541,-2.986,0.399,5.705,114.577,-1.265,0.701,11.67,10.878,11.593,0.838,1.19,0.028921,4.87622546385962,11.63,10.847,11.551
18.538,-2.988,1.068,4.898,250.0,-1.6,-1.065,12.055,11.53,11.9,0.701,1.592,0.003095,12.514880563405836,12.096,11.554,11.949
31.865,-0.071,0.671,3.192,187.972,-1.199,0.97,11.145,11.142,9.045,0.008,0.674,0.017781,10.725605722823357,11.076,11.073,8.885
54.561,0.085,0.866,4.944,238.206,-0.609,-0.378,11.164,11.149,9.678,0.033,0.881,0.040709,4.56339133148677,11.167,11.152,9.687
45.537,0.174,1.007,4.577,250.0,-1.6,-0.381,11.675,11.462,11.261,0.386,1.219,0.01221,4.398684863843038,11.667,11.458,11.249
33.25,-0.031,0.478,5.617,77.108,-0.327,-1.031,10.779,10.745,9.654,0.075,0.512,0.037905,4.358500152307112,10.762,10.731,9.599
38.058,-0.306,0.052,4.54,71.235,-1.6,-0.912,10.631,10.502,10.04,0.257,0.18,0.029481,4.584265093354544,10.575,10.449,9.976
41.371,0.21,0.487,4.082,59.343,-1.6,,10.67,10.637,9.541,0.074,0.52,0.036361,7.268645949658669,10.665,10.632,9.535
12.446,-0.468,0.773,4.564,250.0,-1.589,0.493,11.629,11.354,11.299,0.468,1.047,0.012549,11.41137693062656,11.635,11.358,11.307
80.042,0.014,0.852,5.919,160.623,-0.645,-8.535,11.231,11.014,10.823,0.392,1.068,0.008212,13.733742426730675,11.232,11.015,10.826
29.219,0.187,0.892,5.054,250.0,-0.645,4.145,11.402,11.38,10.077,0.047,0.913,0.046175,4.2658192438574405,11.399,11.377,10.067
39.045,-0.623,0.786,5.148,222.681,-1.449,-0.359,11.629,11.127,11.465,0.685,1.289,0.008551,8.427660547739757,11.635,11.129,11.473
39.215,-0.889,0.972,4.299,250.0,-1.6,0.349,11.744,11.636,11.083,0.219,1.079,0.025965,7.864704033000205,11.741,11.634,11.079
56.168,0.32,0.681,4.426,177.952,-0.674,1.068,11.046,11.041,9.096,0.011,0.685,0.037827,4.1481301668718515,11.048,11.043,9.101
59.496,-0.417,0.721,5.61,123.144,-0.947,-1.022,10.998,10.917,10.225,0.169,0.802,0.018899,6.123851609097513,10.991,10.912,10.207
40.332,0.395,0.963,5.336,61.184,-1.581,0.957,10.733,10.671,9.849,0.131,1.024,0.054917,1.7792354510833328,10.702,10.643,9.79
32.619,-0.495,0.684,4.155,44.251,-0.925,0.845,10.575,10.572,8.254,0.005,0.687,0.049456,3.416737158124792,10.517,10.516,8.097
71.94,0.422,0.166,5.403,74.221,-1.568,1.016,11.239,10.619,11.119,0.76,0.785,0.014345,14.05864118391546,11.354,10.717,11.239
85.229,0.075,0.732,4.803,180.951,-1.572,-0.198,11.359,11.043,11.071,0.516,1.047,0.011395,15.074995900408275,11.384,11.06,11.105
28.917,0.014,0.636,4.653,250.0,-1.6,0.466,11.599,11.233,11.354,0.569,1.001,0.009762,8.822170545251142,11.599,11.233,11.353
21.908,0.166,0.869,4.998,61.517,-1.258,8.069,10.663,10.643,9.307,0.044,0.889,0.037008,3.965132689076285,10.666,10.645,9.314
40.635,0.406,0.97,5.155,250.0,-0.885,-0.423,11.479,11.427,10.522,0.111,1.021,0.031041,7.580055257372031,11.461,11.413,10.475
20.411,-0.02,0.542,4.899,250.0,-1.25,-1.264,11.496,11.315,11.029,0.341,0.723,0.018817,7.451116994478403,11.434,11.277,10.915
79.807,0.304,0.45,6.483,66.112,-0.322,1.198,10.683,10.618,9.821,0.138,0.515,0.007397,6.716955615553009,10.762,10.673,10.025
41.748,0.337,0.813,2.819,250.0,-1.296,-756.4,11.449,11.447,9.006,0.004,0.814,0.061132,4.731121811859156,11.45,11.448,9.008
20.543,0.011,0.603,4.495,99.328,-1.6,10.746,10.896,10.834,10.022,0.134,0.665,0.024613,6.3350699799275105,10.891,10.829,10.015
35.87,0.151,0.911,5.101,250.0,-0.152,-0.51,11.365,11.344,10.045,0.048,0.933,0.031237,11.61162908117306,11.353,11.333,9.997
18.22,0.545,0.973,4.641,250.0,-0.256,-0.714,11.862,11.855,10.031,0.015,0.98,0.042522,4.973753699041045,11.758,11.754,9.719
47.336,0.257,0.764,6.601,68.582,-0.012,-1.149,10.722,10.707,9.219,0.031,0.778,0.037088,3.752160443936632,10.7,10.687,9.122
81.4,0.284,0.728,4.31,250.0,-1.503,0.805,11.423,11.347,10.628,0.16,0.804,0.031259,6.721214118954739,11.487,11.399,10.747
2.567,-0.755,1.266,5.826,250.0,-1.113,0.468,12.398,11.953,12.205,0.641,1.711,0.064301,3.1646488750996187,12.229,11.869,11.979
33.268,0.357,0.757,3.844,49.868,-0.993,1.022,10.601,10.599,7.69,0.001,0.757,0.031521,3.754121176069025,10.564,10.562,7.569
62.664,0.544,0.874,2.991,79.555,-1.288,0.974,10.716,10.715,7.927,0.002,0.875,0.019866,8.514741068153311,10.746,10.745,7.983
65.563,-2.387,0.581,5.0,60.529,-0.991,0.891,10.626,10.568,9.723,0.125,0.639,0.023958,6.651871588249325,10.669,10.606,9.799
73.932,-1.291,0.663,3.668,165.18,-1.019,-0.931,10.983,10.98,8.62,0.004,0.665,0.025597,3.953265728549244,11.018,11.015,8.76
82.435,0.098,0.921,5.016,250.0,-1.011,0.777,11.688,11.62,10.84,0.142,0.988,0.029222,7.945942317848263,11.712,11.638,10.898
25.848,0.638,0.165,5.899,71.781,-1.359,1.139,11.553,10.7,11.487,0.86,1.017,0.028691,6.502134489344192,11.401,10.602,11.326
82.323,0.167,0.852,4.815,250.0,-0.9,0.598,11.249,11.226,9.925,0.048,0.873,0.051348,4.138292034783942,11.266,11.242,9.978
3.419,-3.0,0.982,6.667,201.833,-0.185,-6.222,11.472,11.137,11.201,0.537,1.316,0.005374,10.509576116824132,11.4,11.101,11.095
19.875,-3.0,0.893,5.352,183.455,-1.6,-1.152,11.242,11.081,10.718,0.302,1.049,0.025592,1.1508395365011828,11.2,11.053,10.642
74.92,-0.608,0.874,4.118,157.516,-0.999,0.975,10.895,10.884,9.273,0.024,0.884,0.020345,13.62625824385854,11.021,11.007,9.541
26.627,0.443,0.609,2.766,61.857,-1.321,-1.249,10.673,10.673,7.676,0.001,0.61,0.033829,6.825780893548183,10.648,10.647,7.597
80.733,-0.098,0.821,4.962,67.85,-1.572,1.067,10.693,10.618,9.895,0.159,0.896,0.03157,7.011353727674301,10.775,10.683,10.051
66.226,-0.019,0.503,4.72,176.548,-1.483,-1.145,11.279,10.983,10.973,0.494,0.799,0.044992,5.632431677936657,11.332,11.029,11.033
19.981,0.332,0.876,4.374,250.0,-1.464,2.107,11.537,11.452,10.781,0.176,0.96,0.067878,3.903467020864869,11.537,11.452,10.78
83.638,0.286,0.711,6.572,68.15,-0.014,1.361,10.694,10.654,9.634,0.087,0.75,0.015431,6.681736018180871,10.738,10.685,9.797
68.974,0.124,0.716,5.568,71.156,-0.515,1.015,10.679,10.624,9.748,0.117,0.77,0.036642,8.81307624928604,10.769,10.701,9.925
85.23,0.139,0.817,4.671,163.921,-1.592,-1.307,11.134,10.995,10.569,0.273,0.955,0.004084,2.377515051280936,11.141,11.001,10.579
86.357,0.336,0.951,5.765,250.0,-0.0,0.178,11.563,11.515,10.574,0.103,0.998,0.040832,12.658921224465317,11.636,11.567,10.802
51.152,-2.996,1.204,6.153,250.0,-0.494,-1.003,11.822,11.674,11.279,0.287,1.35,0.031389,5.371401366807529,11.779,11.639,11.215
71.973,-0.187,0.826,4.488,250.0,-1.575,1.052,11.354,11.058,11.047,0.493,1.121,0.029715,8.554048973580686,11.476,11.17,11.179
58.601,-0.867,0.703,4.827,235.609,-0.522,0.722,11.154,11.141,9.614,0.029,0.716,0.025806,4.091196337180622,11.153,11.14,9.61
63.629,0.527,0.777,5.36,165.767,-0.534,-1.04,11.015,10.988,9.797,0.061,0.805,0.041434,4.4433616420619195,11.048,11.017,9.885
45.511,0.097,0.8,4.289,144.229,-1.593,0.976,11.08,11.023,10.17,0.123,0.857,0.031204,4.1713188902099345,11.021,10.966,10.099
33.551,0.043,0.831,3.435,245.396,-0.855,-0.407,11.162,11.16,8.627,0.003,0.832,0.062811,4.1992056726565,11.161,11.159,8.622
81.455,0.16,0.877,5.128,250.0,-0.544,-0.912,11.594,11.577,10.126,0.034,0.892,0.044577,5.2464974327718,11.613,11.595,10.188
32.052,0.188,0.369,5.821,67.86,-1.076,-1.075,11.23,10.708,11.075,0.699,0.891,0.020486,7.175842333478582,11.128,10.635,10.959
52.986,0.238,0.698,5.432,72.33,-0.919,0.96,10.798,10.727,9.975,0.15,0.769,0.022598,6.831582830980865,10.775,10.708,9.928
64.048,-0.339,0.701,3.156,220.07,-1.128,-0.597,11.115,11.113,8.672,0.004,0.702,0.04309,3.6709893453037745,11.117,11.115,8.678
80.297,0.105,0.406,4.604,76.999,-1.6,-0.875,10.833,10.719,10.197,0.231,0.52,0.03911,5.139116378197857,10.846,10.73,10.217
73.253,0.023,0.895,4.465,250.0,-1.375,0.948,11.305,11.192,10.661,0.227,1.007,0.015884,6.339388783845869,11.404,11.279,10.802
62.661,0.11,0.947,4.896,250.0,-1.001,0.922,11.345,11.307,10.257,0.082,0.984,0.040494,4.171388791693988,11.356,11.317,10.284
2.632,-1.417,1.156,6.421,250.0,-0.034,0.719,12.172,11.866,11.876,0.505,1.462,0.01848,6.888375263751088,12.0,11.798,11.57
20.932,-0.734,0.732,4.69,247.727,-1.6,0.191,11.597,11.155,11.402,0.638,1.174,0.000187,8.950215796852556,11.613,11.165,11.422
32.16,-0.098,0.582,4.271,216.576,-1.575,0.984,11.27,11.186,10.517,0.176,0.666,0.028259,4.040115566634719,11.19,11.115,10.391
21.34,-0.538,0.916,3.768,250.0,-1.423,-0.203,11.27,11.255,9.777,0.032,0.931,0.028496,4.2995721571624115,11.273,11.258,9.784
62.339,-2.216,0.926,3.172,250.0,-1.432,0.133,11.202,11.196,9.227,0.011,0.931,0.01871,4.523162788875821,11.203,11.198,9.231
63.923,0.013,0.951,4.294,250.0,-1.113,-0.326,11.359,11.342,9.906,0.035,0.967,0.043803,4.796107052188432,11.367,11.35,9.93
26.374,-2.975,0.876,4.575,250.0,-0.058,-0.926,11.706,11.664,10.669,0.092,0.918,0.040559,18.57682578983869,11.675,11.637,10.604
39.215,-0.321,0.988,3.432,250.0,-1.6,-0.619,11.427,11.415,9.828,0.025,0.999,0.003123,3.531617972428524,11.424,11.413,9.82
81.28,0.179,0.763,6.047,224.12,-0.246,0.417,11.183,11.117,10.325,0.139,0.828,0.016924,8.970430346160878,11.219,11.139,10.438
85.23,0.124,0.72,5.631,154.361,-0.0,0.47,10.979,10.973,9.064,0.012,0.725,0.027824,3.2560446151683173,10.996,10.989,9.127
68.954,-0.47,0.833,4.164,250.0,-1.249,0.939,11.43,11.395,10.316,0.077,0.867,0.026588,11.282234254995725,11.472,11.43,10.429
49.246,-0.895,-0.074,5.794,58.083,-1.592,-0.976,11.278,10.508,11.197,0.83,0.696,0.015374,6.23052765194508,11.222,10.461,11.14
18.803,0.01,0.899,6.945,250.0,-0.0,0.299,12.243,11.666,12.109,0.735,1.476,0.001634,9.76706079929184,12.068,11.612,11.88
74.291,0.578,0.941,4.927,250.0,-0.338,1.198,11.158,11.139,9.782,0.042,0.96,0.040639,8.686231056072009,11.287,11.26,10.074
49.453,0.113,0.544,4.845,133.203,-0.293,0.965,10.957,10.953,8.94,0.01,0.549,0.0379,4.026588420329528,10.939,10.935,8.877
28.835,-0.18,0.835,4.541,250.0,-1.373,-0.602,11.666,11.578,10.93,0.184,0.923,0.02987,5.808824030723387,11.653,11.567,10.904
73.128,0.257,0.916,4.235,250.0,-1.418,0.795,11.219,11.164,10.285,0.117,0.97,0.044301,5.590629136578055,11.257,11.198,10.357
8.246,-1.118,0.737,4.578,250.0,-1.6,0.495,11.675,11.339,11.407,0.539,1.073,0.015694,5.886910881660099,11.598,11.281,11.312
70.013,-1.845,0.518,4.444,107.133,-1.536,-0.812,10.886,10.827,9.991,0.127,0.578,0.020075,7.251126304719249,10.922,10.857,10.062
2.574,-0.355,1.242,5.725,250.0,-0.876,-1.249,11.886,11.626,11.541,0.451,1.503,0.042894,3.943531925503169,11.737,11.548,11.285
85.016,-0.268,0.935,4.337,250.0,-0.756,-0.229,11.605,11.597,9.817,0.016,0.942,0.026171,8.485035239500233,11.635,11.626,9.907
18.527,-0.017,0.706,5.425,250.0,-0.439,1.44,11.469,11.425,10.45,0.096,0.75,0.03451,5.295485482792724,11.433,11.396,10.337
78.492,-0.197,0.97,4.61,250.0,-0.863,0.097,11.652,11.636,10.143,0.031,0.984,0.030201,7.272090638754229,11.657,11.641,10.158
85.365,0.155,0.734,6.074,88.122,-0.158,0.508,10.781,10.767,9.247,0.029,0.746,0.056074,5.213503243864136,10.8,10.784,9.334
83.75,0.357,0.779,4.304,250.0,-0.751,-1.164,11.337,11.327,9.673,0.022,0.788,0.031731,8.993858158529237,11.379,11.367,9.805
41.103,0.271,1.439,4.647,250.0,-1.6,1.133,11.868,11.801,11.021,0.142,1.505,0.030719,6.131992071868413,11.808,11.743,10.947
86.055,0.124,0.769,4.828,239.635,-1.463,-0.379,11.422,11.151,11.086,0.463,1.039,0.021334,13.796423284983383,11.447,11.167,11.122
44.208,0.564,0.605,5.397,88.18,-1.171,-1.033,11.008,10.806,10.579,0.372,0.807,0.041318,5.780555803295324,10.98,10.782,10.545
3.024,-2.797,0.993,3.767,250.0,-1.398,1.003,11.765,11.749,10.292,0.034,1.008,0.037407,6.520037365387708,11.723,11.709,10.185
19.672,-2.059,0.286,6.323,175.656,-1.149,-0.858,11.773,10.735,11.731,0.908,1.324,0.006708,2.1706792376230273,11.631,10.683,11.578
59.333,0.104,0.848,4.865,250.0,-0.743,-0.959,11.367,11.356,9.728,0.023,0.858,0.058667,2.956720701829879,11.372,11.361,9.742
3.079,-2.54,0.934,3.529,202.837,-0.478,-1.233,11.133,11.132,7.96,0.001,0.935,0.056162,3.4971973682977686,11.096,11.095,7.801
71.429,0.427,0.878,4.944,179.083,-1.336,-1.207,11.109,11.034,10.301,0.156,0.952,0.025335,5.546461569156075,11.133,11.054,10.347
53.4,0.221,0.993,4.408,250.0,-0.067,1.063,11.617,11.614,9.456,0.007,0.996,0.065898,5.965161431443354,11.607,11.604,9.43
85.581,-0.516,0.872,3.221,250.0,-1.548,0.678,11.275,11.264,9.644,0.023,0.882,0.033203,8.667400209328074,11.294,11.283,9.692
82.799,0.269,0.793,6.616,250.0,-0.0,-34.799,11.388,11.279,10.729,0.219,0.901,0.000235,6.899339202593235,11.398,11.285,10.753
79.352,0.191,0.823,4.118,96.251,-1.167,1.074,10.684,10.675,8.964,0.019,0.831,0.025587,7.929358683961386,10.828,10.817,9.201
68.028,0.194,0.643,4.618,202.462,-1.598,-1.271,11.308,11.081,10.917,0.407,0.87,0.017023,9.378542929727866,11.334,11.099,10.955
76.794,0.035,0.854,5.41,250.0,-0.28,0.524,11.576,11.467,10.918,0.22,0.962,0.023292,13.1068356377295,11.612,11.491,10.995
49.366,-0.302,1.033,3.02,250.0,-1.409,-0.954,11.884,11.881,9.632,0.006,1.035,0.042057,6.003895411087563,11.848,11.846,9.573
71.068,0.072,0.867,3.744,250.0,-1.183,-0.739,11.192,11.184,9.285,0.012,0.872,0.030407,8.506796304210487,11.198,11.19,9.305
85.847,0.241,0.964,5.734,250.0,-0.184,0.615,11.239,11.206,10.093,0.071,0.997,0.028478,9.127098352883571,11.276,11.237,10.203
6.423,-0.256,0.851,4.468,250.0,-1.565,1.168,11.7,11.572,11.105,0.255,0.978,0.018544,7.404658774217974,11.692,11.565,11.091
80.007,-0.151,0.726,4.254,59.32,-1.25,0.8,10.607,10.603,8.505,0.008,0.729,0.024777,5.251113324389404,10.635,10.631,8.566
41.651,-0.007,0.376,5.433,59.903,-1.591,-0.991,10.999,10.584,10.789,0.616,0.791,0.027106,5.6532947491152115,10.965,10.551,10.753
62.404,0.211,0.801,4.206,250.0,-1.579,-0.977,11.354,11.3,10.411,0.114,0.853,0.044851,3.0647384352061855,11.369,11.315,10.437
85.976,0.346,0.795,3.847,250.0,-1.327,-1.005,11.363,11.343,10.006,0.044,0.815,0.029254,9.006638366219455,11.407,11.384,10.105
86.357,0.122,0.825,5.131,250.0,-1.202,-0.295,11.424,11.202,11.024,0.399,1.047,0.009154,13.584267328328556,11.451,11.219,11.067
70.018,0.397,0.898,6.249,185.945,-0.297,-1.077,11.086,11.052,9.946,0.073,0.931,0.018313,5.355482533554678,11.106,11.068,10.009
59.098,-0.292,0.66,4.563,243.565,-0.901,0.209,11.206,11.17,10.108,0.08,0.696,0.005272,10.975451075795654,11.206,11.17,10.109
64.606,-0.478,0.738,4.828,84.167,-1.521,0.877,10.831,10.74,10.106,0.189,0.829,0.028199,4.896105351118853,10.861,10.765,10.158
80.013,0.121,0.731,5.545,250.0,-0.449,0.914,11.214,11.185,10.013,0.063,0.759,0.025373,6.123763979730463,11.229,11.198,10.061
52.859,-2.825,0.599,4.202,123.927,-1.537,1.019,11.006,10.926,10.234,0.169,0.68,0.005201,17.74764793683911,10.995,10.915,10.22
18.262,0.178,0.966,7.387,55.969,-0.093,-0.917,10.931,10.705,10.539,0.405,1.192,0.016344,4.616423790238879,10.754,10.608,10.211
85.267,0.102,0.818,6.018,250.0,-0.153,0.564,11.195,11.163,10.041,0.07,0.85,0.005088,9.773369555987207,11.23,11.19,10.172
3.458,-0.054,0.771,5.368,223.105,-0.873,-1.964,11.285,11.167,10.66,0.237,0.889,0.013588,8.884759231033305,11.242,11.139,10.564
85.253,-0.023,0.823,4.815,241.098,-0.758,1.091,11.065,11.054,9.443,0.024,0.834,0.017198,3.3270787098980668,11.166,11.152,9.636
43.062,-0.683,0.906,5.857,250.0,-0.144,0.171,11.641,11.602,10.564,0.084,0.944,0.015113,6.958302545067337,11.641,11.602,10.564
3.425,-3.0,0.388,5.892,177.572,-1.114,-8.498,11.672,10.932,11.585,0.818,1.128,0.006629,3.0080637972752307,11.567,10.878,11.467
82.962,0.052,0.707,6.235,56.937,-0.028,0.927,10.597,10.587,8.91,0.021,0.716,0.023496,5.267104533599574,10.626,10.615,9.013
43.832,0.331,0.756,4.142,131.716,-1.028,-1.017,10.969,10.958,9.367,0.025,0.767,0.031141,5.742975357765627,10.943,10.933,9.325
60.276,0.142,0.793,4.107,250.0,-1.555,-0.936,11.341,11.302,10.272,0.085,0.832,0.043456,3.01920154760637,11.35,11.31,10.289
80.596,0.135,0.817,2.961,250.0,-1.105,-0.806,11.375,11.373,8.82,0.003,0.818,0.030512,8.92825309238612,11.41,11.408,8.916
86.055,0.12,0.873,5.943,250.0,-0.522,-0.336,11.41,11.253,10.891,0.303,1.03,0.007295,13.669129710990488,11.438,11.268,10.946
71.764,0.489,0.833,5.434,156.467,-1.206,-1.322,11.105,10.983,10.491,0.244,0.954,0.026601,5.433488055138348,11.133,11.003,10.541
27.515,0.153,0.694,4.825,250.0,-1.6,-1.119,11.617,11.277,11.351,0.542,1.034,0.020004,5.175158555004117,11.552,11.239,11.26
65.527,0.546,0.338,5.708,64.273,-1.567,-1.116,11.138,10.649,10.967,0.675,0.826,0.009642,11.40633014662508,11.159,10.662,10.992
59.97,0.1,0.886,4.858,250.0,-0.799,0.788,11.315,11.291,10.041,0.053,0.909,0.029666,7.441266643927432,11.33,11.304,10.088
75.316,0.232,0.962,3.673,250.0,-1.029,-0.981,11.061,11.05,9.469,0.026,0.973,0.034816,10.563416988702924,11.235,11.221,9.756
86.055,0.665,0.845,5.817,153.056,-1.017,-46.223,11.102,10.96,10.538,0.274,0.984,0.027877,3.2482031129997515,11.143,10.988,10.613
55.737,-0.236,0.559,4.376,242.761,-1.529,0.982,11.277,11.156,10.661,0.242,0.679,0.013785,6.414981474053685,11.285,11.162,10.674
18.266,0.533,0.002,5.613,58.642,-1.55,-1.996,11.221,10.516,11.126,0.803,0.707,0.028397,4.775230347420412,11.12,10.46,11.013
64.77,0.341,0.786,4.653,204.559,-1.287,0.977,11.161,11.078,10.402,0.174,0.869,0.019078,10.56856099071159,11.197,11.106,10.473
80.853,-0.027,0.853,4.689,140.918,-0.343,0.905,10.887,10.885,8.544,0.005,0.855,0.027284,9.211944603487176,10.968,10.965,8.775
45.966,-0.168,0.583,4.287,63.775,-0.89,1.053,10.689,10.687,8.318,0.004,0.585,0.044878,2.579069799391013,10.661,10.659,8.226
79.075,0.164,0.175,5.473,46.19,-1.202,-2098.515,10.654,10.522,10.075,0.263,0.307,0.047665,3.638537242662067,10.651,10.519,10.068
28.302,-1.987,0.93,5.136,250.0,-1.533,0.307,11.934,11.564,11.692,0.573,1.3,0.041841,4.488804226846573,11.872,11.526,11.61
46.947,0.476,0.173,4.709,67.028,-1.6,-1.516,10.787,10.573,10.378,0.39,0.387,0.029416,8.279384761096404,10.777,10.565,10.365
84.745,0.262,0.736,4.701,250.0,-1.582,-56.148,11.644,11.39,11.288,0.441,0.988,0.019579,7.426020656033652,11.654,11.396,11.302
80.043,-1.269,0.888,4.664,250.0,-1.6,0.377,11.518,11.337,11.048,0.34,1.068,0.027699,4.121331662652833,11.52,11.338,11.051
5.74,-0.259,0.996,4.176,250.0,-1.414,2.496,11.793,11.753,10.73,0.087,1.035,0.040195,5.615537316884069,11.785,11.746,10.716
69.068,0.364,0.963,3.382,250.0,-1.547,1.111,11.558,11.543,10.089,0.034,0.978,0.034353,7.371600773542622,11.637,11.621,10.183
37.41,0.252,0.737,6.488,99.835,-0.0,1.275,10.904,10.864,9.85,0.088,0.778,0.025691,6.5138098481670035,10.862,10.832,9.679
25.996,0.62,0.557,4.729,134.704,-1.554,-1.04,11.201,11.037,10.697,0.313,0.72,0.023812,5.757875537834931,11.09,10.942,10.552
85.23,0.096,0.948,5.328,250.0,-0.009,0.29,11.823,11.81,10.26,0.027,0.96,0.047439,6.6951387435008,11.842,11.827,10.35
32.007,0.614,0.014,5.53,64.229,-1.6,-1.208,11.282,10.677,11.158,0.752,0.619,0.019447,6.959823219239274,11.191,10.604,11.061
4.791,-0.485,0.827,4.77,250.0,-1.244,0.962,11.599,11.502,10.893,0.197,0.923,0.016449,6.076501820676444,11.589,11.495,10.872
60.904,-0.446,0.667,3.723,86.83,-1.271,-0.911,10.778,10.776,8.414,0.004,0.669,0.032557,4.207300338257134,10.78,10.778,8.419
85.23,0.174,0.577,5.346,92.358,-1.361,-0.437,10.98,10.782,10.543,0.366,0.775,0.009832,10.954410798608794,11.015,10.802,10.601
83.411,0.093,0.729,3.412,196.322,-1.148,0.58,11.078,11.075,8.761,0.005,0.731,0.029351,7.371121482557528,11.092,11.089,8.799
2.58,-2.701,0.749,6.195,250.0,-1.226,5.397,12.918,11.469,12.903,0.964,2.198,0.022339,4.328668495424112,12.724,11.411,12.702
72.05,0.625,0.795,4.116,160.4,-1.547,1.013,10.933,10.837,10.231,0.198,0.891,0.016843,15.911990897907131,11.113,11.012,10.431
68.966,0.543,0.714,5.28,82.161,-1.12,1.024,10.786,10.717,9.955,0.147,0.783,0.020179,9.007525499178834,10.836,10.757,10.053
37.931,0.018,0.942,4.291,250.0,-1.473,-1.388,11.702,11.635,10.856,0.143,1.009,0.037302,7.277479661406569,11.695,11.628,10.844
31.208,0.235,0.553,3.864,123.386,-1.289,-1.174,10.961,10.954,9.161,0.016,0.56,0.039929,3.3180779733536365,10.913,10.906,9.045
82.798,0.067,0.968,4.447,250.0,-1.6,-2.334,11.984,11.816,11.49,0.321,1.136,0.040668,11.87314772228156,11.995,11.824,11.506
36.611,-3.0,1.121,2.485,250.0,-1.454,0.139,11.697,11.696,9.0,0.002,1.122,0.026663,4.1867832749833,11.672,11.671,8.95
59.834,-0.332,0.622,4.875,52.093,-1.523,1.0,10.626,10.577,9.65,0.106,0.67,0.021561,6.397562170176993,10.629,10.58,9.656
86.353,0.334,0.958,5.823,58.102,-0.602,-0.681,10.598,10.575,9.293,0.05,0.98,0.035237,6.221474666856905,10.653,10.623,9.469
23.266,0.496,0.737,6.141,246.917,-0.062,-12.978,11.213,11.167,10.211,0.099,0.782,0.080886,2.302955332854856,11.178,11.14,10.096
81.642,0.248,1.058,3.924,250.0,-1.52,-1.268,11.165,11.108,10.254,0.123,1.115,0.032513,11.882443944234344,11.263,11.197,10.412
2.627,-1.255,1.025,5.378,250.0,-1.281,-1.561,11.812,11.457,11.558,0.558,1.38,0.018326,4.094871046387216,11.677,11.385,11.366
86.07,0.47,0.753,6.254,158.51,-0.141,-1.201,10.91,10.879,9.747,0.069,0.784,0.029477,7.166405323147183,11.067,11.007,10.177
36.683,-0.143,0.67,4.11,40.754,-1.012,-0.951,10.576,10.57,8.715,0.014,0.676,0.025628,10.93633032146082,10.485,10.479,8.569
66.066,0.491,0.413,5.284,75.035,-1.586,1.027,11.127,10.661,10.945,0.658,0.878,0.034211,8.189001142932005,11.193,10.716,11.017
74.789,-0.04,0.849,4.218,79.736,-1.144,1.0,10.63,10.614,9.174,0.035,0.865,0.022528,15.5763106908603,10.765,10.746,9.396
26.174,-0.528,0.642,3.17,109.77,-1.6,-1.333,10.908,10.904,8.86,0.009,0.646,0.0445,3.85587923062925,10.867,10.863,8.771
83.132,-0.33,1.022,5.552,250.0,-0.794,-0.495,12.216,11.818,11.993,0.599,1.419,0.026064,21.163978461529744,12.271,11.847,12.065
3.368,0.001,0.679,4.774,250.0,-1.567,-4.874,11.902,11.496,11.685,0.607,1.085,0.026464,6.550528050541992,11.858,11.469,11.63
66.908,-0.146,0.884,4.517,250.0,-0.104,0.488,11.417,11.416,8.91,0.003,0.885,0.050561,3.775417307079161,11.417,11.415,8.908
27.212,-2.752,1.043,7.045,250.0,-0.001,-1.259,11.802,11.523,11.477,0.473,1.321,0.001649,6.556952874707315,11.795,11.521,11.465
74.938,-2.161,0.92,3.78,206.143,-1.47,-0.972,11.01,10.98,9.832,0.066,0.95,0.018288,9.547130914535416,11.14,11.104,10.045
65.15,0.085,0.893,5.234,250.0,-0.858,0.447,11.494,11.435,10.586,0.124,0.95,0.016677,8.09052846721981,11.51,11.447,10.628
49.227,-2.748,0.839,3.55,250.0,-0.451,-1.035,11.459,11.457,8.842,0.002,0.84,0.020955,8.043590861832602,11.464,11.462,8.863
70.334,0.068,0.952,4.691,250.0,-0.559,-0.703,11.699,11.687,10.073,0.024,0.962,0.062524,5.39602347076694,11.703,11.692,10.091
53.278,0.488,0.88,5.547,250.0,-0.15,-1.001,11.472,11.44,10.312,0.069,0.911,0.041696,5.384559297317815,11.454,11.425,10.265
2.901,-2.142,0.998,4.501,250.0,-1.6,-1.165,11.765,11.569,11.324,0.362,1.193,0.020067,3.954759984574036,11.705,11.526,11.233
79.6,0.023,1.039,4.411,250.0,-1.008,0.633,11.762,11.746,10.291,0.034,1.054,0.060866,5.224266263496674,11.776,11.759,10.325
50.524,0.544,0.747,5.315,86.088,-0.674,-1.153,10.809,10.783,9.553,0.055,0.771,0.036954,5.966102106935851,10.798,10.775,9.518
77.625,0.137,0.835,6.204,129.919,-0.209,-0.139,10.947,10.914,9.795,0.071,0.867,0.027841,5.709314870571913,10.97,10.932,9.875
70.621,0.266,0.532,5.563,102.373,-0.343,-1.123,10.819,10.789,9.629,0.065,0.561,0.021162,8.357156598186254,10.883,10.841,9.844
18.21,-0.515,0.481,6.152,41.189,-1.452,0.937,11.331,10.607,11.24,0.811,1.204,0.007297,13.68656253782793,11.172,10.484,11.073
70.895,-0.019,0.791,4.46,141.961,-1.439,-0.942,10.973,10.928,9.965,0.098,0.836,0.027337,7.48247803954976,11.019,10.965,10.084
86.651,0.288,1.379,3.577,143.63,-1.359,-1.119,10.687,10.676,9.098,0.026,1.39,0.041583,16.858881545774857,10.985,10.972,9.449
2.566,-2.392,1.279,2.445,250.0,-1.329,-1.809,11.692,11.691,8.914,0.002,1.28,0.029204,6.289568138574482,11.605,11.605,8.709
52.891,-1.602,0.701,2.014,250.0,-1.385,0.968,11.228,11.228,8.147,0.001,0.701,0.013506,12.189816610354264,11.223,11.222,8.135
41.233,-0.071,0.764,5.298,182.592,-0.645,0.998,11.228,11.128,10.539,0.204,0.864,0.022081,8.215970350671501,11.14,11.057,10.384
82.69,0.016,0.89,4.016,82.303,-1.45,-0.98,10.541,10.525,9.107,0.037,0.906,0.035299,6.2647887925900925,10.774,10.756,9.382
39.018,0.567,0.443,4.67,68.741,-1.349,-1.178,10.764,10.711,9.828,0.116,0.497,0.035634,4.616618713907148,10.732,10.683,9.754
45.657,-2.866,0.585,5.165,40.757,-1.568,-0.899,10.749,10.535,10.34,0.39,0.799,0.035171,7.764434985194524,10.691,10.482,10.273
78.301,0.483,0.897,5.247,134.53,-0.672,1.037,10.811,10.783,9.592,0.06,0.924,0.025404,6.353762842216313,10.99,10.942,10.013
82.804,0.113,0.85,4.05,250.0,-0.62,0.354,11.249,11.245,8.939,0.005,0.853,0.008,6.720954804549997,11.266,11.262,9.0
2.566,-2.34,1.222,5.862,250.0,-1.558,-2.743,12.569,11.727,12.501,0.856,2.064,0.037102,2.6791547453649303,12.405,11.649,12.321
80.043,0.036,0.702,4.532,250.0,-1.6,0.29,11.574,11.333,11.203,0.425,0.943,0.031792,5.043779833607546,11.581,11.338,11.211
42.58,-0.072,0.736,5.12,146.194,-1.348,-1.121,11.155,11.002,10.625,0.296,0.888,0.030316,3.554630853280086,11.107,10.969,10.54
77.026,0.371,0.83,5.699,141.345,-0.233,-1.023,10.881,10.827,9.945,0.116,0.884,0.029268,7.871570540484105,11.052,10.959,10.336
79.67,0.005,0.747,5.318,250.0,-0.682,-0.524,11.199,11.173,9.93,0.054,0.771,0.015679,2.1571206609962226,11.204,11.178,9.954
20.151,0.12,1.045,4.955,250.0,-1.6,3.666,11.845,11.423,11.638,0.621,1.467,0.000795,4.826340733272583,11.865,11.436,11.662
58.186,0.463,0.6,3.995,250.0,-1.6,2.14,11.416,11.295,10.802,0.243,0.721,0.053824,6.479613666203871,11.444,11.318,10.844
86.103,0.129,0.847,3.794,91.338,-1.525,0.578,10.775,10.769,8.894,0.013,0.853,0.047816,6.36404417599363,10.805,10.798,8.958
60.634,0.302,0.887,4.669,250.0,-1.366,-1.342,11.336,11.244,10.615,0.19,0.978,0.03749,3.929790325498395,11.354,11.258,10.648
79.222,-1.381,0.865,3.922,250.0,-1.523,-0.3,11.509,11.471,10.423,0.082,0.902,0.017995,8.82584938484671,11.513,11.474,10.432
75.807,0.153,0.812,5.033,138.73,-1.474,1.125,11.046,10.937,10.386,0.219,0.919,0.016813,3.250213921223379,11.066,10.953,10.42
85.914,0.191,0.817,4.617,195.124,-1.127,0.925,11.058,11.027,9.883,0.067,0.847,0.034021,4.33685916920863,11.113,11.078,9.999
62.424,0.171,0.93,2.675,250.0,-0.861,0.243,11.536,11.535,8.259,0.001,0.93,0.041673,4.245946843908437,11.546,11.545,8.289
85.666,0.248,0.856,5.385,250.0,-0.378,0.499,11.399,11.377,10.072,0.047,0.877,0.03084,6.477280339924643,11.441,11.414,10.208
64.164,-0.278,0.832,3.082,122.154,-1.236,0.95,10.891,10.89,8.274,0.002,0.833,0.032304,4.728027483533919,10.906,10.905,8.307
32.136,0.623,0.709,6.114,83.072,-0.528,-1.309,10.876,10.788,10.137,0.182,0.797,0.039057,3.512764574815373,10.831,10.76,10.01
18.409,0.004,0.325,5.926,188.967,-0.0,-4.216,11.447,11.118,11.173,0.531,0.654,0.031666,6.470262505633,11.306,11.05,10.956
79.966,-0.169,0.639,6.352,250.0,-0.0,-0.726,11.535,11.141,11.31,0.596,1.032,0.024451,6.076748761794644,11.564,11.158,11.346
36.779,0.665,0.892,4.941,250.0,-0.861,-0.992,11.381,11.314,10.54,0.144,0.959,0.041757,3.2274924895961994,11.329,11.278,10.374
85.985,0.21,0.974,5.017,219.779,-1.192,-0.539,11.402,11.088,11.114,0.515,1.288,0.010847,15.639620951421096,11.472,11.13,11.207
43.901,0.083,0.859,3.997,250.0,-1.481,,11.446,11.41,10.335,0.078,0.894,0.079613,3.282459455847736,11.449,11.413,10.342
3.474,-2.893,1.056,4.561,190.523,-1.038,0.65,11.122,11.105,9.696,0.038,1.072,0.034312,3.2586528983377416,11.086,11.07,9.605
2.851,-0.115,1.019,5.018,250.0,-1.104,1.531,11.667,11.531,11.095,0.268,1.155,0.043543,3.3960798816802273,11.594,11.482,10.946
41.138,0.422,0.834,3.799,149.444,-1.087,0.988,11.055,11.045,9.412,0.023,0.844,0.021969,12.524794150728132,10.995,10.986,9.287
65.854,-0.441,0.739,2.311,186.941,-1.6,1.39,11.045,11.042,8.905,0.007,0.742,0.053167,9.27142409077911,11.061,11.058,8.921
49.093,0.287,0.696,5.366,96.641,-1.558,1.272,11.149,10.839,10.857,0.51,1.006,0.019587,7.3892762366063085,11.114,10.819,10.806
2.568,-2.673,1.196,6.956,250.0,-0.903,-4.882,13.043,11.578,13.028,0.966,2.661,0.011702,2.860078984530933,12.802,11.516,12.779
37.899,-0.0,0.937,5.043,250.0,-0.796,0.451,11.267,11.222,10.254,0.097,0.981,0.048741,4.883745593043169,11.263,11.219,10.245
69.141,-2.26,0.847,3.771,218.528,-1.591,-0.933,11.122,11.079,10.099,0.095,0.89,0.01625,14.146043714663024,11.181,11.132,10.208
75.013,0.363,0.752,5.313,97.759,-1.319,-1.01,10.854,10.775,10.07,0.165,0.831,0.024422,3.078475110003972,10.911,10.821,10.176
76.679,0.392,0.464,5.033,149.485,-1.578,,11.315,10.985,11.04,0.531,0.794,0.018251,8.407312795528165,11.313,10.984,11.038
31.607,0.289,0.421,4.778,169.303,-1.564,-1.359,11.391,11.082,11.097,0.509,0.73,0.040424,3.781902951563855,11.308,11.01,11.003
2.631,-1.058,0.928,4.888,250.0,-1.6,0.936,12.119,11.704,11.908,0.615,1.343,0.032805,5.1007761518549986,12.002,11.634,11.759
18.23,-2.978,0.703,6.18,55.903,-1.092,0.946,11.27,10.692,11.137,0.736,1.281,0.030378,6.677096248306478,11.146,10.602,11.0
77.932,0.092,0.715,5.186,250.0,-0.633,0.473,11.308,11.279,10.089,0.061,0.742,0.003368,9.69906139891894,11.323,11.293,10.137
85.886,-1.044,0.77,4.011,185.968,-0.899,-0.859,11.026,11.022,8.932,0.008,0.773,0.024618,7.202525098549677,11.072,11.067,9.09
33.403,-0.0,0.861,4.945,250.0,-1.147,-0.207,11.544,11.427,10.914,0.235,0.977,0.022201,5.876705686354944,11.531,11.417,10.889
18.43,-0.857,0.364,5.304,225.372,-1.579,0.982,12.18,11.227,12.128,0.889,1.316,0.021455,6.3956475142461775,12.03,11.118,11.973
38.916,0.284,0.949,4.514,69.131,-1.029,-0.578,10.72,10.712,8.95,0.017,0.956,0.037821,6.920087884162235,10.697,10.69,8.861
53.766,0.328,0.719,5.804,142.713,-0.838,-1.148,11.103,10.973,10.513,0.257,0.848,0.008136,8.713866579209784,11.097,10.969,10.502
81.421,0.063,0.703,5.22,242.178,-0.885,0.805,11.212,11.151,10.321,0.129,0.763,0.018966,6.005727672378162,11.229,11.165,10.363
18.313,-0.112,0.893,4.887,250.0,-1.6,0.585,12.124,11.721,11.905,0.604,1.295,0.015015,8.010216584134604,12.124,11.721,11.905
36.202,0.49,0.699,6.229,100.281,-0.126,1.173,10.904,10.868,9.801,0.079,0.735,0.02715,4.597792508282491,10.86,10.832,9.65
56.938,-0.409,0.541,5.136,56.171,-1.531,-0.972,10.756,10.583,10.273,0.328,0.714,0.031078,5.320440116838633,10.748,10.576,10.263
41.601,0.2,0.775,4.212,91.106,-1.39,0.302,10.817,10.803,9.31,0.031,0.789,0.025326,8.21572693537765,10.811,10.797,9.293
86.217,0.368,0.757,5.108,59.976,-1.153,-1.24,10.591,10.554,9.502,0.082,0.794,0.029377,7.700980503266978,10.685,10.635,9.718
82.799,0.065,0.584,5.858,65.727,-0.947,1.517,10.811,10.662,10.275,0.291,0.734,0.008383,7.213378175453648,10.826,10.671,10.301
62.923,-2.74,0.638,5.649,122.794,-0.37,-1.014,10.99,10.879,10.34,0.224,0.748,0.011642,14.693363680949147,11.035,10.911,10.429
18.935,0.097,0.725,3.356,190.119,-1.6,3.021,11.113,11.097,9.677,0.037,0.741,0.045002,5.131716763438045,11.08,11.065,9.624
38.005,-0.865,0.59,2.977,101.43,-1.598,1.065,10.869,10.866,8.765,0.008,0.593,0.027311,6.996523899039062,10.839,10.836,8.713
85.301,0.251,0.999,3.151,250.0,-1.591,0.123,11.524,11.515,9.806,0.019,1.007,0.062266,7.578267590518143,11.562,11.553,9.88
36.635,0.444,0.769,4.028,91.179,-0.975,-0.922,10.855,10.847,9.124,0.019,0.777,0.033301,6.822372036291371,10.803,10.795,9.039
69.35,-0.294,0.845,3.643,250.0,-0.423,1.208,11.252,11.25,8.996,0.006,0.847,0.047836,8.238786297360615,11.307,11.304,9.101
82.758,0.102,0.747,3.038,250.0,-1.487,-1.308,11.384,11.378,9.546,0.015,0.753,0.03865,6.920884872066142,11.398,11.391,9.573
83.602,0.216,0.915,3.71,250.0,-1.009,0.733,11.376,11.373,9.124,0.006,0.917,0.051922,4.183823959122718,11.425,11.422,9.27
56.198,0.433,0.347,4.522,147.579,-1.573,-1.704,11.338,10.978,11.089,0.564,0.707,0.025853,15.300144441182228,11.335,10.975,11.085
60.099,-2.746,0.748,4.779,61.788,-1.41,-0.936,10.702,10.629,9.893,0.155,0.821,0.028133,6.204396406078663,10.721,10.647,9.918
66.373,-0.665,0.96,3.59,250.0,-1.306,-0.122,11.259,11.25,9.586,0.021,0.97,0.040388,5.616010807020016,11.268,11.258,9.607
32.966,0.152,0.645,6.916,43.057,-0.049,-0.715,10.645,10.56,9.896,0.178,0.73,0.03053,4.274012081884823,10.564,10.503,9.68
3.0,-0.204,0.763,4.839,209.148,-1.43,-1.304,11.344,11.154,10.891,0.353,0.952,0.023068,7.996434127132674,11.282,11.115,10.785
48.906,0.305,0.834,6.979,47.383,-0.232,1.065,10.591,10.554,9.477,0.077,0.868,0.023547,3.1967449220935147,10.575,10.542,9.423
83.286,0.186,0.727,4.628,203.332,-1.44,0.643,11.184,11.077,10.519,0.216,0.833,0.006945,9.995801097205682,11.221,11.104,10.592
49.067,-0.519,0.688,3.984,151.575,-1.458,-0.988,11.039,10.971,10.204,0.146,0.757,0.040123,15.057688002145422,11.07,10.988,10.305
82.648,0.088,0.865,3.413,137.654,-0.987,-1.05,10.818,10.817,8.289,0.003,0.867,0.030188,7.880638878854911,10.955,10.953,8.524
68.922,0.338,0.922,5.236,154.335,-0.595,1.409,11.01,10.982,9.804,0.062,0.95,0.032419,9.29342085613099,11.029,10.998,9.856
20.599,-0.919,1.146,3.755,158.381,-0.799,0.42,11.009,11.007,8.499,0.003,1.147,0.024142,8.434792551962714,11.011,11.009,8.506
85.23,0.155,0.63,4.691,206.523,-1.456,0.127,11.345,11.082,11.003,0.455,0.894,0.011029,11.44125236198715,11.382,11.104,11.055
23.387,0.056,0.694,4.544,99.772,-0.963,-4.315,10.844,10.834,9.177,0.022,0.704,0.020247,6.907039004951949,10.842,10.831,9.171
81.057,0.523,0.695,5.282,101.552,-1.215,-1.059,10.9,10.729,10.413,0.325,0.866,0.014838,11.67498438889495,11.051,10.838,10.639
85.144,0.113,0.788,4.663,250.0,-1.274,1.003,11.203,11.141,10.317,0.13,0.849,0.015641,6.700340770679114,11.268,11.194,10.456
25.849,0.596,0.825,5.475,190.998,-0.203,0.974,11.158,11.146,9.586,0.027,0.837,0.026916,4.7789972088702655,11.082,11.075,9.301
2.791,-0.397,0.964,5.915,250.0,-0.105,1.61,11.904,11.825,11.12,0.165,1.042,0.032923,4.90691204552601,11.819,11.766,10.875
77.881,0.126,0.755,5.187,77.067,-1.586,1.068,10.81,10.677,10.231,0.264,0.888,0.016392,6.387322715803541,10.885,10.732,10.355
85.379,0.224,0.813,5.991,207.681,-0.113,0.69,11.112,11.086,9.851,0.055,0.838,0.020059,10.145993565618618,11.143,11.113,9.96
86.749,-3.0,0.715,6.382,250.0,-0.0,-0.953,11.291,11.178,10.646,0.227,0.827,0.013688,6.249113937161405,11.486,11.273,11.075
84.399,0.3,0.903,3.413,250.0,-0.988,-0.105,11.325,11.322,8.919,0.004,0.904,0.127599,5.052175997700816,11.369,11.366,9.04
76.484,0.188,0.731,5.213,92.381,-1.248,1.028,10.791,10.736,9.861,0.118,0.785,0.02535,3.4565188078318507,10.865,10.8,10.004
84.436,0.412,0.922,3.89,123.473,-1.354,-1.105,10.754,10.744,9.115,0.023,0.932,0.027142,11.227322695084062,10.928,10.914,9.427
26.911,-0.025,0.578,3.59,248.328,-0.987,-0.827,11.243,11.24,9.153,0.008,0.581,0.027297,6.011766117311038,11.175,11.172,8.98
85.581,0.197,0.769,5.932,250.0,-0.0,-0.165,11.286,11.207,10.503,0.165,0.847,0.01554,6.7449371153414965,11.333,11.237,10.627
86.693,0.441,1.22,4.356,208.502,-0.408,-1.1,10.772,10.768,8.723,0.009,1.224,0.032707,19.529980485378637,11.123,11.116,9.333
2.793,-0.02,0.986,6.049,250.0,-0.11,2.012,11.9,11.79,11.249,0.223,1.096,0.060737,4.793375936265141,11.81,11.733,11.012
82.799,0.434,0.912,6.076,250.0,-0.491,,11.531,11.422,10.868,0.218,1.019,0.03435,6.083059360969171,11.537,11.426,10.881
59.884,0.35,0.86,2.585,77.068,-1.417,0.974,10.723,10.722,7.656,0.001,0.861,0.021889,8.08883227732999,10.733,10.732,7.674
80.356,0.018,0.759,6.114,250.0,-0.21,0.251,11.487,11.422,10.62,0.136,0.823,0.014641,9.04762220751809,11.509,11.436,10.689
26.712,0.139,0.131,5.872,41.764,-1.528,1.027,10.974,10.549,10.769,0.624,0.557,0.017923,5.516655774590242,10.88,10.491,10.652
85.824,0.38,0.693,5.268,72.205,-0.709,0.91,10.651,10.638,9.112,0.029,0.706,0.03976,5.717783847826446,10.725,10.707,9.331
67.387,0.033,0.742,4.876,250.0,-0.319,-0.786,11.361,11.347,9.837,0.03,0.756,0.048077,7.298726927607885,11.365,11.351,9.854
42.852,-0.591,1.066,3.416,250.0,-1.585,0.73,11.768,11.76,10.001,0.017,1.073,0.041142,6.260392072003688,11.768,11.76,10.001
3.113,-0.862,0.91,5.485,250.0,-0.027,3.567,11.67,11.658,10.047,0.024,0.92,0.052953,2.9437323475233,11.61,11.602,9.826
46.316,-0.252,0.531,4.697,99.848,-1.528,-0.958,10.921,10.859,10.044,0.133,0.593,0.023614,6.319704256568913,10.89,10.832,9.985
75.066,0.495,0.795,3.111,194.368,-1.36,-1.348,11.026,11.023,8.751,0.005,0.797,0.016699,10.372267470805934,11.091,11.087,8.889
77.133,0.443,0.837,5.854,107.251,-0.552,-1.124,10.8,10.767,9.654,0.072,0.869,0.030871,6.341142631728526,10.907,10.859,9.926
36.815,0.441,0.748,5.41,250.0,-0.505,-1.315,11.347,11.305,10.31,0.092,0.79,0.058524,3.125681006223581,11.318,11.28,10.23
2.585,-1.178,1.019,2.755,99.751,-1.6,-6.063,10.907,10.906,8.278,0.002,1.02,0.031179,4.042840300846342,10.833,10.832,8.111
56.042,0.457,0.824,3.839,250.0,-1.177,-1.031,11.386,11.372,9.88,0.031,0.838,0.035652,5.731756371601871,11.381,11.367,9.871
55.657,0.408,0.467,5.025,123.48,-0.761,-1.133,10.919,10.904,9.421,0.032,0.481,0.043545,2.650890514038358,10.919,10.905,9.423
74.921,0.361,0.547,5.821,79.143,-0.338,-1.062,10.689,10.645,9.675,0.097,0.591,0.017945,8.910945132711829,10.808,10.742,9.953
45.486,-0.62,0.591,4.644,77.699,-1.412,0.933,10.853,10.788,9.996,0.139,0.656,0.036986,4.622102092371216,10.795,10.734,9.916
82.232,-0.288,0.81,4.587,79.011,-1.6,0.344,10.754,10.67,10.0,0.176,0.894,0.040572,6.629380770843162,10.848,10.741,10.188
31.651,0.566,0.664,5.235,133.761,-1.533,-0.915,11.262,10.994,10.925,0.46,0.932,0.017652,5.0615206147238405,11.173,10.942,10.789
31.824,-0.03,0.754,6.336,75.038,-0.647,0.861,10.87,10.768,10.19,0.209,0.856,0.026091,4.654334853051759,10.802,10.722,10.023
84.745,0.139,0.894,4.837,250.0,-0.972,-0.405,11.613,11.53,10.848,0.172,0.976,0.037214,12.785644975069,11.634,11.545,10.897
2.827,-0.002,0.519,5.648,43.794,-1.552,-2.138,10.964,10.557,10.749,0.609,0.926,0.030028,7.590404648279897,10.877,10.51,10.633
3.015,-0.117,0.83,5.292,250.0,-0.233,2.679,11.564,11.521,10.532,0.093,0.873,0.053215,8.69734748295046,11.519,11.487,10.366
36.752,0.542,0.702,2.719,250.0,-1.294,1.027,11.337,11.334,9.085,0.006,0.705,0.032629,8.94300569880374,11.254,11.252,8.954
43.8,-0.053,0.934,5.307,250.0,-0.269,-0.868,11.493,11.461,10.328,0.068,0.965,0.061209,5.501339801951324,11.5,11.468,10.353
60.901,-0.047,0.438,5.393,250.0,-0.596,0.666,11.347,11.244,10.669,0.21,0.54,0.016019,7.024262129624744,11.354,11.249,10.684
86.481,0.278,0.787,5.765,170.383,-0.716,0.981,11.032,10.985,10.031,0.1,0.833,0.022327,7.226466096065112,11.096,11.037,10.194
86.357,-3.0,0.996,6.012,250.0,-1.174,0.489,12.616,11.978,12.502,0.769,1.633,0.011749,8.470568132812824,12.691,12.022,12.586
35.773,0.198,0.385,4.197,55.485,-1.132,-1.159,10.633,10.627,8.711,0.012,0.39,0.050314,3.2959839585513424,10.611,10.606,8.655
85.855,-0.622,1.004,4.63,194.392,-1.019,0.993,10.856,10.82,9.757,0.08,1.04,0.038599,7.004244715345667,11.126,11.079,10.141
59.533,0.528,0.829,4.971,191.567,-0.007,0.951,11.061,11.056,9.126,0.012,0.834,0.037304,6.353161996363293,11.077,11.072,9.175
52.772,-0.657,0.608,3.778,49.113,-1.47,0.68,10.563,10.559,8.412,0.007,0.611,0.051199,3.2323666486467126,10.561,10.558,8.409
49.461,-0.102,0.889,3.914,250.0,-1.357,-0.836,11.712,11.695,10.289,0.038,0.906,0.039911,4.422824790277989,11.686,11.67,10.23
65.548,0.532,0.508,4.939,152.347,-1.274,0.889,11.099,10.972,10.501,0.252,0.635,0.018938,12.081228396440354,11.133,10.994,10.567
2.661,-2.917,0.961,4.817,250.0,-1.567,-1.927,11.759,11.505,11.405,0.442,1.215,0.017848,2.8775249657333384,11.659,11.442,11.251
69.87,0.423,0.692,5.227,250.0,-0.891,1.08,11.284,11.206,10.498,0.164,0.77,0.027089,7.0538231403758305,11.348,11.249,10.657
61.095,0.06,0.843,4.912,250.0,-1.099,-1.153,11.296,11.223,10.48,0.153,0.915,0.026117,6.970899879121992,11.306,11.231,10.501
82.799,0.044,0.831,6.553,202.954,-0.0,-0.286,11.185,11.089,10.475,0.195,0.926,0.011861,9.575423487299837,11.209,11.102,10.544
74.527,0.239,0.744,4.633,250.0,-1.492,-1.809,11.599,11.431,11.104,0.32,0.912,0.04041,6.044028095405277,11.616,11.442,11.133
38.742,0.333,0.473,3.776,58.444,-1.02,-1.501,10.658,10.654,8.596,0.009,0.477,0.042471,5.763260621511564,10.63,10.626,8.536
85.581,0.206,0.794,6.395,151.935,-0.0,0.37,11.012,10.971,9.952,0.087,0.834,0.032489,7.029451424810403,11.04,10.991,10.053
82.915,0.393,0.603,6.431,86.1,-0.048,-1.114,10.73,10.698,9.577,0.07,0.635,0.019564,6.220054912613984,10.826,10.775,9.87
81.86,0.096,0.888,3.558,250.0,-1.481,0.564,11.204,11.193,9.554,0.022,0.898,0.053096,3.964526013584511,11.222,11.21,9.592
41.106,-1.162,0.845,2.904,250.0,-1.525,1.07,11.356,11.351,9.373,0.01,0.849,0.035377,5.370543275349112,11.291,11.287,9.271
52.065,0.132,0.713,5.83,222.944,-0.108,0.22,11.145,11.128,9.711,0.037,0.73,0.038006,3.800082613509459,11.142,11.126,9.7
52.808,-1.045,0.621,3.903,54.089,-1.592,-1.001,10.609,10.604,8.635,0.011,0.626,0.04222,2.6685899381182496,10.601,10.596,8.617
74.603,-0.038,0.875,4.36,81.183,-1.578,-0.98,10.61,10.559,9.653,0.11,0.926,0.038535,6.402335432916863,10.803,10.751,9.85
39.33,0.497,0.687,5.146,250.0,-0.141,-1.689,11.246,11.235,9.606,0.023,0.697,0.044583,4.328315266499857,11.222,11.213,9.513
76.912,-0.118,0.784,4.581,200.183,-0.513,-0.567,11.077,11.073,9.033,0.009,0.788,0.04631,4.543912053330133,11.093,11.088,9.097
57.763,0.366,0.561,6.27,54.386,-0.06,0.778,10.609,10.592,9.203,0.039,0.578,0.036461,4.775031798844985,10.616,10.597,9.229
46.753,0.665,0.84,6.189,250.0,-0.0,-1.621,11.785,11.647,11.218,0.271,0.977,0.007172,7.799833684967579,11.779,11.644,11.203
71.854,-2.48,0.857,3.091,241.796,-1.205,0.976,11.077,11.075,8.679,0.004,0.859,0.012611,11.361287567826922,11.173,11.171,8.863
55.289,0.066,0.591,5.661,96.996,-0.277,-0.574,10.837,10.817,9.491,0.045,0.611,0.043972,3.742356401611497,10.838,10.817,9.494
73.804,0.091,0.678,3.844,62.951,-0.556,1.15,10.655,10.654,8.121,0.003,0.68,0.04133,11.411723840867952,10.656,10.654,8.121
68.762,0.117,0.886,3.425,250.0,-1.074,0.294,11.333,11.33,8.953,0.004,0.888,0.049667,4.823519815660386,11.343,11.34,8.983
42.326,0.309,0.759,5.002,70.153,-0.739,-1.089,10.734,10.728,8.759,0.011,0.764,0.034643,3.6334547741470846,10.701,10.696,8.654
63.539,0.437,0.725,4.576,175.298,-1.374,1.002,11.111,11.024,10.37,0.182,0.812,0.023218,10.469183666898758,11.14,11.047,10.428
56.608,0.556,0.237,5.41,68.299,-1.592,1.035,11.212,10.691,11.056,0.699,0.758,0.015403,12.166293622909503,11.206,10.686,11.05
18.255,0.576,0.772,6.198,72.927,-0.932,-0.991,11.084,10.82,10.744,0.456,1.037,0.042494,3.5982724509536523,10.922,10.71,10.508
68.927,-1.351,1.007,3.518,250.0,-1.209,-0.992,11.311,11.303,9.523,0.016,1.014,0.038806,7.772301453984849,11.4,11.392,9.667
42.034,0.537,0.781,6.692,85.694,-0.01,1.135,10.839,10.809,9.65,0.065,0.81,0.029958,4.627564911942624,10.797,10.773,9.503
65.398,0.489,0.751,5.457,250.0,-0.009,1.387,11.482,11.466,9.97,0.031,0.765,0.060121,5.625937624783526,11.513,11.493,10.12
72.506,0.052,1.069,3.602,250.0,-1.26,-0.324,11.656,11.649,9.77,0.013,1.074,0.05983,5.251302942933455,11.662,11.655,9.793
56.345,0.362,0.545,4.879,115.405,-0.174,1.033,10.888,10.885,8.564,0.005,0.548,0.028011,6.851541686146295,10.889,10.887,8.569
79.534,0.656,0.919,4.653,122.781,-1.477,-1.081,10.763,10.622,10.205,0.277,1.059,0.02916,14.004987443630563,11.06,10.911,10.524
61.262,0.027,0.771,4.42,250.0,-1.158,0.897,11.387,11.357,10.204,0.066,0.8,0.057986,3.640146369834997,11.394,11.363,10.219
84.767,0.041,1.045,4.208,161.068,-0.577,1.04,10.961,10.96,8.16,0.002,1.046,0.056642,3.754028492180503,11.011,11.01,8.357
81.009,0.379,0.57,3.866,143.945,-1.494,-9.744,10.968,10.953,9.491,0.033,0.584,0.088808,3.610350414431265,10.979,10.963,9.523
21.017,0.012,0.834,3.961,250.0,-1.466,-0.453,11.522,11.484,10.433,0.082,0.871,0.056462,3.759574171671568,11.484,11.451,10.344
82.12,0.393,0.835,5.24,99.366,-1.273,1.133,10.816,10.761,9.882,0.117,0.889,0.027703,5.6483000471732305,10.901,10.83,10.075
48.068,-0.21,0.856,5.89,250.0,-0.156,-0.618,11.257,11.236,9.919,0.046,0.876,0.048414,4.468338632783515,11.255,11.234,9.907
77.086,0.082,0.705,5.152,175.515,-0.681,-0.235,11.08,11.037,10.051,0.093,0.748,0.020932,11.429954454541637,11.094,11.048,10.092
80.165,-0.036,0.819,4.611,250.0,-1.285,-0.616,11.382,11.327,10.447,0.117,0.873,0.032277,3.5210617568841656,11.407,11.347,10.504
41.412,-2.347,0.408,4.162,49.767,-0.513,1.015,10.507,10.501,8.68,0.015,0.415,0.025987,11.097693728148345,10.482,10.475,8.628
64.272,-1.883,0.757,4.939,118.303,-0.899,-0.985,10.904,10.856,9.93,0.106,0.806,0.027475,6.518554295547618,10.946,10.893,10.005
46.239,0.605,0.701,4.416,80.432,-0.866,0.815,10.78,10.774,8.84,0.011,0.706,0.047405,3.5366899330287778,10.752,10.747,8.753
2.572,-1.062,1.257,5.504,250.0,-1.357,-0.552,12.294,11.994,11.992,0.499,1.557,0.062093,2.7021277288406336,12.161,11.92,11.791
37.193,-0.022,0.787,4.151,250.0,-1.277,-0.632,11.472,11.435,10.375,0.08,0.823,0.022502,5.0928270921645575,11.472,11.436,10.376
74.974,0.467,0.614,6.251,70.97,-0.118,1.16,10.672,10.642,9.485,0.065,0.643,0.0257,6.050730967316007,10.743,10.7,9.707
25.737,-2.221,0.609,4.813,225.317,-1.548,0.953,11.66,11.24,11.452,0.62,1.028,0.028583,6.125512163909289,11.526,11.124,11.307
34.139,-1.616,1.054,5.19,250.0,-1.463,-0.262,11.801,11.481,11.518,0.521,1.374,0.005931,2.9297749919251324,11.73,11.436,11.42
36.767,0.438,0.793,5.963,58.177,-0.366,-0.897,10.73,10.679,9.774,0.111,0.844,0.054551,3.8896188320975966,10.661,10.624,9.574
78.577,-0.123,0.781,5.879,110.217,-0.056,1.013,10.706,10.672,9.582,0.075,0.815,0.02112,12.18386423406741,10.931,10.87,10.047
65.516,0.374,0.552,4.223,82.775,-0.354,47.447,10.749,10.745,8.655,0.008,0.555,0.030731,14.258940053896255,10.764,10.76,8.694
86.357,-1.112,0.776,4.384,250.0,-1.592,-0.077,11.352,11.184,10.859,0.321,0.945,0.006441,4.300703996842322,11.364,11.192,10.878
29.493,0.225,0.621,4.21,70.362,-1.251,-1.6,10.73,10.719,9.096,0.023,0.631,0.032984,6.442421874097888,10.707,10.697,9.036
54.876,0.178,0.856,4.176,222.972,-1.499,-0.673,11.159,11.123,10.043,0.077,0.891,0.04957,3.395681176867199,11.164,11.127,10.053
45.223,-0.058,0.77,5.261,41.974,-1.056,1.048,10.583,10.548,9.464,0.076,0.804,0.028277,6.177391181714127,10.523,10.492,9.362
70.047,-0.265,0.969,4.465,151.971,-0.21,-0.217,10.989,10.988,8.092,0.001,0.969,0.04902,3.787208468678788,10.989,10.988,8.089
2.569,-0.639,1.158,5.789,250.0,-0.996,3.171,11.617,11.281,11.349,0.539,1.494,0.046923,3.049544018981302,11.461,11.21,11.102
82.746,0.246,0.851,4.498,250.0,-1.236,-1.136,11.318,11.271,10.322,0.101,0.897,0.050185,4.970221262899981,11.429,11.372,10.515
41.611,-0.007,0.721,3.065,250.0,-1.6,-1.233,11.468,11.457,9.843,0.024,0.731,0.033208,11.756581831634646,11.465,11.454,9.838
69.244,-2.771,0.825,5.276,250.0,-0.621,-0.881,11.448,11.403,10.438,0.098,0.869,0.024739,6.789450238244031,11.499,11.446,10.557
83.669,0.355,1.2,3.899,250.0,-1.6,-9.908,11.834,11.813,10.438,0.04,1.218,0.059532,3.991473584658224,11.843,11.822,10.454
78.08,0.167,0.971,3.224,250.0,-1.122,0.352,11.585,11.582,9.089,0.003,0.972,0.070457,4.279194595720591,11.603,11.6,9.142
2.798,-1.824,0.938,3.548,238.445,-1.201,0.843,11.214,11.207,9.384,0.015,0.945,0.06151,3.884738053486005,11.159,11.153,9.232
84.023,-0.217,0.7,3.569,250.0,-1.597,-0.586,11.2,11.176,9.915,0.052,0.723,0.03887,4.193373231702015,11.211,11.187,9.939
86.771,-0.213,0.766,4.277,152.367,-0.885,0.339,10.961,10.954,9.111,0.014,0.772,0.043285,5.008245118387184,10.995,10.988,9.209
78.979,0.312,0.726,5.372,250.0,-0.038,-0.278,11.301,11.288,9.743,0.028,0.738,0.044522,8.05630439950551,11.326,11.31,9.857
30.012,-0.042,0.657,5.504,143.521,-0.703,-0.361,11.02,10.974,10.01,0.098,0.702,0.014636,7.526853795298265,11.015,10.971,9.995
18.445,-0.112,0.721,4.85,250.0,-1.487,0.259,11.723,11.508,11.312,0.389,0.935,0.018092,7.16772225312507,11.679,11.479,11.243
20.717,0.189,0.271,3.646,63.707,-1.393,-2.988,10.675,10.67,8.72,0.011,0.276,0.016098,8.431986389637402,10.664,10.659,8.696
86.556,0.434,0.894,4.194,176.284,-1.353,-1.265,10.983,10.966,9.524,0.035,0.909,0.021667,7.839433002064934,11.069,11.05,9.685
85.581,0.194,0.932,6.402,250.0,-0.003,-0.143,11.913,11.771,11.355,0.277,1.073,0.002053,24.91002182048732,11.969,11.81,11.453
75.375,0.463,0.536,5.432,81.847,-1.456,1.187,10.912,10.677,10.531,0.417,0.77,0.018726,7.53429553625562,11.019,10.755,10.676
75.035,0.006,0.673,5.894,65.786,-0.008,-1.009,10.568,10.537,9.399,0.068,0.703,0.024251,10.217263796851071,10.717,10.671,9.715
72.436,0.013,0.803,5.179,79.631,-0.909,-1.034,10.683,10.672,9.067,0.024,0.814,0.040967,4.178749630469133,10.759,10.745,9.248
45.292,-0.498,-0.003,5.216,83.942,-1.567,1.041,11.287,10.609,11.185,0.79,0.676,0.018952,10.14458355378012,11.242,10.572,11.137
83.897,0.055,1.126,3.705,195.556,-1.214,-1.052,10.877,10.869,9.114,0.017,1.133,0.046747,7.269088372952432,11.092,11.082,9.449
56.826,0.244,0.575,4.662,121.458,-1.021,1.212,10.912,10.902,9.236,0.021,0.585,0.048935,2.6148620119553603,10.911,10.901,9.233
21.351,-0.027,0.785,6.765,106.5,-0.15,0.896,10.944,10.893,9.986,0.11,0.836,0.025486,4.218616737013495,10.895,10.856,9.817
41.299,-0.005,0.835,3.557,118.643,-1.59,-1.506,10.901,10.894,9.015,0.013,0.841,0.062545,3.3187113615050507,10.9,10.894,9.014
54.999,0.088,0.73,6.291,71.477,-0.303,1.169,10.725,10.703,9.386,0.046,0.751,0.032725,4.004322208318249,10.725,10.703,9.387
65.876,0.061,0.85,4.809,242.219,-0.908,1.001,11.16,11.128,10.011,0.071,0.882,0.018716,10.596622113793009,11.208,11.171,10.117
86.352,0.243,0.632,4.68,51.409,-1.013,0.88,10.523,10.515,8.761,0.017,0.64,0.042324,6.348160851286823,10.585,10.575,8.927
36.896,-0.446,0.226,5.261,63.552,-1.598,-1.455,11.242,10.714,11.09,0.704,0.754,0.026045,13.243024734915558,11.163,10.643,11.007
74.913,-0.005,0.74,5.39,74.883,-0.174,-0.971,10.595,10.584,8.985,0.025,0.751,0.024499,9.599790224673416,10.738,10.721,9.313
27.185,0.071,0.751,5.957,250.0,-0.0,1.333,11.442,11.305,10.871,0.269,0.886,0.048122,6.698574602827944,11.314,11.216,10.622
62.019,0.344,0.712,5.74,250.0,-0.0,-0.973,11.582,11.493,10.849,0.185,0.801,0.020812,17.242181736868528,11.619,11.516,10.943
29.401,-0.14,0.831,4.095,209.844,-1.441,-0.438,11.17,11.131,10.095,0.084,0.87,0.033201,7.2186796957628445,11.149,11.113,10.043
59.275,-0.928,0.52,5.503,44.417,-1.475,0.99,10.66,10.531,10.071,0.257,0.649,0.025834,4.703302239512801,10.641,10.516,10.039
77.645,0.051,0.782,4.113,162.946,-1.494,-1.0,10.941,10.919,9.629,0.049,0.803,0.027864,7.158422998524748,11.046,11.019,9.833
53.819,-0.021,0.67,5.242,91.563,-0.614,0.833,10.818,10.798,9.465,0.044,0.69,0.057878,3.704285989264329,10.816,10.796,9.456
43.764,-0.016,0.597,3.779,250.0,-0.925,-2.639,11.301,11.292,9.562,0.018,0.605,0.061476,4.784402896519215,11.304,11.296,9.571
69.14,0.445,0.567,6.174,55.979,-0.067,-1.022,10.665,10.537,10.07,0.254,0.694,0.01486,11.018762920208856,10.773,10.608,10.27
20.151,0.105,0.917,3.4,250.0,-1.596,-3.115,11.266,11.253,9.691,0.027,0.929,0.05163,4.634525449238735,11.266,11.254,9.692
20.747,-0.056,0.788,4.187,250.0,-0.984,-1.417,11.225,11.209,9.779,0.036,0.803,0.001446,7.179235054205124,11.222,11.206,9.768
18.353,0.599,0.646,4.576,241.957,-0.203,-0.983,11.257,11.25,9.493,0.017,0.654,0.01949,12.397269201499814,11.174,11.169,9.185
63.196,0.127,0.933,3.035,250.0,-1.033,1.059,11.505,11.503,8.857,0.002,0.934,0.118832,3.8583012674390815,11.516,11.515,8.888
84.023,-2.674,0.737,5.016,119.872,-1.6,-0.688,11.056,10.874,10.59,0.342,0.919,0.005174,2.497384390167022,11.072,10.886,10.613
19.124,-0.191,0.894,5.299,72.555,-0.96,-0.414,10.75,10.725,9.485,0.054,0.918,0.038609,5.109674048838519,10.732,10.709,9.423
37.58,0.078,0.913,4.599,250.0,-0.598,1.013,11.729,11.713,10.245,0.033,0.927,0.052362,6.6882719139375135,11.737,11.721,10.272
67.268,0.506,0.469,5.024,81.429,-1.436,-1.058,10.845,10.716,10.253,0.256,0.598,0.029296,7.0976163031005965,10.897,10.753,10.347
72.407,-0.009,0.919,4.07,70.962,-0.925,-0.424,10.687,10.685,8.129,0.003,0.92,0.021042,5.202463181782201,10.703,10.701,8.186
62.97,0.445,0.831,6.174,66.574,-0.514,-1.438,10.687,10.658,9.48,0.062,0.859,0.050651,2.5592428843674364,10.707,10.676,9.536
26.107,0.465,0.67,6.555,38.155,-0.181,0.924,10.689,10.523,10.192,0.318,0.836,0.044808,4.154984377479078,10.558,10.44,9.933
85.327,0.265,0.801,4.447,250.0,-0.493,-0.301,11.308,11.303,9.25,0.009,0.804,0.064939,7.577015481474707,11.345,11.339,9.42
53.15,0.457,0.06,6.402,57.927,-1.386,,11.716,10.558,11.683,0.93,1.217,0.016772,7.721666834690811,11.722,10.561,11.69
37.1,0.298,0.662,3.739,130.961,-1.401,49.993,10.95,10.938,9.386,0.027,0.674,0.032445,9.90908212324912,10.948,10.935,9.381
3.014,-0.695,0.725,3.32,194.266,-1.407,4.572,11.12,11.112,9.352,0.017,0.733,0.053478,4.189300852046213,11.082,11.075,9.248
85.847,0.084,1.096,5.68,250.0,-0.0,0.13,12.031,11.98,11.07,0.109,1.146,0.051577,9.206972412942315,12.074,12.011,11.202
25.974,0.52,0.891,4.71,250.0,-1.378,-0.949,11.649,11.568,10.877,0.169,0.972,0.05775,2.7770124859098204,11.563,11.497,10.71
68.915,0.184,0.569,5.516,179.613,-0.733,-1.208,11.101,11.041,10.205,0.127,0.628,0.013042,8.986656687434815,11.123,11.057,10.266
3.048,0.001,0.761,5.153,160.289,-1.386,1.552,11.282,11.043,10.907,0.423,1.0,0.017354,7.951045389949025,11.227,11.013,10.814
20.942,0.01,0.85,4.056,250.0,-0.904,1.09,11.687,11.674,10.126,0.027,0.863,0.064157,6.741068385780411,11.674,11.662,10.077
41.188,-0.288,0.923,4.042,236.367,-0.947,-0.17,11.173,11.168,9.218,0.011,0.928,0.046797,4.321295627422191,11.156,11.151,9.169
2.567,-0.799,0.879,2.962,242.613,-1.474,1.081,11.241,11.237,9.215,0.009,0.883,0.045296,2.8511591058943924,11.163,11.16,9.026
45.341,-0.01,0.664,4.49,138.427,-1.57,1.226,11.038,10.971,10.187,0.141,0.73,0.021546,7.891032056829375,11.022,10.958,10.151
55.476,0.008,0.661,4.448,250.0,-0.928,-1.682,11.487,11.458,10.291,0.064,0.69,0.040775,6.556928002865558,11.486,11.457,10.29
52.721,-0.432,0.687,4.195,113.515,-0.597,1.097,10.882,10.88,8.608,0.005,0.689,0.020744,9.501952158158238,10.884,10.881,8.614
67.94,-0.231,0.741,3.548,100.789,-1.587,1.022,10.814,10.808,8.948,0.014,0.747,0.037465,4.034231658858487,10.839,10.833,8.997
58.904,-0.048,0.756,4.289,250.0,-0.795,-0.365,11.197,11.18,9.75,0.036,0.772,0.057506,5.460349998794205,11.201,11.184,9.764
18.227,0.011,0.342,6.885,107.78,-0.093,2.564,11.257,10.637,11.137,0.759,0.961,0.030043,4.946341297157191,11.114,10.582,10.963
38.785,0.321,0.761,5.813,74.618,-0.464,-1.264,10.768,10.747,9.432,0.046,0.782,0.035373,4.908592372687484,10.738,10.72,9.318
57.802,0.284,0.869,4.652,48.431,-1.494,-1.191,10.558,10.547,8.929,0.024,0.88,0.028717,2.9498440729992668,10.562,10.551,8.937
82.157,0.228,0.726,5.704,52.359,-0.182,-0.788,10.564,10.554,8.925,0.023,0.736,0.037611,5.761463737179219,10.594,10.582,9.03
39.215,-1.467,0.46,6.448,123.571,-0.0,1.411,10.75,10.711,9.679,0.085,0.499,0.013809,1.8579782815478816,10.726,10.69,9.627
60.641,0.195,0.604,3.754,138.275,-1.503,-1.536,10.962,10.951,9.323,0.023,0.614,0.036095,7.593660362830697,10.968,10.957,9.337
82.797,0.067,0.291,5.779,63.589,-1.417,-2.165,11.04,10.652,10.81,0.59,0.678,0.01266,5.631558319816192,11.049,10.658,10.822
41.215,0.531,0.942,2.981,250.0,-0.567,-1.007,11.808,11.807,8.759,0.001,0.943,0.070543,5.9125184328067135,11.743,11.743,8.612
75.59,0.242,0.935,3.199,177.384,-1.354,1.014,10.897,10.893,8.834,0.009,0.939,0.043142,6.530012752287131,11.049,11.045,9.058
71.821,0.253,0.817,4.161,107.75,-0.573,2.136,10.85,10.846,8.743,0.008,0.821,0.047407,6.542422441046835,10.862,10.858,8.779
74.875,-0.133,0.961,4.076,250.0,-1.565,-0.78,11.647,11.587,10.753,0.128,1.021,0.038481,8.708578434513099,11.693,11.63,10.821
80.968,-2.854,0.72,5.211,76.902,-1.26,-0.912,10.711,10.524,10.255,0.35,0.907,0.019238,8.825415583071296,10.985,10.73,10.632
75.194,0.084,0.832,4.683,121.703,-1.231,-0.971,10.89,10.871,9.512,0.042,0.851,0.041258,3.441340366417133,10.926,10.904,9.618
52.894,-1.048,0.793,3.5,177.592,-1.192,0.916,11.078,11.073,9.151,0.012,0.798,0.035482,5.591610894738259,11.048,11.043,9.091
46.258,0.272,0.776,5.285,77.689,-0.927,1.387,10.789,10.744,9.773,0.096,0.82,0.031508,7.874277535300799,10.778,10.736,9.746
76.133,0.016,0.664,4.899,250.0,-1.6,9.131,12.072,11.553,11.915,0.697,1.183,0.019115,12.799806985356684,12.074,11.553,11.917
18.211,0.614,0.423,5.879,49.411,-1.334,0.808,11.008,10.545,10.825,0.656,0.886,0.034251,4.893907713095161,10.846,10.418,10.642
2.566,-1.37,1.391,3.284,250.0,-1.375,-1.919,11.584,11.578,9.769,0.015,1.397,0.048805,5.1381216168412,11.493,11.488,9.569
65.915,0.317,0.826,5.754,250.0,-0.069,-4756.129,11.645,11.615,10.456,0.065,0.855,0.029799,7.422033705564724,11.64,11.611,10.442
75.439,0.111,0.708,5.781,250.0,-0.07,-0.409,11.368,11.327,10.309,0.087,0.748,0.010279,8.245884696029817,11.382,11.338,10.356
71.205,0.191,0.755,5.36,93.331,-0.758,-0.848,10.792,10.759,9.648,0.072,0.787,0.028821,7.08561449850203,10.845,10.806,9.778
84.196,0.237,0.824,3.159,176.149,-1.391,0.243,11.006,11.003,8.791,0.006,0.827,0.083928,4.595714460636508,11.044,11.041,8.87
12.735,-3.0,0.244,7.052,50.132,-0.0,5.272,10.895,10.518,10.658,0.58,0.621,0.01676,5.367324278076127,10.861,10.502,10.611
85.09,0.159,0.901,5.099,250.0,-0.411,0.297,11.44,11.427,9.887,0.028,0.913,0.049905,7.421396200909403,11.461,11.445,9.978
39.771,0.404,0.839,5.586,250.0,-0.054,-0.355,11.291,11.28,9.652,0.023,0.849,0.048091,4.488911100550639,11.274,11.265,9.579
46.328,0.439,0.874,3.499,250.0,-0.952,1.218,11.416,11.413,9.145,0.005,0.876,0.062563,4.125298442598305,11.407,11.405,9.117
84.023,-0.462,1.006,4.434,250.0,-1.562,0.085,11.879,11.783,11.17,0.196,1.101,0.029054,5.795065489134706,11.889,11.792,11.186
85.272,-1.714,1.108,3.616,250.0,-1.6,0.308,11.882,11.868,10.379,0.031,1.122,0.00741,5.330801673656428,11.889,11.874,10.391
50.959,0.355,0.635,5.731,119.895,-1.152,-0.254,11.119,10.906,10.704,0.386,0.847,0.013207,6.815693191810563,11.111,10.902,10.691
51.709,0.304,0.458,3.993,67.639,-1.096,-2.928,10.682,10.676,8.811,0.013,0.464,0.044317,4.8081211978591405,10.688,10.682,8.828
3.869,-0.009,0.937,5.107,250.0,-0.91,1.979,11.557,11.506,10.588,0.108,0.986,0.034026,5.563805412937938,11.521,11.476,10.503
63.334,-0.607,0.709,4.075,49.627,-1.354,-0.815,10.541,10.535,8.695,0.014,0.715,0.045865,4.3943501732876085,10.568,10.562,8.746
79.922,0.07,0.872,5.211,250.0,-0.494,-0.496,11.459,11.443,9.997,0.035,0.887,0.051421,3.6184481951935448,11.473,11.456,10.04
63.729,0.539,0.661,5.99,245.259,-0.077,1.049,11.263,11.136,10.668,0.254,0.788,0.016615,12.35508981112272,11.322,11.17,10.791
62.89,-3.0,0.765,4.754,52.884,-1.6,-0.979,10.643,10.545,9.949,0.202,0.863,0.036982,6.336367973259867,10.685,10.587,9.99
79.071,-0.022,0.889,3.728,188.952,-1.38,0.526,11.061,11.043,9.652,0.039,0.906,0.051791,6.564560023333123,11.086,11.067,9.697
36.754,0.526,0.448,5.653,88.875,-1.444,-1.175,11.411,10.834,11.276,0.735,1.024,0.036842,5.565112466415401,11.313,10.784,11.16
53.554,0.469,0.403,4.982,143.702,-1.511,-1.056,11.358,10.985,11.118,0.576,0.776,0.012925,16.56819889666653,11.338,10.972,11.094
85.802,0.346,0.994,3.647,156.6,-1.225,1.013,10.801,10.797,8.832,0.011,0.999,0.041513,6.5254949224830066,11.006,10.998,9.232
49.506,0.515,0.356,5.323,52.513,-1.436,0.997,10.765,10.537,10.376,0.408,0.584,0.018454,8.7561336282944,10.768,10.54,10.379
59.894,0.17,0.702,4.186,159.262,-1.589,0.989,11.079,10.992,10.337,0.181,0.789,0.030212,10.117923966683394,11.096,11.008,10.36
75.31,-0.174,0.687,5.275,250.0,-0.461,0.447,11.354,11.323,10.175,0.066,0.716,0.025493,7.358334499731783,11.366,11.333,10.22
2.566,-0.701,1.345,6.771,35.848,-0.0,2.845,10.824,10.511,10.535,0.514,1.658,0.080079,2.897179500737747,10.641,10.425,10.235
49.619,0.153,0.483,4.792,75.87,-1.241,1.0,10.811,10.759,9.86,0.112,0.535,0.01861,9.985225237216246,10.775,10.726,9.8
86.357,-3.0,0.987,6.646,59.927,-0.0,-0.669,10.612,10.577,9.485,0.075,1.021,0.017432,4.44343544546578,10.679,10.635,9.662
53.318,0.178,0.58,5.827,83.362,-0.016,1.224,10.787,10.757,9.61,0.067,0.61,0.037862,5.135014710211646,10.792,10.761,9.625
34.992,0.138,0.727,6.281,250.0,-0.192,0.876,11.402,11.271,10.816,0.26,0.858,0.014152,6.437823878336672,11.384,11.262,10.77
24.823,0.019,0.881,5.875,250.0,-0.145,0.959,11.48,11.45,10.292,0.065,0.91,0.02862,7.135852252618216,11.457,11.431,10.21
84.017,0.39,0.599,5.398,105.003,-1.281,-1634.299,11.069,10.836,10.687,0.415,0.832,0.067862,4.82250468547297,11.087,10.847,10.715
58.519,-0.742,0.643,4.326,156.704,-1.6,-0.976,11.068,10.985,10.306,0.173,0.725,0.023801,4.505728473359504,11.08,10.995,10.326
37.361,-0.006,0.628,5.213,188.526,-0.634,-1.351,11.137,11.089,10.162,0.106,0.676,0.04332,4.463448981067219,11.105,11.061,10.086
84.745,0.129,0.86,4.046,250.0,-1.487,0.879,11.505,11.433,10.684,0.151,0.931,0.059754,7.188090791771107,11.535,11.457,10.751
2.639,0.002,0.532,5.19,250.0,-1.6,1.008,12.131,11.279,12.065,0.859,1.384,0.06476,3.3378206993039226,11.992,11.201,11.915
50.205,0.421,0.496,4.833,137.771,-1.484,1.099,11.146,10.977,10.652,0.321,0.664,0.022754,5.749875651525375,11.113,10.95,10.607
79.862,-0.874,0.735,4.278,107.934,-1.482,0.949,10.792,10.77,9.475,0.048,0.756,0.028024,4.149770619989492,10.885,10.858,9.656
46.208,0.406,0.672,4.33,250.0,-1.6,0.257,11.593,11.446,11.05,0.286,0.819,0.054719,5.686140040035264,11.585,11.44,11.037
38.956,-0.323,0.793,4.714,250.0,-1.6,-0.161,11.589,11.377,11.174,0.385,1.004,6.5e-05,3.762810642174955,11.571,11.365,11.145
2.926,-0.003,0.688,5.058,250.0,-1.462,-1.723,11.996,11.513,11.822,0.67,1.17,0.016699,5.135398857730489,11.912,11.468,11.718
41.431,0.12,0.829,5.352,233.815,-0.5,0.801,11.189,11.167,9.875,0.049,0.851,0.047021,4.106949291764298,11.165,11.146,9.795
85.23,0.172,0.743,4.925,250.0,-1.275,0.837,11.422,11.259,10.915,0.312,0.905,0.011026,6.892799867620362,11.454,11.279,10.971
75.593,0.445,0.805,5.757,250.0,-0.187,1.101,11.136,11.113,9.846,0.051,0.828,0.028359,6.495745682423235,11.263,11.222,10.205
77.525,0.182,0.741,5.6,250.0,-0.325,0.341,11.204,11.176,9.979,0.06,0.768,0.025265,7.00459767388021,11.222,11.191,10.044
84.678,0.289,0.774,4.634,250.0,-0.498,-0.576,11.195,11.19,9.164,0.009,0.778,0.025539,9.981952942891166,11.217,11.211,9.246
81.093,0.072,0.788,4.387,124.694,-1.221,-0.926,10.929,10.906,9.638,0.051,0.811,0.028321,9.630259124741574,10.941,10.917,9.668
2.827,-2.508,0.994,3.846,250.0,-0.464,2.142,11.554,11.552,8.825,0.002,0.995,0.061783,3.383866575620883,11.496,11.495,8.612
49.272,-1.577,0.478,3.996,77.05,-1.503,-1.34,10.754,10.73,9.475,0.053,0.502,0.026619,10.255721917913563,10.756,10.732,9.479
44.072,-0.408,1.05,3.277,250.0,-1.597,-0.782,11.402,11.394,9.618,0.016,1.057,0.041274,4.378392206460456,11.39,11.383,9.595
18.462,0.035,0.931,7.085,113.054,-0.609,0.756,11.368,10.938,11.166,0.628,1.36,0.004346,2.373049396018365,11.193,10.875,10.908
19.541,0.15,0.74,4.349,250.0,-1.6,-1.249,11.504,11.341,10.999,0.313,0.903,0.058038,4.529830884964911,11.437,11.292,10.889
85.23,0.135,0.528,6.926,250.0,-0.0,-0.42,11.425,11.345,10.607,0.154,0.601,0.007576,8.112420914452954,11.459,11.361,10.725
86.663,0.118,1.021,5.49,100.875,-0.816,-1.048,10.744,10.636,10.088,0.221,1.13,0.029994,15.640715848045662,11.031,10.836,10.59
47.893,0.532,0.46,5.564,56.265,-1.222,-1.136,10.717,10.632,9.962,0.176,0.544,0.024766,5.237648661717872,10.69,10.61,9.91
45.233,0.162,0.244,5.817,43.678,-1.596,1.287,11.13,10.549,10.997,0.737,0.824,0.012687,10.795379956979213,11.067,10.509,10.926
61.41,0.5,0.522,6.256,111.083,-0.178,-0.805,11.081,10.846,10.701,0.417,0.756,0.019654,10.24909323691234,11.124,10.871,10.768
49.172,0.092,0.553,4.629,114.962,-1.56,-1.012,11.099,10.922,10.623,0.334,0.73,0.040797,6.291950942522536,11.052,10.879,10.569
86.165,-0.452,0.814,5.094,99.89,-1.361,0.926,10.774,10.726,9.785,0.103,0.861,0.015286,5.716339729047862,10.897,10.832,10.035
76.444,0.078,0.622,3.834,54.882,-1.38,0.879,10.593,10.589,8.481,0.008,0.625,0.059384,3.5605338124238246,10.605,10.601,8.514
45.689,0.419,0.414,6.07,68.376,-1.281,-1.708,11.22,10.718,11.055,0.685,0.915,0.012631,9.776970435290568,11.167,10.686,10.992
36.914,-1.901,0.286,4.05,43.397,-1.6,-1.051,10.523,10.502,9.189,0.046,0.307,0.01642,11.007919256846073,10.496,10.476,9.153
68.882,-0.025,0.864,4.162,70.457,-1.101,-0.844,10.686,10.683,8.415,0.005,0.866,0.054879,2.963590051000982,10.701,10.697,8.448
84.745,-1.103,0.608,4.189,145.613,-1.586,0.8,11.022,10.963,10.122,0.126,0.667,0.010938,9.628352079132643,11.036,10.976,10.146
54.99,0.114,0.772,2.76,160.366,-1.441,0.896,11.01,11.009,8.467,0.003,0.773,0.041581,4.493648584693888,11.007,11.006,8.462
25.736,0.24,0.664,4.622,184.927,-1.6,0.923,11.467,11.174,11.158,0.491,0.957,0.032238,10.170760019676022,11.341,11.063,11.017
39.215,-0.437,1.007,3.913,250.0,-1.6,0.251,11.756,11.72,10.649,0.078,1.042,0.032886,7.924909134518827,11.754,11.718,10.646
85.08,0.164,0.89,2.826,226.495,-1.233,0.267,11.079,11.078,8.383,0.002,0.891,0.049359,5.0418127402871225,11.136,11.135,8.499
2.571,-2.201,1.198,5.977,250.0,-1.252,0.442,12.648,11.937,12.554,0.805,1.908,0.015803,6.91529579214917,12.47,11.864,12.346
25.816,0.61,1.027,3.969,250.0,-0.888,-0.964,11.742,11.735,9.923,0.015,1.033,0.094665,4.719498201355834,11.652,11.646,9.71
53.362,0.318,0.536,4.695,250.0,-1.595,-0.63,11.783,11.284,11.617,0.683,1.035,0.038588,8.209633870350514,11.77,11.274,11.603
74.711,0.22,0.689,1.785,122.217,-1.6,3.067,10.889,10.889,7.664,0.001,0.689,0.05107,5.531065476030408,10.904,10.903,7.687
51.114,0.533,0.764,6.744,73.499,-0.0,-1.756,10.838,10.713,10.233,0.249,0.888,0.039894,4.800506248733336,10.839,10.714,10.236
65.562,0.099,0.823,3.772,250.0,-1.084,-0.584,11.408,11.4,9.639,0.017,0.83,0.096818,3.896278796796795,11.414,11.406,9.654
78.888,0.162,0.899,5.706,250.0,-0.039,-0.124,11.65,11.619,10.47,0.066,0.929,0.038734,9.01538984131484,11.682,11.645,10.582
84.56,-0.271,0.83,3.899,250.0,-0.671,0.186,11.418,11.413,9.438,0.01,0.834,0.061271,6.866634265668011,11.431,11.425,9.486
80.043,-0.24,0.597,4.096,250.0,-1.6,0.371,11.334,11.212,10.723,0.245,0.72,0.022161,9.933799801843922,11.347,11.222,10.746
86.636,-3.0,1.586,5.286,97.707,-1.6,1.097,10.814,10.777,9.684,0.075,1.62,0.001982,1.170131758955816,10.866,10.822,9.815
77.662,0.092,0.831,5.463,250.0,-0.699,-0.476,11.34,11.289,10.364,0.106,0.88,0.006902,10.105493500092956,11.366,11.307,10.445
77.891,0.177,0.812,4.773,107.263,-1.524,1.029,10.848,10.742,10.181,0.216,0.918,0.027657,8.642980484134977,10.988,10.859,10.398
18.236,-0.002,0.49,5.826,55.453,-1.584,-3.156,11.082,10.633,10.891,0.644,0.939,0.019111,7.205820197478637,11.022,10.604,10.813
24.541,0.173,0.826,5.679,250.0,-0.194,-0.894,11.688,11.623,10.823,0.136,0.89,0.030467,11.373855685313371,11.688,11.624,10.824
79.892,0.036,0.672,5.61,49.442,-1.586,-0.381,10.911,10.555,10.659,0.56,1.028,0.03414,5.651519480826054,10.919,10.56,10.668
85.847,-0.01,1.092,4.526,250.0,-0.08,-0.132,11.917,11.914,9.792,0.007,1.095,0.06207,7.656122586255512,11.944,11.94,9.884
66.822,0.291,0.279,4.85,109.109,-1.6,-1.709,11.15,10.809,10.885,0.543,0.619,0.065712,5.242033411168826,11.2,10.855,10.94
20.454,-3.0,0.717,5.348,168.76,-1.6,-0.755,11.461,11.058,11.242,0.604,1.119,0.020527,3.434127014645205,11.394,11.025,11.15
51.508,0.107,0.673,4.766,158.628,-1.544,1.104,11.124,11.007,10.492,0.234,0.789,0.021187,6.2352282479993,11.125,11.008,10.494
64.279,0.556,0.682,6.136,125.164,-0.226,0.972,10.979,10.877,10.299,0.209,0.783,0.030075,5.57960616949395,11.036,10.913,10.43
86.854,-2.136,1.315,3.237,137.717,-0.482,-0.775,10.581,10.581,7.66,0.001,1.315,0.060784,14.206112494291776,10.954,10.953,8.403
25.74,0.161,0.819,5.541,225.33,-0.216,0.957,11.242,11.195,10.252,0.102,0.866,0.031144,6.601442621117445,11.172,11.132,10.115
19.066,0.028,0.628,6.795,122.441,-0.0,-1.103,10.986,10.934,10.032,0.111,0.68,0.034472,2.478114398458932,10.945,10.904,9.898
57.598,-3.0,0.595,1.15,217.179,-1.6,1.035,11.12,11.12,7.87,0.001,0.595,0.011575,23.514159524684395,11.13,11.129,7.881
65.096,-0.049,0.929,4.751,250.0,-0.944,-0.736,11.247,11.234,9.658,0.026,0.941,0.015745,1.7991766518665,11.253,11.24,9.673
41.433,-0.01,0.295,5.463,62.265,-1.6,0.993,10.967,10.672,10.66,0.493,0.59,0.012778,6.785171432687247,10.932,10.65,10.612
85.581,0.126,0.826,5.065,250.0,-1.22,-0.286,11.41,11.197,10.996,0.386,1.038,0.017737,7.213318318769629,11.431,11.211,11.03
52.597,-2.061,0.906,6.666,250.0,-0.017,1.453,11.517,11.447,10.682,0.146,0.974,0.003352,3.610200124603838,11.524,11.451,10.701
2.955,-0.038,0.866,5.977,250.0,-0.428,5.078,11.48,11.35,10.89,0.257,0.995,0.01694,6.28508476807559,11.403,11.302,10.715
80.305,-0.053,0.809,4.354,202.506,-1.438,-0.622,11.145,11.082,10.273,0.134,0.871,0.019879,11.197801271702785,11.171,11.103,10.324
50.884,-0.182,0.505,6.153,60.969,-0.591,-0.997,10.835,10.666,10.342,0.322,0.673,0.01369,7.280480632150431,10.797,10.642,10.275
25.779,0.412,0.84,4.748,45.151,-1.029,-0.937,10.627,10.616,9.013,0.024,0.85,0.045066,3.622036565995913,10.532,10.524,8.812
80.893,-0.625,0.617,5.19,86.698,-1.555,-0.975,11.005,10.513,10.836,0.678,1.109,0.03307,11.194430860655867,11.295,10.776,11.139
19.664,0.408,0.315,2.865,66.037,-1.469,3.347,10.72,10.718,8.287,0.004,0.316,0.035188,5.658706591094301,10.665,10.664,8.203
52.896,0.397,0.63,5.107,210.364,-0.012,0.976,11.133,11.125,9.385,0.018,0.637,0.025745,7.644662223467456,11.118,11.11,9.33
2.741,0.113,0.548,3.836,95.235,-0.622,6.954,10.859,10.855,8.697,0.007,0.551,0.039509,3.931024780157815,10.812,10.81,8.479
41.384,0.186,0.204,5.484,75.605,-1.515,1.043,11.188,10.504,11.087,0.793,0.887,0.023613,5.667953316498904,11.105,10.456,10.995
36.621,0.143,0.33,5.27,121.238,-1.478,1.021,11.572,10.986,11.441,0.74,0.915,0.025488,6.438423425342223,11.46,10.896,11.321
73.815,0.564,0.944,3.689,82.682,-1.34,0.977,10.633,10.628,8.678,0.011,0.949,0.028449,8.300870241213264,10.765,10.759,8.842
59.539,-1.31,0.824,3.295,250.0,-1.518,-0.947,11.248,11.234,9.74,0.031,0.837,0.018122,12.420374961343976,11.262,11.248,9.761
79.083,0.173,0.858,4.549,250.0,-1.103,0.133,11.584,11.534,10.614,0.107,0.907,0.032114,10.38032648956308,11.615,11.559,10.694
38.985,0.651,0.884,6.858,250.0,-0.0,-0.913,11.342,11.215,10.742,0.252,1.01,0.007164,2.947229737446407,11.26,11.161,10.565
12.166,0.552,0.567,3.244,115.745,-1.484,2.489,10.932,10.927,9.018,0.012,0.573,0.038067,4.663287881679451,10.887,10.882,8.949
50.383,0.055,0.848,5.576,250.0,-0.553,-0.276,11.482,11.376,10.81,0.213,0.952,0.027356,12.670587847744022,11.495,11.384,10.842
63.541,-0.827,0.681,5.097,90.078,-0.824,-0.922,10.805,10.77,9.694,0.077,0.716,0.034777,5.014457281315846,10.828,10.79,9.749
9.645,-1.236,0.905,4.791,250.0,-0.824,0.83,11.265,11.228,10.172,0.081,0.941,0.025427,7.343812293797627,11.268,11.231,10.183
49.791,-0.246,0.586,5.475,52.09,-1.134,-0.969,10.717,10.605,10.075,0.228,0.698,0.02088,8.591661288165438,10.685,10.58,10.018
48.718,0.113,0.875,4.211,250.0,-0.257,3.16,11.458,11.455,9.208,0.006,0.878,0.054976,5.2537168128139236,11.463,11.46,9.227
13.301,0.425,0.54,4.075,225.698,-1.6,1.396,11.229,11.127,10.549,0.209,0.642,0.07747,3.1591126678972845,11.205,11.108,10.504
86.308,0.31,0.804,4.771,250.0,-0.762,-0.47,11.297,11.284,9.711,0.026,0.816,0.028008,10.239035985912269,11.359,11.342,9.905
18.458,0.663,0.565,5.367,248.574,-1.305,-0.946,11.574,11.221,11.32,0.557,0.919,0.035649,2.5628334944121938,11.444,11.151,11.135
66.44,-1.447,0.794,3.998,250.0,-1.465,-0.922,11.291,11.237,10.356,0.116,0.848,0.034144,5.745508129786122,11.348,11.289,10.447
2.566,-1.493,1.004,6.2,71.666,-1.283,-4.79,11.387,10.815,11.252,0.732,1.577,0.029761,4.2944590632112725,11.21,10.704,11.047
85.815,0.163,0.88,3.992,250.0,-1.235,1.001,11.559,11.547,9.953,0.025,0.891,0.053764,5.90866915567083,11.592,11.579,10.046
73.152,-0.14,0.82,3.467,239.43,-1.272,-1.025,11.119,11.115,9.06,0.009,0.824,0.057221,3.686022957223584,11.155,11.149,9.179
59.957,0.386,0.571,4.381,93.639,-1.6,-1.073,10.823,10.789,9.687,0.073,0.604,0.029218,4.89829266123344,10.842,10.806,9.729
66.155,-0.148,0.716,5.163,75.56,-1.56,0.915,10.832,10.719,10.188,0.227,0.828,0.022425,4.91126103854657,10.838,10.725,10.199
2.593,-0.957,1.253,6.289,250.0,-0.294,-1.068,12.204,11.986,11.799,0.393,1.47,0.042223,4.710845411044286,12.053,11.913,11.492
2.93,-1.41,0.879,5.473,43.644,-1.412,-1.932,10.69,10.568,10.077,0.244,1.001,0.053821,2.990088182928068,10.618,10.51,9.962
2.58,-1.759,0.949,5.295,250.0,-1.557,1.715,12.293,11.774,12.136,0.697,1.468,0.030791,4.502803126685254,12.156,11.706,11.965
20.523,-1.709,0.757,5.674,137.425,-0.621,0.956,11.065,10.989,10.267,0.159,0.833,0.048226,4.242169735073914,11.008,10.948,10.112
27.489,-0.335,0.826,4.97,250.0,-1.066,0.296,11.358,11.283,10.556,0.158,0.9,0.021993,5.730124937055529,11.315,11.251,10.444
13.737,-0.069,0.849,5.823,250.0,-0.175,1.006,11.215,11.196,9.807,0.039,0.867,0.025553,3.8351025767955607,11.194,11.177,9.737
18.354,-0.048,0.541,5.606,250.0,-0.622,-0.962,11.47,11.332,10.905,0.272,0.679,0.022414,6.211968455436795,11.341,11.244,10.643
73.125,-0.052,0.898,4.697,250.0,-1.092,0.808,11.716,11.671,10.703,0.097,0.942,0.050617,5.103165148212597,11.724,11.677,10.721
26.938,0.133,0.855,5.815,250.0,-0.054,1.642,11.374,11.336,10.284,0.081,0.892,0.040786,7.406894537326428,11.374,11.337,10.288
31.23,-0.113,0.798,6.162,141.423,-0.578,-1.042,11.072,10.991,10.298,0.169,0.878,0.015577,5.719827233707372,11.035,10.965,10.201
79.806,0.192,0.947,6.309,250.0,-0.13,-0.305,11.388,11.347,10.321,0.086,0.986,0.036363,6.089273873412768,11.413,11.366,10.408
85.36,0.138,0.761,4.935,250.0,-0.993,-1.052,11.277,11.23,10.277,0.1,0.807,0.046572,3.8077071605986137,11.302,11.252,10.334
45.354,0.226,0.688,5.02,150.537,-1.593,1.217,11.256,11.01,10.891,0.432,0.933,0.041469,3.5721629817337224,11.214,10.98,10.833
74.224,0.157,0.666,2.631,195.942,-1.235,0.184,11.062,11.061,8.271,0.002,0.666,0.073374,5.007639330257516,11.079,11.078,8.323
59.58,-2.63,0.56,3.884,145.574,-1.228,-1.047,10.966,10.953,9.442,0.03,0.573,0.024664,9.642722027660282,10.988,10.974,9.479
25.742,0.168,0.375,5.93,72.918,-1.45,-0.938,11.613,10.798,11.54,0.847,1.189,0.014819,6.046777381655949,11.468,10.71,11.384
81.373,-0.443,0.767,4.946,69.559,-1.588,0.925,10.71,10.626,9.952,0.175,0.851,0.037386,4.050437317711767,10.786,10.692,10.072
2.566,-2.62,1.266,6.289,250.0,-1.371,-3.295,13.07,11.902,13.039,0.932,2.434,0.045367,3.3415064754908,12.885,11.824,12.845
53.145,0.435,0.554,6.735,81.96,-0.026,0.963,10.873,10.767,10.203,0.214,0.659,0.017624,7.900036396240131,10.851,10.756,10.139
66.617,-0.244,0.662,4.86,62.479,-1.454,0.91,10.662,10.616,9.662,0.1,0.708,0.029505,7.465552119842431,10.7,10.651,9.729
46.028,0.517,0.412,5.74,56.466,-1.594,-1.106,11.045,10.639,10.828,0.607,0.818,0.020109,6.681174325584864,11.007,10.612,10.782
78.599,0.107,0.863,4.081,250.0,-1.548,0.294,11.642,11.592,10.666,0.106,0.912,0.043924,6.9234104906361225,11.649,11.599,10.681
81.279,0.106,0.663,4.96,70.887,-1.221,-0.843,10.733,10.682,9.773,0.11,0.713,0.032671,7.971512956516527,10.756,10.7,9.834
38.789,-0.096,0.912,3.162,250.0,-1.546,0.184,11.497,11.492,9.568,0.012,0.917,0.057516,4.081473048416688,11.478,11.472,9.523
60.567,0.18,0.575,3.807,174.729,-0.771,-0.692,11.037,11.033,8.871,0.007,0.578,0.035292,7.622927062840344,11.045,11.041,8.901
25.732,-1.966,1.058,5.429,173.794,-0.775,-0.961,11.192,11.115,10.406,0.163,1.136,0.045523,3.3128788879134308,11.087,11.031,10.173
2.75,0.002,1.054,4.091,250.0,-1.6,2.438,11.462,11.411,10.497,0.109,1.104,0.006644,2.0318072809346304,11.444,11.4,10.427
2.637,-2.98,1.046,5.162,250.0,-1.536,-0.863,12.261,11.863,12.038,0.599,1.443,0.032401,3.991502384563646,12.141,11.791,11.883
19.969,0.518,0.911,5.323,85.781,-1.098,0.832,10.845,10.811,9.709,0.073,0.944,0.059318,2.5930054538603424,10.798,10.772,9.55
59.496,-1.745,0.595,5.057,68.398,-1.532,0.97,10.906,10.666,10.534,0.425,0.836,0.028464,7.1336223580143425,10.927,10.683,10.56
2.566,-2.965,1.019,5.396,79.936,-1.407,4.351,11.378,10.849,11.226,0.704,1.548,0.043034,11.66669338344167,11.223,10.747,11.046
85.847,0.019,1.144,4.313,250.0,-1.589,-0.259,11.889,11.787,11.204,0.207,1.245,0.022036,8.416510611024488,11.931,11.824,11.265
62.693,-1.715,0.581,3.542,109.7,-0.46,-0.995,10.839,10.837,8.361,0.003,0.582,0.031483,11.38001114707987,10.868,10.866,8.426
18.346,0.449,0.783,4.355,98.594,-1.063,-0.861,10.885,10.875,9.225,0.022,0.793,0.040476,6.092252588707428,10.834,10.827,9.014
85.441,0.196,1.187,4.694,248.228,-0.214,-1.072,11.039,11.035,9.03,0.01,1.191,0.058108,9.596502485599324,11.181,11.173,9.431
52.395,0.208,0.816,4.764,60.856,-1.596,-0.258,10.735,10.64,10.029,0.197,0.911,0.033373,10.000380760144951,10.736,10.641,10.03
2.593,-2.9,0.975,5.846,59.45,-0.305,-3.811,10.775,10.705,9.946,0.148,1.045,0.034602,5.498725684248944,10.675,10.632,9.649
39.009,-0.606,0.848,4.311,53.351,-1.541,0.239,10.62,10.601,9.26,0.044,0.868,0.054434,4.630266273581449,10.609,10.59,9.236
76.377,-2.985,0.968,2.908,250.0,-1.599,-0.297,11.478,11.472,9.602,0.013,0.974,0.034358,8.15313418985616,11.501,11.494,9.657
86.82,-0.785,0.792,4.455,210.011,-1.6,0.642,11.107,10.913,10.664,0.36,0.986,0.025804,6.268079227998371,11.323,11.101,10.925
32.386,0.332,0.75,4.494,250.0,-1.54,1.125,11.461,11.323,10.897,0.273,0.889,0.051879,2.791988331176068,11.383,11.26,10.773
36.922,-1.89,0.948,5.56,40.441,-0.775,0.769,10.666,10.556,10.014,0.223,1.057,0.047946,11.082382681959146,10.574,10.476,9.876
72.019,-0.71,0.742,4.684,89.091,-1.522,-0.981,10.766,10.694,9.951,0.153,0.814,0.016335,12.385951110036006,10.873,10.789,10.118
49.11,-0.251,0.635,3.945,126.08,-0.326,-0.983,10.942,10.94,8.494,0.004,0.636,0.046492,6.184440398746213,10.917,10.916,8.417
66.033,0.543,0.639,5.897,64.853,-0.115,-1.243,10.636,10.63,8.779,0.014,0.645,0.057435,2.695787949338965,10.674,10.666,8.93
80.043,0.004,0.753,5.217,250.0,-0.0,-0.758,11.308,11.287,9.973,0.046,0.774,0.028573,5.378080532685045,11.317,11.295,10.013
2.566,-1.774,1.473,3.711,250.0,-0.601,0.435,11.734,11.732,9.166,0.003,1.474,0.020218,9.116900729219951,11.646,11.645,8.88
86.698,0.517,0.82,4.242,134.147,-1.6,1.24,10.848,10.78,10.005,0.144,0.887,0.022813,11.928963431469844,11.016,10.945,10.193
75.563,0.59,0.875,5.313,145.763,-0.81,1.032,10.987,10.859,10.392,0.254,1.003,0.02463,16.365432218640624,11.165,10.976,10.711
72.108,0.578,0.781,5.752,153.598,-0.559,-1.013,10.983,10.871,10.339,0.227,0.893,0.015276,12.187986593671058,11.149,10.996,10.62
86.273,0.109,0.294,5.301,226.333,-1.554,1.423,11.992,11.117,11.923,0.865,1.163,0.033592,6.988813561568697,11.999,11.123,11.93
85.23,0.168,1.008,6.128,250.0,-0.0,-0.28,11.589,11.533,10.66,0.118,1.062,0.036344,4.466774515037477,11.611,11.549,10.726
82.393,0.231,1.029,5.374,250.0,-0.101,-1.018,11.158,11.141,9.735,0.038,1.045,0.042328,9.134446735775295,11.403,11.363,10.344
19.328,0.252,0.796,6.459,234.934,-0.081,-0.935,11.283,11.209,10.473,0.155,0.869,0.028285,5.2489331053151975,11.203,11.153,10.229
40.222,-0.119,0.969,4.562,250.0,-0.979,-1.091,11.536,11.518,10.123,0.039,0.986,0.064739,3.305026495319897,11.516,11.5,10.068
56.344,-0.293,0.832,4.516,150.016,-1.592,-1.029,11.074,11.004,10.244,0.148,0.901,0.042214,3.485459866454241,11.049,10.981,10.202
67.927,0.442,0.839,5.703,52.093,-0.776,1.202,10.574,10.547,9.348,0.059,0.865,0.051309,3.2051825770961244,10.613,10.581,9.455
62.101,0.217,0.583,5.98,105.092,-0.249,-1.07,10.885,10.836,9.918,0.108,0.632,0.034078,4.381045954475547,10.901,10.847,9.962
2.663,-1.808,1.149,4.846,250.0,-1.023,1.075,12.067,11.983,11.311,0.175,1.233,0.063475,5.1321377393376775,11.985,11.921,11.115
77.764,-0.049,0.829,4.743,250.0,-0.316,-0.627,11.482,11.476,9.542,0.011,0.834,0.038817,6.656902015779511,11.488,11.482,9.565
58.192,0.35,0.674,5.556,65.808,-1.382,0.791,10.838,10.668,10.346,0.322,0.843,0.035888,3.441269004087059,10.842,10.671,10.352
39.028,0.036,0.603,4.694,134.74,-1.465,-1.045,11.057,10.985,10.244,0.154,0.675,0.037753,3.2913281248141075,11.006,10.94,10.16
65.935,-0.042,0.789,5.496,250.0,-0.392,-1.167,11.292,11.275,9.869,0.038,0.806,0.042635,3.352527538928899,11.295,11.277,9.879
50.524,0.115,0.582,3.701,134.865,-0.949,-0.846,10.943,10.941,8.6,0.005,0.584,0.047069,3.839188093035656,10.942,10.939,8.596
6.585,0.002,0.78,5.055,129.366,-0.877,-3.517,10.959,10.933,9.709,0.056,0.805,0.032027,6.633710392169768,10.957,10.931,9.701
83.432,0.097,0.837,5.319,250.0,-0.335,0.336,11.432,11.415,10.003,0.037,0.853,0.054804,5.9263256174093595,11.441,11.423,10.034
85.176,0.159,0.755,5.542,250.0,-1.226,0.388,11.88,11.329,11.736,0.718,1.305,0.020138,5.173679372393648,11.941,11.358,11.808
18.564,0.018,0.197,5.469,44.019,-1.548,-1.009,10.806,10.543,10.463,0.454,0.46,0.020967,5.901932452622778,10.756,10.513,10.388
65.511,0.087,0.651,4.765,80.255,-1.321,-1.144,10.769,10.731,9.686,0.083,0.689,0.033432,6.955058593132068,10.789,10.748,9.738
2.664,0.082,0.692,4.564,180.784,-0.099,-4.622,11.136,11.133,8.905,0.006,0.695,0.026061,6.882827384429013,11.062,11.06,8.603
84.963,0.262,0.835,4.599,250.0,-1.401,1.195,11.498,11.416,10.727,0.17,0.916,0.046794,3.709856867462208,11.545,11.453,10.822
37.46,-0.851,0.941,3.876,221.287,-1.591,-0.331,11.175,11.142,10.018,0.07,0.973,0.029885,8.129778891176214,11.168,11.136,10.002
33.488,0.424,0.797,5.335,61.729,-1.54,1.42,10.759,10.653,10.092,0.216,0.902,0.049999,2.801181460398407,10.75,10.647,10.074
79.414,0.111,0.673,6.415,214.728,-0.048,-1.182,11.148,11.1,10.152,0.101,0.719,0.013389,7.831761770087917,11.181,11.123,10.267
68.127,0.201,0.65,4.931,117.098,-1.269,-0.214,10.91,10.866,9.885,0.095,0.694,0.026626,6.264472367135696,10.943,10.893,9.966
84.745,0.04,0.723,5.603,247.286,-0.758,0.482,11.232,11.168,10.353,0.133,0.785,0.019489,7.332036037366826,11.245,11.178,10.385
78.559,0.373,1.071,5.493,250.0,-0.73,-1.239,11.595,11.552,10.55,0.09,1.112,0.031601,6.095436551024225,11.656,11.604,10.694
21.555,0.528,0.795,6.199,250.0,-0.001,-1.663,11.319,11.222,10.616,0.198,0.891,0.060274,5.283721791621152,11.298,11.211,10.556
80.305,-0.802,0.74,4.785,126.367,-1.444,0.927,10.894,10.802,10.175,0.191,0.832,0.017399,5.11760654655232,11.034,10.917,10.408
77.061,0.289,0.825,5.602,153.623,-0.862,0.963,11.011,10.96,10.046,0.108,0.875,0.023122,6.035446079405471,11.057,10.997,10.158
68.997,0.271,0.782,5.892,224.607,-0.232,1.059,11.073,11.033,10.013,0.087,0.821,0.035568,4.805438821417338,11.18,11.128,10.235
82.799,-0.65,0.909,4.172,250.0,-1.6,-0.255,11.291,11.219,10.469,0.151,0.98,0.014608,3.302975715556967,11.294,11.222,10.475
86.055,0.113,1.09,4.767,111.598,-1.566,1.175,11.004,10.87,10.427,0.265,1.223,0.041722,9.769713750547778,11.01,10.875,10.437
80.622,-1.465,1.059,3.608,250.0,-1.598,0.979,11.445,11.421,10.182,0.055,1.084,0.022528,13.602273544618235,11.657,11.628,10.464
67.721,-0.816,0.388,4.624,86.211,-1.6,1.047,10.819,10.721,10.125,0.202,0.486,0.026179,7.346967954197282,10.883,10.774,10.225
49.713,0.413,0.603,5.064,64.06,-1.409,-1.027,10.724,10.674,9.758,0.108,0.653,0.033647,4.71130494323886,10.709,10.661,9.727
60.262,-0.173,0.709,4.586,69.986,-1.409,1.058,10.71,10.686,9.437,0.053,0.733,0.026288,6.522306313518994,10.72,10.695,9.458
41.805,0.58,0.67,3.935,52.641,-0.73,1.151,10.657,10.653,8.621,0.009,0.674,0.039259,11.625797283452137,10.588,10.584,8.491
68.708,0.509,0.647,4.641,88.526,-1.449,1.059,10.754,10.693,9.874,0.132,0.708,0.023873,7.325782188367699,10.851,10.785,10.002
86.055,0.272,0.844,4.273,250.0,-1.335,0.192,11.732,11.639,11.014,0.192,0.936,0.07413,10.585501116731248,11.79,11.676,11.151
84.701,0.517,0.388,5.0,175.818,-1.418,-12.896,11.527,11.003,11.372,0.701,0.912,0.036789,6.234917105118137,11.56,11.023,11.411
52.724,0.576,0.899,3.368,250.0,-1.58,1.072,11.455,11.435,10.092,0.043,0.918,0.033691,7.070132061944054,11.43,11.411,10.063
86.055,0.24,0.927,5.967,250.0,-0.0,0.482,11.603,11.582,10.25,0.045,0.947,0.044191,4.9213029553528,11.645,11.618,10.398
4.671,0.038,0.656,2.55,120.838,-1.6,14.859,10.909,10.907,8.512,0.004,0.658,0.026776,11.469473488794112,10.907,10.905,8.506
80.042,-0.212,0.978,5.309,250.0,-0.058,0.157,11.533,11.524,9.792,0.018,0.986,0.046114,5.0858154783489695,11.537,11.528,9.813
37.93,0.109,0.957,4.133,250.0,-1.506,-0.814,11.357,11.303,10.416,0.115,1.01,0.025477,10.025806071861108,11.331,11.281,10.367
26.581,0.428,0.918,4.651,56.948,-0.254,1.161,10.66,10.659,7.856,0.002,0.919,0.041409,4.255439776057133,10.616,10.615,7.672
72.81,0.121,0.685,5.494,58.662,-1.059,0.995,10.622,10.592,9.43,0.064,0.713,0.037316,2.5023437333194893,10.661,10.627,9.533
77.719,-0.273,0.988,3.884,250.0,-1.566,-0.088,11.251,11.189,10.371,0.132,1.05,0.045991,6.891810480466715,11.288,11.22,10.45
84.745,0.137,0.853,4.236,250.0,-1.404,-0.172,11.405,11.297,10.747,0.22,0.961,0.037692,7.964497028885433,11.438,11.322,10.806
40.867,-2.999,1.104,3.963,250.0,-1.589,0.078,12.165,12.135,10.984,0.066,1.133,0.017421,8.266131346387056,12.161,12.131,10.976
60.019,0.564,0.596,5.268,76.369,-1.257,-0.997,10.896,10.716,10.425,0.339,0.775,0.031505,6.035338253856277,10.915,10.728,10.46
84.797,0.296,0.875,6.023,250.0,-0.204,1.38,11.296,11.246,10.325,0.107,0.924,0.008991,11.69590369044912,11.34,11.281,10.438
68.548,0.426,0.695,5.56,67.737,-0.883,1.01,10.784,10.581,10.356,0.373,0.898,0.021981,13.60775991655843,10.909,10.682,10.518
69.092,-0.044,0.933,4.38,250.0,-1.2,-1.055,11.205,11.153,10.255,0.112,0.984,0.020615,12.836174253059086,11.265,11.205,10.373
64.184,0.01,0.469,3.236,116.123,-0.399,2.256,10.875,10.874,7.982,0.001,0.47,0.02043,12.91800990666221,10.89,10.889,8.026
62.737,0.371,0.561,5.318,49.17,-1.129,-0.979,10.612,10.517,9.908,0.198,0.656,0.040337,5.512148210387562,10.654,10.552,9.975
79.102,0.01,0.962,4.713,250.0,-1.2,-0.142,11.705,11.642,10.826,0.133,1.024,0.050463,5.051613793622494,11.719,11.653,10.857
56.34,-0.418,0.639,5.072,72.371,-1.269,0.954,10.75,10.716,9.622,0.074,0.672,0.042099,2.653272120187265,10.741,10.708,9.6
79.934,0.074,0.802,6.54,106.388,-0.07,-0.96,10.861,10.846,9.321,0.029,0.815,0.036535,3.827236560034219,10.872,10.856,9.364
85.778,0.202,0.862,6.371,81.81,-0.234,-1.095,10.706,10.69,9.217,0.033,0.876,0.041699,5.056558637519509,10.78,10.756,9.491
36.637,0.394,0.772,5.791,204.944,-0.628,0.983,11.467,11.18,11.152,0.484,1.059,0.012587,16.977038174897437,11.343,11.109,10.963
36.735,-0.18,0.61,5.803,54.178,-0.987,0.93,10.997,10.679,10.713,0.52,0.928,0.047987,6.771912073654965,10.888,10.596,10.577
2.87,-1.543,1.141,3.302,250.0,-1.519,-0.951,11.799,11.793,9.885,0.012,1.146,0.064468,3.736194900230146,11.75,11.744,9.764
66.808,-0.394,0.933,4.386,199.945,-1.165,0.897,11.088,11.075,9.524,0.027,0.945,0.042901,3.321957728599042,11.102,11.089,9.56
59.614,0.122,0.823,4.947,48.76,-1.37,-0.659,10.57,10.556,9.031,0.029,0.836,0.064008,1.8379879944437456,10.569,10.555,9.027
69.265,0.021,0.807,4.461,167.38,-1.216,0.225,11.037,11.011,9.792,0.057,0.832,0.052851,4.373008919619383,11.05,11.022,9.823
73.658,0.038,0.818,4.987,250.0,-1.015,-0.42,11.529,11.455,10.722,0.156,0.891,0.025522,7.468577490107074,11.538,11.462,10.742
56.791,0.392,0.633,5.902,46.839,-1.32,1.039,10.748,10.545,10.319,0.373,0.836,0.021329,5.5839708676812885,10.737,10.537,10.302
32.596,0.112,0.527,4.673,187.106,-1.513,1.083,11.274,11.128,10.73,0.286,0.673,0.034587,4.0957296335042335,11.192,11.061,10.608
31.494,-0.044,0.868,4.94,250.0,-0.75,-0.349,11.518,11.497,10.143,0.042,0.887,0.05151,3.967434138699692,11.511,11.491,10.12
61.535,-0.136,0.953,3.833,250.0,-1.277,-0.561,11.648,11.637,9.97,0.021,0.963,0.069644,3.7080104072302817,11.65,11.64,9.975
2.714,-2.646,0.717,4.786,46.178,-0.723,-3.96,10.606,10.598,8.882,0.019,0.726,0.06127,2.712254253582885,10.539,10.533,8.678
49.195,-0.056,0.988,5.956,250.0,-0.324,-0.587,11.525,11.492,10.367,0.07,1.019,0.02656,3.543366520595697,11.522,11.49,10.36
83.825,0.326,0.769,5.462,78.844,-0.66,1.139,10.709,10.695,9.174,0.029,0.782,0.046224,3.2358146552824456,10.757,10.74,9.311
45.547,0.551,0.604,5.538,46.342,-0.781,-1.069,10.603,10.561,9.567,0.092,0.646,0.03041,6.315366244488372,10.571,10.533,9.493
20.0,0.216,0.772,4.945,250.0,-1.152,-0.934,11.427,11.339,10.69,0.183,0.86,0.030276,6.068799791656799,11.373,11.299,10.563
36.735,0.48,-0.052,6.961,50.821,-0.016,1.61,11.237,10.502,11.148,0.816,0.682,0.01474,5.779221103707985,11.102,10.439,10.996
75.751,0.265,0.872,4.944,250.0,-0.902,1.388,11.368,11.335,10.216,0.071,0.904,0.053361,3.751537767133833,11.394,11.357,10.293
80.534,0.367,0.981,5.006,156.104,-0.04,-1.326,10.966,10.964,7.934,0.001,0.981,0.057954,2.839114158376798,11.0,10.997,8.065
86.222,0.186,0.89,6.218,250.0,-0.0,0.435,11.695,11.616,10.911,0.165,0.968,0.017917,8.759545905321094,11.736,11.643,11.017
62.751,0.506,0.53,4.144,51.988,-1.584,1.054,10.562,10.543,9.197,0.043,0.55,0.026684,9.667416236927671,10.599,10.579,9.247
74.852,0.129,0.908,4.922,250.0,-1.249,0.733,11.798,11.7,11.097,0.2,1.005,0.033643,6.1348144749499,11.823,11.719,11.145
86.468,0.082,0.412,5.729,59.907,-0.0,1.039,10.626,10.572,9.692,0.116,0.465,0.040965,6.784743933598187,10.708,10.635,9.897
81.435,-0.135,0.907,3.576,250.0,-1.425,0.467,11.76,11.751,10.001,0.017,0.915,0.062975,4.992700500669119,11.768,11.759,10.019
64.453,0.309,0.508,5.174,117.06,-0.364,-1.267,10.877,10.865,9.289,0.026,0.519,0.046951,4.218828330867865,10.9,10.887,9.366
58.889,0.254,0.882,3.921,250.0,-1.364,-0.893,11.402,11.38,10.068,0.046,0.903,0.092548,3.7211443692158337,11.416,11.394,10.101
58.083,-0.024,0.761,5.236,250.0,-0.936,0.677,11.728,11.632,11.015,0.195,0.855,0.016264,10.367273056286216,11.733,11.636,11.027
43.11,0.368,0.66,5.932,240.526,-0.25,-0.505,11.217,11.168,10.228,0.103,0.707,0.021299,8.362921636110222,11.214,11.166,10.218
62.788,0.375,0.487,5.529,71.804,-1.579,-1.06,10.987,10.705,10.663,0.476,0.767,0.019494,5.7917612687910935,10.986,10.705,10.663
66.39,0.189,0.834,5.775,250.0,-0.504,0.612,11.283,11.247,10.159,0.076,0.869,0.023511,7.700924115628058,11.297,11.258,10.208
57.559,0.074,0.702,3.858,80.875,-1.384,-0.997,10.745,10.74,8.766,0.01,0.707,0.045469,3.4648139318953324,10.754,10.75,8.782
41.054,-1.565,0.847,4.667,200.484,-1.6,-0.166,11.281,11.098,10.815,0.343,1.029,0.006059,7.971429292890913,11.279,11.097,10.812
59.504,-0.176,0.945,4.227,250.0,-0.7,1.039,11.369,11.362,9.588,0.017,0.953,0.045234,6.145032048396821,11.385,11.377,9.623
59.807,0.499,0.437,3.18,56.498,-1.248,-0.985,10.505,10.504,8.039,0.003,0.438,0.054893,5.3137811173599045,10.522,10.52,8.077
31.851,0.596,0.908,5.84,250.0,-0.012,-1.075,11.717,11.602,11.084,0.233,1.023,0.090542,5.933631185499636,11.594,11.513,10.823
49.104,0.549,0.577,5.482,55.158,-1.385,0.992,10.875,10.563,10.585,0.512,0.889,0.043321,5.18456111614613,10.83,10.53,10.528
82.798,-2.966,0.717,5.55,168.641,-1.04,0.817,11.277,11.011,10.938,0.458,0.983,0.023309,3.3851102902776065,11.279,11.012,10.941
78.17,-0.231,0.766,4.238,250.0,-1.183,-0.627,11.486,11.434,10.533,0.111,0.818,0.028021,14.610805041850783,11.511,11.455,10.596
86.2,0.27,0.793,6.883,95.868,-0.116,1.014,10.781,10.736,9.763,0.096,0.837,0.027046,4.883595085690943,10.881,10.816,10.019
84.355,0.218,0.955,3.965,250.0,-1.313,-0.17,11.497,11.48,10.055,0.036,0.971,0.063716,4.685476783632907,11.542,11.523,10.158
56.159,0.393,0.558,4.737,144.981,-1.395,-1.428,11.098,10.954,10.547,0.282,0.701,0.033673,5.4333923227023995,11.112,10.965,10.568
2.566,-2.516,1.468,4.129,250.0,-0.417,-2.291,11.923,11.919,9.947,0.011,1.472,0.015778,19.79559832484242,11.804,11.8,9.655
56.636,0.475,0.83,6.407,75.991,-0.212,1.488,10.796,10.717,10.011,0.164,0.907,0.02422,9.690256157405935,10.816,10.727,10.076
46.533,0.163,0.731,5.023,40.468,-1.305,1.005,10.531,10.513,9.128,0.04,0.748,0.056839,2.2747523495200004,10.495,10.478,9.054
85.453,-0.044,1.126,5.807,101.815,-0.52,-0.978,10.696,10.644,9.747,0.112,1.178,0.016006,11.189628476682348,10.931,10.84,10.21
86.339,0.417,0.963,5.699,83.438,-0.525,-1.065,10.633,10.52,9.993,0.229,1.076,0.036698,14.906032806388575,10.937,10.763,10.457
59.098,0.406,0.379,4.556,142.473,-1.577,1.388,11.173,10.93,10.805,0.429,0.622,0.050576,4.8951804257152,11.193,10.949,10.827
84.137,0.21,0.855,5.064,250.0,-0.419,-0.119,11.551,11.526,10.291,0.055,0.88,0.05794,12.584517180772506,11.582,11.552,10.394
26.19,-0.188,0.807,6.043,250.0,-1.339,0.818,12.486,11.269,12.459,0.939,2.024,0.01692,8.35321579170558,12.343,11.218,12.309
46.946,0.229,0.842,4.097,171.123,-1.13,0.868,11.058,11.048,9.349,0.02,0.85,0.027051,8.883016750159054,11.048,11.039,9.321
59.494,-1.351,0.853,2.097,171.382,-1.343,0.994,11.022,11.022,7.902,0.001,0.853,0.033337,6.557787377872514,11.032,11.032,7.918
68.425,-0.043,0.947,5.79,250.0,-0.243,-0.215,11.43,11.376,10.489,0.115,1.0,0.032105,7.765823781696864,11.444,11.387,10.532
39.215,-1.905,1.044,4.441,250.0,-1.6,1.175,11.922,11.764,11.403,0.303,1.201,0.001904,8.293396624845961,11.958,11.79,11.46
86.461,0.427,0.856,5.983,64.02,-0.536,1.11,10.578,10.561,9.117,0.035,0.871,0.030667,4.389405502653918,10.687,10.661,9.442
81.685,0.212,1.025,3.629,250.0,-1.242,-0.944,11.105,11.094,9.504,0.025,1.036,0.038058,7.144540673710998,11.263,11.251,9.697
74.588,-0.77,0.848,5.727,250.0,-0.006,-0.708,11.363,11.323,10.299,0.086,0.887,0.009227,8.947846795269198,11.358,11.32,10.28
74.442,-0.636,0.508,4.81,54.909,-1.136,0.859,10.561,10.55,8.931,0.023,0.519,0.03615,4.431947802588061,10.615,10.601,9.115
48.7,0.281,0.857,5.762,124.706,-0.66,-0.921,10.975,10.938,9.885,0.081,0.894,0.037109,5.319318791616934,10.951,10.917,9.817
33.911,0.084,0.932,4.659,123.843,-0.853,0.628,10.921,10.916,8.891,0.009,0.936,0.095223,2.0794450550093813,10.912,10.907,8.865
86.488,0.256,0.601,5.519,56.117,-1.57,-1.054,10.719,10.55,10.225,0.321,0.769,0.035691,5.1978690167993955,10.809,10.609,10.374
86.324,0.525,0.768,6.191,250.0,-0.131,1.489,11.073,11.042,9.895,0.066,0.798,0.0481,7.640420734569225,11.261,11.202,10.363
77.688,0.235,0.159,3.772,114.406,-0.821,-1.224,10.852,10.846,8.955,0.013,0.165,0.059738,4.192597894740074,10.877,10.87,9.015
63.82,0.467,0.881,3.947,250.0,-1.521,1.168,11.336,11.263,10.524,0.154,0.954,0.04751,7.756657888326243,11.377,11.3,10.585
81.187,-0.112,0.964,2.674,250.0,-1.099,0.335,11.188,11.187,8.337,0.001,0.965,0.045126,7.986514834275656,11.208,11.206,8.392
78.519,0.305,0.846,4.295,158.484,-0.249,0.598,10.998,10.996,8.387,0.002,0.847,0.024208,10.223876892515328,11.011,11.009,8.437
2.678,-1.286,1.024,5.234,250.0,-1.395,1.174,11.975,11.664,11.683,0.511,1.334,0.021241,2.804153512858818,11.863,11.6,11.52
18.543,0.074,0.966,4.105,250.0,-1.6,-2.306,11.414,11.355,10.511,0.125,1.024,0.009237,3.0001465758929804,11.414,11.355,10.51
84.023,0.105,1.019,5.823,250.0,-0.191,0.592,11.617,11.579,10.533,0.082,1.056,0.053858,4.3065218683822994,11.633,11.591,10.579
78.308,0.045,0.993,2.243,250.0,-1.328,1.408,11.186,11.185,8.261,0.001,0.993,0.033202,10.904766479181452,11.216,11.215,8.329
51.317,0.275,0.975,3.402,204.593,-1.279,-1.148,11.116,11.112,9.07,0.009,0.979,0.095621,4.388508027668161,11.1,11.096,9.026
61.872,0.559,0.528,4.612,121.12,-1.266,-0.482,10.952,10.889,10.081,0.135,0.591,0.047506,5.818890822628932,10.966,10.9,10.112
68.237,0.086,0.891,4.022,250.0,-0.434,-1.221,11.432,11.43,8.727,0.002,0.892,0.09645,3.1571393318845526,11.434,11.432,8.732
2.574,-0.527,1.278,6.508,250.0,-0.279,0.688,12.171,11.87,11.87,0.5,1.579,0.055922,2.7305035862131075,11.987,11.789,11.551
47.358,0.301,0.596,4.817,51.424,-1.42,1.05,10.637,10.602,9.526,0.077,0.631,0.054532,3.184720690064492,10.608,10.576,9.449
65.878,0.504,0.722,4.494,70.988,-1.239,0.965,10.687,10.67,9.261,0.037,0.739,0.045326,4.365060189030778,10.718,10.7,9.327
81.371,0.106,0.77,3.608,149.332,-1.29,-0.328,10.976,10.972,8.948,0.009,0.774,0.047467,4.250216617384979,10.985,10.98,8.965
83.685,0.206,0.746,3.917,250.0,-1.348,-0.862,11.406,11.387,10.019,0.041,0.764,0.032624,7.408186478291467,11.436,11.415,10.097
41.013,-0.11,0.941,2.728,250.0,-1.384,-0.177,11.376,11.374,8.833,0.003,0.943,0.065189,3.8952043655711135,11.373,11.371,8.824
84.023,0.105,0.541,5.408,61.374,-1.6,-0.243,10.904,10.633,10.571,0.464,0.812,0.025751,4.487207728817606,10.922,10.645,10.596
76.546,0.077,0.811,4.548,250.0,-0.742,0.905,11.221,11.211,9.547,0.021,0.82,0.050614,4.347689317275595,11.235,11.224,9.588
85.581,0.203,0.942,5.966,250.0,-0.52,0.75,11.907,11.736,11.417,0.324,1.112,0.014461,10.486094385099785,11.945,11.754,11.494
13.779,-0.255,0.64,4.762,153.414,-1.593,-1.358,11.174,11.012,10.665,0.31,0.801,0.017021,3.65632717455252,11.14,10.987,10.611
83.141,0.244,0.92,5.591,250.0,-0.312,0.347,11.711,11.648,10.833,0.133,0.982,0.042461,10.174396220538837,11.784,11.695,11.044
25.896,0.622,0.503,5.385,129.088,-0.789,-1.06,11.068,11.009,10.175,0.128,0.563,0.038838,3.3826238321911686,10.967,10.923,9.95
74.095,0.083,0.876,5.247,250.0,-0.643,0.18,11.734,11.669,10.874,0.138,0.941,0.039153,6.38497666494751,11.758,11.685,10.945
84.427,0.069,0.807,4.461,250.0,-1.416,-1.061,11.501,11.421,10.721,0.166,0.886,0.036952,5.305659695330178,11.51,11.429,10.739
2.595,-2.806,0.853,5.121,250.0,-1.599,-1.661,12.148,11.497,12.037,0.776,1.503,0.055068,4.270966186748899,12.006,11.418,11.876
83.904,0.046,0.743,4.939,250.0,-0.774,-0.206,11.316,11.28,10.21,0.078,0.779,0.04609,4.201958707992815,11.33,11.292,10.245
67.572,0.404,0.752,6.215,137.886,-0.143,-1.023,10.959,10.925,9.816,0.072,0.785,0.020828,6.877971373547498,10.994,10.955,9.92
37.109,0.538,0.845,5.724,191.892,-0.236,1.117,11.135,11.12,9.653,0.033,0.859,0.047632,3.2828391804623416,11.083,11.072,9.451
45.514,0.555,0.497,5.697,76.98,-0.597,0.997,10.917,10.789,10.324,0.255,0.625,0.033058,5.496418370684176,10.845,10.731,10.207
19.21,0.04,1.053,3.16,250.0,-0.733,1.728,11.671,11.67,8.747,0.001,1.054,0.051636,7.0389529381993405,11.659,11.658,8.705
84.023,-3.0,0.505,6.491,194.74,-0.0,-0.611,11.061,10.812,10.7,0.436,0.754,0.008516,3.2567030713312137,11.067,10.815,10.71
67.965,0.528,0.48,5.522,111.346,-0.814,-1.04,10.931,10.824,10.266,0.217,0.586,0.011605,12.733451389157558,11.006,10.874,10.422
86.222,0.22,0.862,6.072,250.0,-0.169,-0.212,11.421,11.278,10.865,0.278,1.004,0.040197,5.10072956440486,11.49,11.313,11.012
80.615,-0.237,1.001,3.049,250.0,-0.932,0.679,11.321,11.32,8.515,0.002,1.002,0.029167,5.8140646442047546,11.371,11.37,8.619
39.704,0.238,0.445,4.924,73.372,-1.083,-1.066,10.806,10.759,9.819,0.103,0.492,0.040289,4.439497806570955,10.755,10.712,9.724
20.542,0.016,0.23,5.722,124.694,-1.497,-1.678,11.558,10.654,11.5,0.875,1.133,0.001858,5.8539208460211505,11.477,10.614,11.412
18.215,0.545,0.634,4.287,99.697,-1.204,-2.647,10.967,10.931,9.861,0.078,0.67,0.044732,6.640222540103995,10.859,10.828,9.7
86.537,-0.923,1.104,5.559,111.345,-0.518,-0.94,10.713,10.647,9.858,0.14,1.169,0.020045,10.208998398956476,11.006,10.871,10.431
18.25,-2.189,0.718,6.03,250.0,-1.513,0.819,12.297,11.333,12.247,0.891,1.681,0.011802,1.9898244945974033,12.138,11.258,12.076
85.847,-0.509,0.99,2.918,250.0,-0.838,0.142,11.306,11.304,8.075,0.001,0.99,0.017658,4.477122149647042,11.346,11.345,8.19
62.896,-0.204,0.79,4.322,107.507,-1.073,-0.96,10.856,10.847,9.154,0.02,0.798,0.0299,6.4114649816626565,10.869,10.859,9.192
76.393,0.222,0.547,6.665,65.486,-0.149,0.659,10.713,10.654,9.805,0.124,0.604,0.017972,5.002585992347612,10.735,10.669,9.872
50.567,0.337,0.799,5.662,250.0,-0.124,0.652,11.345,11.315,10.165,0.066,0.829,0.034845,7.034976347335858,11.339,11.31,10.145
81.655,0.162,0.553,3.133,171.711,-1.028,1.716,11.003,11.0,8.745,0.006,0.555,0.093384,5.864431865279684,11.026,11.023,8.832
85.847,-3.0,1.019,4.621,250.0,-0.585,-0.178,11.457,11.446,9.838,0.024,1.03,0.015584,11.576175389524122,11.486,11.472,9.955
85.888,0.159,0.762,4.743,250.0,-0.846,0.146,11.411,11.371,10.347,0.086,0.801,0.048415,9.01322972380934,11.432,11.388,10.407
46.25,0.468,0.814,4.559,250.0,-1.519,-1.127,11.509,11.287,11.112,0.4,1.036,0.022075,12.420451229608997,11.483,11.268,11.075
50.241,0.235,0.495,5.27,65.419,-1.449,1.005,10.992,10.702,10.679,0.486,0.785,0.03372,7.079350593107187,10.952,10.669,10.632
49.323,0.107,0.895,4.767,173.143,-1.542,1.272,11.135,11.048,10.388,0.18,0.981,0.030086,4.18477612659026,11.126,11.04,10.369
60.243,-0.17,0.496,5.704,47.127,-1.137,1.006,10.817,10.526,10.506,0.489,0.787,0.038243,6.5520063285692,10.835,10.542,10.526
25.926,0.124,0.485,5.282,105.362,-1.235,-0.973,11.145,10.935,10.728,0.383,0.695,0.033389,4.677831618595442,11.026,10.848,10.554
63.534,0.155,0.747,5.089,67.903,-0.373,1.059,10.663,10.66,8.174,0.003,0.748,0.038659,3.992772866548895,10.686,10.684,8.255
74.785,0.126,0.653,4.467,232.717,-1.6,0.171,11.434,11.13,11.136,0.504,0.957,0.025443,11.274194416271634,11.459,11.147,11.17
2.804,-0.028,0.76,5.805,178.2,-0.543,-5.037,11.263,11.116,10.719,0.286,0.906,0.019609,6.902593079287405,11.16,11.052,10.501
29.69,0.045,0.784,6.043,99.934,-0.239,-3.911,10.906,10.83,10.108,0.159,0.859,0.019171,10.038360166590094,10.909,10.832,10.117
86.635,0.401,0.763,3.929,250.0,-1.6,1.202,11.182,11.097,10.426,0.176,0.847,0.060811,5.853015635394505,11.264,11.161,10.583
18.271,-1.484,0.662,4.11,228.577,-1.55,-0.988,11.34,11.255,10.593,0.179,0.748,0.021105,6.2187807256298155,11.215,11.138,10.425
19.289,0.036,0.935,6.804,250.0,-0.359,-0.465,12.431,11.649,12.352,0.835,1.716,0.014431,9.568972513533534,12.242,11.582,12.135
74.84,-0.39,1.032,5.088,250.0,-0.328,0.339,11.499,11.493,9.557,0.011,1.037,0.045487,3.129672595822663,11.507,11.501,9.586
41.978,0.074,0.573,5.793,112.076,-0.426,-1.079,10.983,10.912,10.161,0.151,0.644,0.036902,4.0624211131327534,10.931,10.87,10.042
39.215,-3.0,0.692,6.459,112.174,-0.0,2.162,10.8,10.577,10.402,0.4,0.914,0.015299,3.586159847723467,10.817,10.588,10.431
57.272,0.414,0.655,5.277,171.709,-0.612,1.014,11.058,11.029,9.867,0.064,0.684,0.03576,4.187980345076852,11.059,11.029,9.87
26.21,0.008,0.776,4.793,250.0,-0.985,0.567,11.356,11.317,10.286,0.085,0.814,0.055246,3.708688670626886,11.335,11.299,10.226
56.204,-0.251,0.86,4.889,82.408,-1.553,-0.703,10.847,10.757,10.118,0.187,0.95,0.041591,4.311945931453132,10.847,10.757,10.119
2.682,0.002,0.934,6.652,250.0,-0.0,5.404,11.581,11.432,11.042,0.289,1.082,0.015691,2.262056546546715,11.434,11.34,10.721
56.791,0.538,0.858,4.469,250.0,-1.391,1.093,11.515,11.409,10.849,0.216,0.963,0.063328,5.4455521398674,11.52,11.413,10.856
56.725,-1.485,0.425,3.433,155.213,-1.6,1.461,11.018,10.994,9.746,0.053,0.449,0.02168,9.82338830512376,11.019,10.995,9.747
36.668,0.617,0.883,5.773,250.0,-0.194,-0.969,11.519,11.457,10.647,0.134,0.946,0.037149,6.806267581334316,11.425,11.379,10.425
49.199,-0.417,0.571,4.57,86.491,-1.357,0.981,10.884,10.818,10.036,0.142,0.637,0.03073,5.869187817050532,10.839,10.774,9.979
47.566,-0.221,0.752,5.555,250.0,-0.613,0.226,11.659,11.563,10.952,0.196,0.847,0.029524,7.824929512629475,11.672,11.571,10.984
2.566,-1.449,1.148,4.79,250.0,-1.498,3.958,11.671,11.453,11.267,0.395,1.366,0.023119,6.215764224290768,11.545,11.363,11.08
82.799,0.257,0.861,6.415,152.096,-0.0,,11.049,10.984,10.188,0.138,0.925,0.024254,8.282618217707569,11.062,10.992,10.231
59.825,-2.981,0.918,3.886,250.0,-1.347,-0.986,11.567,11.537,10.391,0.067,0.948,0.029187,7.819822768285268,11.589,11.559,10.42
70.89,-3.0,0.69,4.462,61.771,-1.6,-0.718,10.645,10.607,9.564,0.083,0.728,0.026627,4.538287815306973,10.688,10.647,9.641
3.003,-1.906,0.777,4.378,42.277,-0.806,-1.634,10.548,10.544,8.552,0.01,0.782,0.05524,3.6686748636994446,10.5,10.497,8.413
86.297,0.35,1.046,5.874,250.0,-0.226,1.093,11.315,11.302,9.748,0.027,1.058,0.027564,8.911507737093206,11.406,11.385,10.055
79.49,0.143,0.85,4.623,250.0,-1.181,-1.25,11.434,11.389,10.416,0.096,0.894,0.047048,4.480841224172971,11.459,11.411,10.476
18.558,0.045,0.415,5.203,75.824,-1.6,4.876,11.07,10.778,10.759,0.489,0.707,0.04642,4.835766066746899,11.003,10.725,10.678
78.406,0.19,0.606,5.002,250.0,-0.864,-1.122,11.423,11.376,10.421,0.1,0.652,0.005077,15.411891468635249,11.455,11.404,10.495
64.996,-0.069,0.62,4.183,231.694,-0.852,0.973,11.117,11.109,9.387,0.019,0.629,0.03873,4.066340348732932,11.142,11.133,9.445
82.798,0.48,0.528,5.259,195.578,-1.382,,11.546,11.067,11.369,0.667,1.006,0.029518,5.679935669883538,11.555,11.073,11.381
3.349,-0.154,0.902,6.176,250.0,-0.067,2.095,12.256,12.033,11.858,0.4,1.124,0.013132,11.363371454549675,12.179,12.0,11.705
45.343,-0.685,0.445,3.194,55.104,-1.246,-0.911,10.657,10.656,7.905,0.002,0.445,0.035987,3.616337020304997,10.604,10.603,7.817
59.634,0.082,0.656,4.294,250.0,-1.195,-0.319,11.262,11.226,10.155,0.078,0.691,0.02332,9.990027961748378,11.266,11.229,10.165
16.033,0.134,0.379,5.797,75.053,-1.435,-1.028,11.475,10.832,11.363,0.773,1.022,0.032013,5.616243208067902,11.327,10.721,11.204
18.364,-0.461,0.362,3.248,40.992,-1.021,0.577,10.515,10.514,8.089,0.004,0.363,0.0267,12.4538943361794,10.412,10.411,7.919
80.043,0.014,1.04,6.148,250.0,-0.0,-1.8,11.824,11.546,11.499,0.473,1.318,0.001562,12.42199713775666,11.877,11.567,11.584
76.712,-0.142,0.821,4.777,88.102,-1.578,-0.908,10.869,10.685,10.406,0.345,1.005,0.030898,14.009944472004234,10.988,10.784,10.563
80.043,0.036,0.696,5.769,70.306,-0.775,-0.465,10.85,10.688,10.342,0.311,0.857,0.017808,10.296003417547238,10.864,10.697,10.368
26.954,0.448,0.091,5.237,54.447,-1.504,1.119,10.908,10.68,10.517,0.407,0.319,0.02584,5.236246200129312,10.816,10.599,10.41
86.774,0.13,0.934,5.366,63.531,-1.199,-0.978,10.625,10.591,9.499,0.075,0.968,0.039483,5.486255930884573,10.706,10.658,9.722
16.368,-0.032,0.71,4.362,250.0,-0.869,-1.026,11.373,11.365,9.569,0.016,0.717,0.063534,2.6543517084353048,11.342,11.335,9.469
17.7,-0.5,0.985,5.086,250.0,-0.07,1.17,11.581,11.574,9.699,0.013,0.991,0.051362,4.213456071298918,11.576,11.57,9.671
86.749,-1.974,0.819,6.428,233.318,-0.0,-0.884,11.297,11.049,10.936,0.435,1.068,0.006767,7.055714157911119,11.473,11.136,11.204
45.239,0.583,0.745,6.097,250.0,-0.111,0.977,11.323,11.233,10.591,0.186,0.834,0.015828,9.038926509642296,11.264,11.194,10.436
84.227,0.24,0.642,4.277,209.851,-0.632,0.275,11.104,11.1,8.774,0.005,0.644,0.057797,5.7061675259566185,11.116,11.112,8.824
77.101,0.572,0.754,5.325,100.11,-1.088,-0.992,10.761,10.64,10.145,0.242,0.875,0.023468,12.052387074137492,10.99,10.833,10.47
86.098,0.303,0.914,2.803,250.0,-1.529,0.177,11.338,11.334,8.982,0.004,0.916,0.039746,11.006853307429296,11.381,11.377,9.073
39.206,-0.393,0.704,4.491,250.0,-1.6,0.619,11.559,11.32,11.185,0.423,0.943,0.012804,9.59875743095339,11.558,11.319,11.183
52.728,0.246,0.753,5.163,95.304,-0.857,0.953,10.94,10.841,10.251,0.204,0.852,0.02,13.011109861935791,10.91,10.814,10.208
58.65,-0.442,0.864,2.936,250.0,-1.368,0.833,11.512,11.509,9.156,0.004,0.866,0.061125,3.840935938157047,11.518,11.515,9.171
52.778,-0.061,0.656,4.356,250.0,-1.494,-1.144,11.485,11.386,10.794,0.204,0.755,0.014892,10.666122552004158,11.488,11.388,10.8
73.281,0.439,0.65,5.92,129.101,-0.482,1.084,10.922,10.872,9.958,0.109,0.7,0.018546,8.13349645398234,10.996,10.93,10.144
44.036,0.321,0.717,4.631,250.0,-1.6,0.134,11.69,11.393,11.385,0.495,1.014,0.059432,4.92631808893395,11.666,11.375,11.354
52.718,-2.903,0.677,4.322,106.729,-1.056,0.979,10.892,10.873,9.508,0.041,0.695,0.018454,10.889215047332907,10.875,10.857,9.48
82.53,0.299,0.919,5.782,250.0,-0.076,0.427,11.481,11.466,9.942,0.029,0.932,0.034067,8.077146466248827,11.523,11.504,10.103
18.268,-2.928,0.887,4.77,250.0,-1.024,0.813,11.47,11.338,10.889,0.262,1.019,0.026285,16.881388258144806,11.339,11.235,10.669
31.677,0.105,0.553,4.785,87.402,-0.973,-1.025,10.839,10.83,9.14,0.02,0.562,0.048712,2.391109430751333,10.786,10.778,8.995
83.251,0.155,0.698,5.347,203.237,-0.254,0.704,11.106,11.091,9.593,0.031,0.711,0.039706,8.346504473499309,11.117,11.102,9.64
51.81,0.122,0.57,5.25,250.0,-0.764,1.074,11.276,11.225,10.316,0.11,0.62,0.029367,5.3211079312141605,11.269,11.219,10.296
80.308,0.076,0.642,6.507,129.254,-0.138,-1.259,10.95,10.912,9.861,0.081,0.679,0.011241,5.451529397663026,10.974,10.93,9.942
41.103,-1.122,1.362,4.681,250.0,-1.24,0.176,11.814,11.73,11.055,0.174,1.445,0.04231,5.992720815451801,11.835,11.749,11.089
63.674,0.389,0.588,5.738,54.554,-1.401,1.077,10.742,10.584,10.223,0.303,0.745,0.019246,2.7443367946132313,10.762,10.599,10.255
20.337,-2.39,0.881,4.993,198.198,-1.533,0.516,11.29,11.115,10.808,0.33,1.055,0.021443,5.207993964982226,11.256,11.093,10.748
33.771,-1.09,0.879,2.624,250.0,-0.723,0.364,11.859,11.858,8.962,0.001,0.88,0.056448,10.301395717364583,11.864,11.863,8.976
79.927,-0.595,0.904,4.896,62.325,-1.172,-0.853,10.606,10.599,8.718,0.013,0.909,0.037905,2.0662908752781117,10.659,10.65,8.858
74.592,0.067,0.895,5.117,234.856,-0.337,0.725,11.145,11.136,9.41,0.018,0.903,0.065663,4.314040656970941,11.155,11.145,9.449
54.647,-0.46,0.873,4.361,250.0,-1.6,0.335,11.538,11.409,10.947,0.256,1.002,0.038701,3.86688632545292,11.539,11.41,10.949
57.363,-2.347,0.748,4.232,59.921,-1.209,0.671,10.642,10.636,8.774,0.014,0.754,0.036674,3.9640861534892458,10.641,10.635,8.772
2.57,-0.201,1.287,5.569,250.0,-0.937,4.051,12.113,11.866,11.75,0.433,1.534,0.071045,2.9453738583150586,11.966,11.781,11.505
49.615,-0.237,0.13,5.098,58.789,-1.6,-1.391,10.919,10.586,10.648,0.535,0.463,0.028844,8.089387028703182,10.915,10.582,10.643
3.328,-0.035,0.945,5.723,250.0,-0.096,1.696,11.436,11.415,10.095,0.046,0.965,0.074908,3.456410673250068,11.404,11.387,9.968
72.628,-2.585,0.8,3.758,250.0,-1.016,-0.806,11.229,11.225,9.127,0.008,0.804,0.032517,3.997849250372282,11.283,11.279,9.29
46.549,-0.072,0.758,4.573,250.0,-1.413,-0.132,11.395,11.278,10.768,0.236,0.875,0.026712,7.189220542326633,11.387,11.272,10.753
18.22,0.48,0.56,6.697,127.757,-0.001,-3.396,11.23,10.987,10.86,0.427,0.802,0.026822,7.120315297969307,11.103,10.924,10.63
84.638,0.187,0.904,5.074,250.0,-0.831,-0.302,11.36,11.324,10.226,0.074,0.937,0.032931,7.81624241642126,11.399,11.356,10.35
63.195,0.026,0.786,4.062,250.0,-1.596,0.516,11.465,11.391,10.659,0.156,0.86,0.029567,3.8734290709582546,11.465,11.391,10.659
37.231,-0.04,0.496,4.085,60.897,-0.166,-4.145,10.637,10.636,7.908,0.002,0.497,0.032514,6.831354613364172,10.643,10.641,7.936
32.598,0.4,0.804,4.958,250.0,-0.343,0.972,11.538,11.523,10.064,0.034,0.819,0.045472,5.8937643731569045,11.528,11.514,10.024
57.873,0.102,0.909,4.097,250.0,-0.764,-0.3,11.486,11.482,9.331,0.007,0.912,0.047706,3.659270524593045,11.49,11.486,9.342
85.856,-0.121,0.867,4.971,57.994,-1.291,1.008,10.553,10.541,8.939,0.024,0.878,0.022601,4.748429022824061,10.636,10.622,9.11
85.461,0.128,0.469,4.787,167.832,-1.6,0.265,11.287,10.998,10.972,0.485,0.757,0.020004,4.930098173601607,11.314,11.016,11.009
46.124,0.085,0.8,5.868,250.0,-0.747,-1.029,11.343,11.234,10.686,0.22,0.909,0.015426,7.603435873718422,11.33,11.225,10.657
70.613,0.599,0.599,6.774,65.54,-0.048,1.131,10.647,10.602,9.632,0.097,0.643,0.012358,6.629720266648655,10.734,10.67,9.868
56.161,0.522,0.624,5.151,123.734,-1.246,0.983,11.068,10.921,10.523,0.286,0.77,0.016786,7.386426673703449,11.054,10.912,10.499
41.013,-1.584,0.744,3.134,250.0,-0.995,0.157,11.423,11.42,9.113,0.005,0.746,0.033486,6.648645868808456,11.426,11.424,9.125
63.558,0.008,0.855,5.267,250.0,-0.16,-0.976,11.354,11.339,9.879,0.033,0.869,0.038107,7.35774813820648,11.392,11.374,9.993
2.572,-3.0,0.756,6.458,250.0,-1.195,4.593,12.849,11.282,12.837,0.973,2.323,0.029279,3.3387689774425415,12.638,11.224,12.62
2.644,-0.018,1.098,5.843,250.0,-0.702,-0.692,11.917,11.717,11.483,0.368,1.297,0.002952,3.677241877069782,11.793,11.649,11.24
54.923,-0.171,0.785,4.691,250.0,-1.106,-0.327,11.534,11.452,10.769,0.172,0.867,0.027625,8.201160879270308,11.546,11.46,10.795
85.58,-0.282,0.878,4.371,250.0,-1.596,0.105,11.828,11.644,11.365,0.345,1.061,0.023398,11.647640836112208,11.876,11.679,11.436
34.922,-0.071,0.771,3.832,250.0,-0.803,0.366,11.448,11.444,9.362,0.008,0.775,0.027843,3.875059214569284,11.45,11.446,9.37
59.612,0.618,0.812,5.65,160.884,-0.142,-0.974,11.016,10.993,9.713,0.05,0.834,0.03943,5.413321177164389,11.031,11.007,9.76
2.668,-2.697,0.997,4.765,250.0,-1.586,-0.977,11.846,11.605,11.475,0.426,1.237,0.044461,3.5406762363775086,11.748,11.54,11.329
52.804,0.387,0.799,5.685,250.0,-0.036,0.969,11.348,11.307,10.291,0.088,0.839,0.072894,4.036364441069208,11.329,11.291,10.239
31.673,0.374,0.501,5.772,172.084,-0.02,0.85,11.203,11.12,10.445,0.174,0.584,0.026546,6.732154976435566,11.087,11.03,10.177
59.026,-0.205,0.921,5.145,250.0,-0.802,0.224,11.629,11.558,10.802,0.149,0.991,0.02438,6.556481555392334,11.639,11.565,10.826
68.122,0.486,0.786,5.695,250.0,-0.042,1.045,11.167,11.147,9.815,0.044,0.806,0.032225,7.8103110097052735,11.227,11.199,10.024
69.298,0.382,0.618,6.234,130.498,-0.055,1.279,10.954,10.908,9.953,0.1,0.663,0.018758,9.04273643914638,10.989,10.934,10.057
78.0,-0.248,0.543,5.514,80.59,-0.128,0.942,10.691,10.685,8.807,0.013,0.549,0.022759,8.053271914531289,10.76,10.75,9.135
2.579,-2.294,1.099,2.763,109.807,-1.407,1.004,10.936,10.936,8.134,0.002,1.1,0.02894,5.264319030615356,10.87,10.869,7.942
70.269,0.388,0.739,4.509,202.273,-1.6,1.246,11.18,11.046,10.603,0.265,0.872,0.042011,4.40726359552924,11.233,11.089,10.682
72.467,0.063,0.661,4.857,61.561,-1.6,0.857,10.699,10.626,9.886,0.154,0.734,0.022453,6.033289806437617,10.721,10.645,9.925
85.598,0.329,0.855,5.45,119.024,-0.361,0.688,10.898,10.875,9.599,0.05,0.877,0.03528,9.781100633454846,10.927,10.899,9.705
2.605,-1.095,1.013,4.93,250.0,-1.55,-1.093,12.076,11.755,11.794,0.522,1.334,0.045809,4.949187323674176,11.958,11.682,11.631
82.354,0.282,0.651,4.693,66.588,-0.708,1.338,10.645,10.637,8.86,0.016,0.658,0.048545,4.87005833035884,10.685,10.676,8.978
86.693,0.456,0.501,5.337,144.59,-1.147,-1.069,10.96,10.89,10.123,0.146,0.569,0.028607,5.704155744271794,11.063,10.973,10.334
2.566,0.628,1.052,3.587,250.0,-0.925,-2.096,11.433,11.423,9.796,0.023,1.062,0.057702,5.302574369264655,11.331,11.323,9.551
37.632,0.232,1.061,4.73,73.791,-0.718,-1.001,10.768,10.765,8.466,0.005,1.063,0.05085,2.410215255483558,10.717,10.715,8.314
62.883,-0.08,0.559,5.12,49.128,-1.597,-1.179,10.667,10.546,10.051,0.242,0.679,0.025696,7.208959072302099,10.679,10.557,10.07
56.645,0.45,0.712,3.434,150.439,-1.273,-1.16,10.984,10.98,8.855,0.007,0.715,0.030197,8.041678366392054,10.992,10.988,8.878
25.773,-2.892,0.707,6.011,133.497,-0.43,0.996,11.291,11.056,10.913,0.418,0.942,0.016328,9.494780966592865,11.121,10.941,10.651
86.357,0.028,0.914,4.404,250.0,-1.564,0.415,11.421,11.325,10.714,0.196,1.009,0.000943,3.7574221482653383,11.453,11.349,10.778
61.854,0.031,0.341,3.084,71.656,-0.478,-2.16,10.702,10.701,7.885,0.002,0.342,0.046648,7.353424532504419,10.704,10.703,7.889
86.772,0.163,0.668,3.859,240.538,-1.6,2.033,11.197,11.126,10.37,0.149,0.738,0.055591,5.41562089082469,11.22,11.148,10.405
65.745,0.548,0.472,5.115,71.506,-1.467,0.973,10.814,10.545,10.479,0.462,0.742,0.032241,7.593152478856201,10.915,10.635,10.592
76.015,0.506,0.989,5.254,250.0,-0.243,-1.107,11.225,11.21,9.758,0.034,1.004,0.046766,6.970822899203451,11.376,11.348,10.167
86.055,0.266,0.73,5.885,250.0,-0.001,-0.126,11.563,11.439,10.956,0.247,0.853,0.025443,16.563876613350285,11.641,11.483,11.123
71.477,-2.154,0.698,3.872,133.044,-0.646,0.932,10.854,10.85,8.734,0.008,0.701,0.034032,6.881906871422622,10.939,10.935,8.924
18.946,-3.0,1.018,5.151,250.0,-1.438,0.563,11.881,11.372,11.72,0.69,1.527,0.010021,6.045255064812741,11.775,11.315,11.589
2.745,-0.123,1.171,3.922,250.0,-1.248,1.416,11.735,11.72,10.253,0.033,1.185,0.059056,3.2343512976217696,11.675,11.663,10.098
73.526,0.262,0.924,5.896,235.283,-0.428,1.268,11.175,11.131,10.15,0.095,0.967,0.016095,7.20576889196651,11.21,11.158,10.256
62.043,-0.452,0.916,5.039,181.183,-0.961,0.972,11.077,11.032,10.067,0.098,0.961,0.024407,7.589768826514922,11.108,11.058,10.135
18.404,-2.401,0.692,4.532,250.0,-1.18,-0.845,11.402,11.332,10.578,0.15,0.763,0.018415,11.253642335328692,11.299,11.244,10.374
56.171,-0.664,0.849,2.804,250.0,-1.411,0.959,11.36,11.356,9.27,0.008,0.853,0.024239,11.904683704360965,11.353,11.35,9.261
46.105,0.148,0.679,4.78,250.0,-1.592,1.44,11.878,11.504,11.639,0.577,1.052,0.067396,6.550857303889332,11.881,11.506,11.642
21.425,0.16,0.786,4.856,120.595,-0.735,1.133,10.93,10.904,9.689,0.057,0.812,0.017039,12.700874450087012,10.931,10.905,9.693
80.043,0.036,0.751,4.164,250.0,-1.6,-2.948,11.331,11.174,10.812,0.303,0.908,0.057664,6.495975070806382,11.344,11.183,10.836
59.041,0.102,0.608,4.438,86.382,-0.459,-0.459,10.777,10.772,8.764,0.01,0.613,0.049758,5.508960533007294,10.779,10.774,8.772
56.557,0.507,0.764,5.916,79.284,-0.287,1.001,10.772,10.745,9.549,0.06,0.791,0.025645,6.936091188655851,10.77,10.743,9.545
57.466,0.358,0.636,4.179,157.383,-1.3,1.049,11.03,10.993,9.937,0.081,0.673,0.03429,5.616669352554427,11.033,10.996,9.942
63.68,0.591,0.526,5.513,51.512,-1.588,-1.035,10.965,10.524,10.77,0.638,0.967,0.028954,7.327125363784561,11.019,10.577,10.824
82.612,-0.162,0.671,4.97,250.0,-1.453,0.204,11.91,11.457,11.72,0.647,1.123,0.005712,7.005358956496009,11.934,11.47,11.751
85.847,0.238,0.805,4.221,250.0,-1.482,-0.149,11.686,11.576,11.033,0.223,0.914,0.062827,8.6642430754744,11.728,11.607,11.113
77.886,-0.38,0.871,4.302,250.0,-1.311,-0.962,11.141,11.088,10.204,0.116,0.925,0.029633,6.683917290561622,11.308,11.237,10.488
19.441,-0.165,0.848,5.428,250.0,-1.155,0.406,12.097,11.622,11.92,0.665,1.323,0.013121,6.85911181288241,12.003,11.575,11.8
4.783,-0.01,0.707,3.579,250.0,-0.942,-2.316,11.241,11.235,9.34,0.013,0.713,0.032279,11.623903328816317,11.229,11.223,9.304
20.335,-2.86,0.937,4.717,250.0,-1.504,-0.8,11.887,11.769,11.259,0.236,1.054,0.030201,4.7054330876596,11.839,11.735,11.164
68.233,0.132,0.582,4.737,206.736,-0.952,-1.133,11.115,11.095,9.729,0.041,0.6,0.034676,5.584972354329306,11.127,11.106,9.765
85.23,0.159,0.702,6.654,190.575,-0.0,0.153,11.142,11.061,10.367,0.168,0.782,0.006462,6.63142163936919,11.166,11.076,10.432
80.043,0.036,0.869,4.265,250.0,-1.6,-0.535,11.615,11.388,11.223,0.406,1.095,0.033358,8.108684600675867,11.641,11.409,11.257
74.912,0.136,0.83,5.456,250.0,-0.916,-0.895,11.723,11.584,11.156,0.272,0.968,0.019953,5.1899382561596115,11.755,11.602,11.222
2.587,-1.18,1.205,6.198,250.0,-0.024,1.392,12.417,12.087,12.143,0.532,1.535,0.045175,7.840959169894368,12.223,12.004,11.821
84.998,0.257,0.592,6.096,124.956,-0.298,-1.171,10.922,10.883,9.854,0.085,0.631,0.016989,7.693717638543155,10.969,10.918,10.011
25.111,0.189,0.779,3.766,250.0,-0.821,-0.724,11.479,11.474,9.495,0.01,0.783,0.023476,9.460896205468371,11.454,11.449,9.416
86.222,0.299,0.915,4.763,250.0,-1.453,-0.203,11.796,11.514,11.473,0.477,1.197,0.052401,7.510086530313832,11.871,11.566,11.573
2.566,-0.496,1.021,6.14,120.094,-1.345,-1.559,11.804,10.997,11.73,0.844,1.827,0.022731,6.767720212174943,11.621,10.904,11.529
84.417,0.219,0.752,6.184,134.18,-0.183,-1.028,10.929,10.915,9.36,0.027,0.764,0.030034,6.041478845715827,10.964,10.946,9.525
49.914,-2.196,0.554,2.648,172.973,-1.544,-1.01,11.045,11.044,8.6,0.004,0.555,0.041483,3.115386661672765,11.027,11.026,8.569
4.16,-2.449,0.665,4.863,111.761,-0.157,-1.163,10.891,10.889,8.388,0.003,0.667,0.031432,2.9860890615519557,10.873,10.871,8.309
75.473,-0.086,0.783,4.553,250.0,-1.327,-0.163,11.29,11.182,10.63,0.219,0.89,0.024421,10.123207471649124,11.293,11.184,10.636
54.127,0.5,0.964,3.096,250.0,-1.502,1.013,11.473,11.468,9.459,0.01,0.968,0.089344,3.226260513063797,11.465,11.46,9.443
18.575,0.437,0.073,5.477,48.823,-1.576,2.77,10.917,10.589,10.641,0.53,0.401,0.022004,7.154991027315706,10.867,10.555,10.576
83.278,0.209,0.886,4.421,95.072,-1.559,-1.063,10.753,10.709,9.737,0.096,0.93,0.050718,5.169890772963687,10.865,10.811,9.933
18.366,-0.251,0.947,3.467,250.0,-1.471,-0.162,11.329,11.321,9.578,0.018,0.955,0.048208,4.094630095475924,11.308,11.3,9.528
2.567,-1.379,1.45,4.051,250.0,-0.843,-2.571,12.231,12.226,10.304,0.012,1.455,0.044583,5.5559217249710064,12.166,12.163,10.054
10.657,0.002,0.75,5.8,250.0,-0.981,0.668,12.118,11.587,11.966,0.706,1.281,0.018283,4.9461508110287165,11.981,11.519,11.797
84.143,0.286,0.83,4.678,250.0,-0.579,0.162,11.419,11.408,9.778,0.023,0.841,0.064802,7.667175166053459,11.464,11.45,9.924
29.357,-1.17,0.752,3.279,250.0,-1.113,0.193,11.455,11.45,9.445,0.01,0.756,0.033758,6.755766358060766,11.449,11.444,9.427
74.381,0.264,0.815,5.653,164.585,-0.254,-0.722,11.029,11.008,9.665,0.043,0.834,0.003742,15.377347507725148,11.05,11.027,9.741
81.068,-2.005,0.984,3.464,250.0,-1.516,-0.131,11.42,11.41,9.767,0.022,0.993,0.036594,5.394348341118218,11.447,11.435,9.829
55.405,0.242,0.648,4.918,137.677,-1.443,-1.049,11.118,10.954,10.614,0.313,0.812,0.027373,6.838482740662171,11.115,10.952,10.61
34.919,0.006,0.836,4.67,250.0,-0.067,1.776,11.524,11.521,9.305,0.006,0.839,0.034036,7.225453845267242,11.529,11.525,9.327
81.229,0.217,0.467,4.725,182.76,-1.429,-1.06,11.163,11.036,10.566,0.253,0.593,0.01578,8.790288951550902,11.2,11.061,10.636
18.689,-0.284,0.649,3.496,200.311,-0.628,1.087,11.112,11.11,8.569,0.003,0.65,0.027984,9.904031977167726,11.097,11.096,8.491
79.652,0.068,0.806,4.162,181.985,-1.232,0.124,11.068,11.044,9.794,0.053,0.83,0.038039,8.686787018280219,11.085,11.059,9.84
40.681,0.097,0.96,5.365,250.0,-0.593,0.156,11.833,11.748,11.083,0.178,1.045,0.045333,6.39647896338029,11.823,11.741,11.058
84.656,0.223,0.796,4.318,250.0,-1.319,1.145,11.212,11.18,10.051,0.069,0.827,0.049997,3.681159836482727,11.244,11.208,10.124
85.23,0.168,1.066,5.742,250.0,-0.0,-0.479,11.62,11.581,10.543,0.084,1.104,0.051944,7.5787796628163555,11.653,11.606,10.658
86.222,0.409,2.0,4.206,167.608,-1.6,-2.353,10.97,10.915,9.991,0.106,2.049,0.109539,6.260565089454168,11.081,11.028,10.098
41.421,-2.579,0.486,5.029,87.883,-0.752,1.059,10.845,10.816,9.664,0.066,0.516,0.021386,6.5851095770988595,10.808,10.782,9.574
47.002,0.374,0.582,6.454,53.484,-0.497,1.002,10.67,10.602,9.825,0.143,0.649,0.018691,4.740426966068714,10.652,10.59,9.771
28.939,-0.02,0.997,5.032,250.0,-0.675,0.538,11.655,11.628,10.421,0.058,1.023,0.064375,4.32282925979418,11.654,11.628,10.419
2.566,-0.352,1.299,4.982,250.0,-0.219,-0.979,11.776,11.749,10.563,0.061,1.326,0.039031,7.726669467664039,11.686,11.67,10.25
82.799,0.55,0.478,4.939,250.0,-1.6,,11.733,11.235,11.565,0.681,0.975,0.03128,4.78038016433715,11.74,11.238,11.574
82.6,0.071,0.751,4.566,250.0,-1.588,0.224,11.754,11.488,11.415,0.458,1.017,0.053615,7.66594213407436,11.776,11.504,11.444
60.984,-0.133,1.044,3.223,250.0,-1.54,-0.218,11.501,11.495,9.463,0.009,1.048,0.036484,3.7828521326541873,11.499,11.493,9.458
67.004,0.139,1.025,4.575,250.0,-1.362,0.303,11.863,11.784,11.08,0.165,1.104,0.056793,6.330135050712105,11.878,11.796,11.106
40.657,0.226,0.74,4.932,250.0,-1.371,31.22,11.468,11.247,11.067,0.398,0.96,0.031521,8.457746441422104,11.478,11.253,11.083
2.566,0.356,1.326,3.447,250.0,-1.269,1.015,11.725,11.715,10.101,0.024,1.336,0.032653,12.954220373632667,11.645,11.637,9.896
49.507,0.43,0.633,5.258,197.686,-0.665,-0.995,11.169,11.113,10.247,0.12,0.689,0.028054,6.904105763790008,11.137,11.087,10.167
6.708,-0.781,0.901,4.279,250.0,-1.471,-0.696,11.584,11.519,10.719,0.137,0.965,0.064372,4.03558715779361,11.546,11.488,10.638
83.26,0.393,0.77,4.59,126.436,-1.497,-1.036,10.886,10.825,9.995,0.129,0.83,0.024161,9.8684689597703,11.015,10.922,10.297
48.202,-0.604,0.777,3.131,250.0,-1.078,-0.491,11.264,11.262,8.793,0.003,0.778,0.044005,4.71737032999153,11.265,11.263,8.797
18.482,-0.104,0.819,3.14,250.0,-1.275,-1.464,11.553,11.55,9.362,0.006,0.821,0.04259,6.7248175416892195,11.555,11.552,9.367
18.231,-0.15,0.73,4.472,127.014,-0.968,-0.986,11.049,11.037,9.479,0.027,0.742,0.032856,3.991034356978851,10.928,10.919,9.243
86.663,0.276,0.902,3.507,250.0,-1.1,1.042,11.166,11.164,8.859,0.005,0.904,0.054156,4.973718867997609,11.308,11.305,9.129
60.706,-1.653,0.688,4.874,211.955,-0.205,-0.964,11.091,11.077,9.597,0.032,0.703,0.033261,6.386883253046762,11.119,11.103,9.66
26.404,-0.191,0.734,4.065,97.474,-1.274,0.901,10.878,10.871,9.037,0.014,0.741,0.029977,5.936153006085348,10.828,10.823,8.886
45.299,-1.08,0.675,4.373,238.891,-1.566,0.93,11.423,11.199,11.029,0.403,0.899,0.029282,7.315921108912314,11.365,11.15,10.957
18.557,0.036,0.335,5.503,81.781,-1.6,-1.135,11.382,10.818,11.243,0.727,0.899,0.011466,5.516793457764188,11.256,10.736,11.1
26.34,0.431,0.706,3.974,115.682,-0.135,-1.391,10.919,10.918,8.436,0.003,0.707,0.048115,6.652652509430478,10.885,10.884,8.293
72.395,0.552,0.671,5.561,150.423,-0.933,-1.045,11.033,10.901,10.448,0.261,0.802,0.009299,9.656964402458216,11.158,10.988,10.667
63.878,0.424,0.182,3.966,81.473,-1.028,1.402,10.722,10.716,8.878,0.014,0.189,0.031663,5.132949718744753,10.759,10.752,8.971
56.368,0.005,0.755,6.133,80.8,-0.264,-1.15,10.797,10.739,9.898,0.126,0.813,0.04594,4.052374303417247,10.81,10.749,9.923
31.805,-0.13,0.682,6.522,76.757,-0.218,0.936,11.07,10.81,10.724,0.45,0.942,0.012547,11.472173879084783,10.925,10.731,10.482
77.939,0.21,0.841,4.765,67.406,-1.419,-1.287,10.687,10.637,9.721,0.108,0.89,0.027508,8.176933543086717,10.732,10.681,9.782
18.566,0.067,0.781,7.134,67.778,-0.0,0.573,11.846,10.768,11.808,0.916,1.859,0.053767,11.331803439095024,11.579,10.683,11.52
86.222,0.186,0.82,5.433,250.0,-1.304,0.488,12.329,11.983,12.064,0.546,1.164,0.021375,8.584222504666599,12.372,12.004,12.124
54.968,0.484,0.66,3.38,45.506,-1.397,-1.257,10.527,10.525,8.18,0.005,0.662,0.054525,5.179988779689573,10.523,10.521,8.172
72.55,0.321,0.672,6.134,139.952,-0.002,-1.187,10.938,10.908,9.754,0.065,0.701,0.022722,3.268079565208971,10.987,10.949,9.903
2.59,-1.135,1.643,6.974,250.0,-0.002,-3.976,11.604,11.386,11.2,0.394,1.861,0.039475,3.3663529139411628,11.432,11.303,10.842
41.556,-0.107,0.736,4.934,121.254,-1.595,0.972,11.209,10.961,10.846,0.434,0.984,0.016238,10.328635567044904,11.14,10.906,10.759
58.013,-0.343,0.586,5.354,65.605,-1.394,0.989,10.778,10.674,10.104,0.212,0.69,0.022609,5.217831843902687,10.773,10.67,10.094
69.372,-0.055,0.719,5.58,78.821,-1.059,-0.974,10.776,10.722,9.838,0.115,0.773,0.021668,5.579818841777305,10.8,10.741,9.899
59.536,-0.653,0.981,3.615,250.0,-1.222,-0.096,11.546,11.54,9.634,0.012,0.987,0.035921,4.08478121550621,11.551,11.545,9.646
85.581,0.203,0.869,5.267,250.0,-0.451,0.184,11.368,11.357,9.688,0.021,0.879,0.005679,2.489056435108611,11.386,11.374,9.762
76.172,-0.218,0.771,4.493,250.0,-1.486,0.25,11.753,11.66,11.03,0.19,0.863,0.022157,6.959746021920748,11.756,11.663,11.037
2.569,-2.533,0.853,3.979,121.515,-0.75,-1.116,10.971,10.967,8.942,0.009,0.857,0.052432,2.984583863853931,10.906,10.903,8.677
70.151,0.465,0.717,5.592,82.693,-0.686,-27310.055,10.796,10.753,9.756,0.091,0.758,0.032814,7.409199446446432,10.804,10.76,9.783
81.494,0.396,0.886,4.298,171.573,-0.476,-1.675,10.997,10.995,8.446,0.003,0.888,0.025281,6.781459131024121,11.04,11.037,8.605
84.023,0.103,0.921,6.031,250.0,-0.247,0.396,11.671,11.586,10.913,0.175,1.004,0.02219,6.934720409742042,11.688,11.597,10.955
32.816,0.544,0.675,6.307,250.0,-0.134,2.743,11.419,11.331,10.675,0.181,0.762,0.026856,5.39510395219139,11.388,11.311,10.592
73.731,0.125,0.783,5.114,250.0,-0.992,0.605,11.366,11.237,10.773,0.256,0.911,0.024072,10.916842865706906,11.387,11.251,10.814
51.843,-0.131,1.006,4.433,250.0,-0.488,0.351,11.666,11.661,9.586,0.008,1.009,0.024382,4.2889902662727435,11.672,11.667,9.606
58.571,0.188,0.455,4.446,173.142,-0.583,1.198,11.033,11.024,9.349,0.021,0.464,0.052743,3.940659172320605,11.033,11.023,9.348
26.873,0.162,0.687,4.809,246.188,-0.517,0.964,11.221,11.208,9.657,0.027,0.699,0.033805,5.535938597269553,11.177,11.167,9.493
24.851,0.061,0.804,4.596,250.0,-1.188,0.812,11.617,11.548,10.785,0.147,0.873,0.05196,5.724103584941845,11.62,11.55,10.791
73.396,0.08,0.848,4.703,144.117,-0.247,1.023,10.912,10.911,8.329,0.003,0.849,0.050433,3.93383500091161,10.968,10.967,8.518
15.454,-0.576,0.524,5.817,62.822,-1.56,-0.45,11.17,10.692,10.993,0.667,1.001,0.014785,4.013840831616956,11.105,10.654,10.915
51.783,0.072,1.013,4.534,183.405,-1.386,-0.787,11.096,11.06,9.98,0.077,1.048,0.04695,3.7796015902937614,11.096,11.059,9.979
66.597,0.017,1.003,1.654,250.0,-1.581,-0.149,11.394,11.393,8.27,0.001,1.003,0.052548,6.418496000779192,11.415,11.414,8.305
60.994,0.328,0.545,5.39,60.585,-1.579,-1.096,10.896,10.614,10.575,0.477,0.827,0.023809,7.123683926184991,10.936,10.639,10.63
82.718,0.384,1.054,5.21,250.0,-0.327,-1.667,11.646,11.624,10.315,0.047,1.074,0.037288,8.025739919250555,11.708,11.682,10.463
61.44,-0.629,0.732,5.15,46.554,-0.148,-0.974,10.514,10.507,8.707,0.016,0.739,0.018868,8.421943444959762,10.542,10.535,8.769
65.564,0.09,0.957,5.766,250.0,-0.172,0.512,11.226,11.202,9.935,0.051,0.98,0.037386,4.809013198082366,11.24,11.214,9.991
56.721,-0.064,0.677,3.988,215.431,-1.396,-0.517,11.136,11.117,9.766,0.043,0.696,0.02795,5.761173631863478,11.141,11.121,9.777
45.68,0.586,0.685,5.022,250.0,-1.203,-494.978,11.432,11.24,10.984,0.357,0.876,0.039148,4.364480281343967,11.421,11.234,10.964
79.929,0.032,0.408,5.451,129.696,-1.396,-0.359,11.467,10.913,11.325,0.721,0.962,0.019619,4.080377027408173,11.472,10.915,11.33
31.714,-2.997,0.625,4.382,64.226,-1.6,1.216,10.728,10.69,9.653,0.084,0.663,0.032137,4.602179987889924,10.698,10.662,9.594
60.922,0.261,0.68,4.475,123.416,-1.6,1.162,10.963,10.892,10.138,0.15,0.751,0.021275,9.755969915487505,10.989,10.914,10.188
47.062,0.205,0.619,5.305,245.249,-0.534,0.994,11.23,11.188,10.19,0.091,0.66,0.02017,9.30692746973439,11.212,11.173,10.134
47.275,0.483,0.798,4.459,250.0,-1.6,-1.287,11.651,11.439,11.238,0.386,1.01,0.094287,5.207289674804502,11.633,11.424,11.214
53.989,0.484,0.948,6.543,113.382,-0.0,-1.564,10.949,10.876,10.134,0.153,1.02,0.02633,10.73968706501952,10.958,10.882,10.158
83.908,-0.512,1.014,3.222,136.26,-1.532,0.966,10.818,10.815,8.704,0.008,1.017,0.049581,5.5675323211718055,10.951,10.947,8.99
64.678,0.505,0.629,5.925,85.817,-0.138,1.002,10.773,10.738,9.656,0.076,0.663,0.036395,4.8009241875235675,10.815,10.772,9.792
23.271,-0.547,0.979,6.05,250.0,-0.0,-0.388,11.607,11.532,10.807,0.158,1.054,0.070013,5.5023049141688745,11.606,11.531,10.804
28.95,0.115,0.467,5.919,198.376,-0.0,-5.229,11.238,11.095,10.685,0.279,0.61,0.0274,8.18805871660332,11.216,11.081,10.643
86.158,0.19,0.837,5.119,130.266,-0.923,-0.82,10.936,10.895,9.886,0.089,0.878,0.027284,9.561847647151474,10.983,10.934,10.006
86.744,0.137,1.029,5.557,250.0,-0.129,-0.287,11.751,11.717,10.607,0.072,1.061,0.001085,6.495394531317232,11.788,11.741,10.789
63.206,0.049,0.695,4.623,250.0,-1.435,0.102,11.43,11.286,10.879,0.281,0.839,0.026494,6.41895545255887,11.445,11.297,10.905
84.023,0.092,0.854,5.809,250.0,-0.49,0.254,11.594,11.459,11.016,0.265,0.988,0.01303,13.1157912668524,11.619,11.474,11.07
25.818,-0.221,0.589,5.049,174.316,-1.427,-1.078,11.578,11.105,11.4,0.663,1.062,0.041727,8.21956283770529,11.494,11.033,11.31
86.222,0.279,0.943,4.84,250.0,-1.444,0.849,11.699,11.539,11.182,0.305,1.102,0.037213,4.465634878655347,11.751,11.574,11.27
68.916,0.157,0.896,3.291,250.0,-1.494,1.524,11.393,11.384,9.699,0.02,0.905,0.037505,5.186601921226579,11.403,11.393,9.715
18.481,0.255,0.08,6.315,53.792,-0.0,-2.567,10.861,10.548,10.573,0.514,0.393,0.025672,7.875250761550491,10.715,10.473,10.345
77.32,-0.637,0.791,3.357,119.812,-1.025,-0.637,10.854,10.852,8.471,0.004,0.793,0.029172,12.198591820015972,10.904,10.902,8.616
14.719,0.168,0.206,2.791,48.528,-1.554,-8.784,10.558,10.556,7.862,0.002,0.207,0.017731,8.97168877378734,10.553,10.552,7.851
84.668,-2.937,0.869,5.135,98.204,-0.766,0.912,10.671,10.649,9.352,0.048,0.891,0.024097,6.322455378022495,10.866,10.823,9.837
56.591,0.098,0.901,4.395,250.0,-0.737,-0.953,11.4,11.394,9.52,0.013,0.907,0.055878,4.286478762939458,11.402,11.395,9.524
59.738,0.278,0.755,3.873,104.712,-1.078,1.044,10.84,10.837,8.774,0.009,0.758,0.040908,4.610235279099959,10.851,10.847,8.794
69.133,0.3,0.558,6.458,65.372,-0.059,1.027,10.69,10.579,10.04,0.224,0.668,0.017417,9.022226265007127,10.816,10.669,10.275
62.042,-0.491,0.695,3.755,52.549,-1.493,0.992,10.555,10.551,8.467,0.008,0.699,0.025486,5.617038870069604,10.587,10.583,8.505
62.686,0.394,0.818,4.974,100.931,-0.468,1.089,10.82,10.809,9.209,0.024,0.829,0.020246,10.145489980552137,10.848,10.836,9.281
86.772,0.532,0.774,6.006,84.689,-0.316,1.019,10.627,10.582,9.618,0.098,0.819,0.028042,9.419599586328925,10.866,10.769,10.171
82.224,0.091,0.848,5.138,234.823,-1.065,-0.129,11.346,11.125,10.946,0.398,1.068,0.012357,13.795552416998982,11.403,11.157,11.037
74.004,-1.733,0.365,4.915,101.748,-0.076,-0.589,10.834,10.831,8.523,0.005,0.367,0.021746,6.080235800791687,10.841,10.838,8.559
40.761,0.118,0.541,4.944,107.653,-1.6,3.616,11.057,10.857,10.621,0.367,0.74,0.01417,20.01058218975023,11.064,10.863,10.632
41.193,0.39,0.644,5.461,71.499,-0.982,0.951,10.906,10.775,10.32,0.26,0.775,0.019716,10.883330790619365,10.82,10.704,10.192
68.46,-0.298,0.774,4.079,250.0,-1.594,0.849,11.224,11.17,10.28,0.114,0.827,0.003306,3.6555473137032335,11.248,11.192,10.327
31.604,0.526,0.762,6.274,154.686,-0.047,0.996,11.282,11.088,10.839,0.36,0.956,0.011524,15.78023321035326,11.138,11.001,10.571
84.364,-0.313,0.914,4.54,69.336,-1.561,0.981,10.571,10.505,9.725,0.142,0.981,0.045919,7.375390942239598,10.765,10.691,9.96
80.537,0.052,0.846,5.399,250.0,-0.122,-0.722,11.443,11.426,10.005,0.037,0.862,0.044346,6.649164043726649,11.457,11.438,10.059
86.206,0.309,0.666,5.636,227.382,-0.27,0.191,11.113,11.095,9.695,0.038,0.683,0.04683,6.632826713737139,11.168,11.141,9.916
84.934,0.265,0.852,5.459,250.0,-0.213,0.127,11.502,11.484,10.07,0.037,0.868,0.025139,14.630670082440444,11.54,11.518,10.206
60.92,-2.387,0.748,4.386,49.784,-1.23,-0.839,10.555,10.527,9.351,0.062,0.776,0.041862,8.63874468433861,10.577,10.549,9.382
3.071,-0.55,0.761,4.668,250.0,-1.599,-1.431,11.774,11.407,11.531,0.571,1.128,0.043108,4.523078129582883,11.712,11.364,11.453
73.099,-2.573,0.824,3.579,110.644,-0.774,0.911,10.817,10.816,8.038,0.002,0.824,0.001551,4.793111672865169,10.868,10.867,8.218
83.602,-0.025,0.961,5.9,82.807,-0.202,0.972,10.565,10.537,9.36,0.062,0.989,0.031745,8.798831416325882,10.818,10.76,9.913
2.645,-2.999,0.983,4.636,250.0,-1.599,1.005,11.931,11.675,11.58,0.446,1.239,0.04019,3.8756771369091183,11.823,11.596,11.433
41.401,0.39,0.825,5.377,112.533,-0.736,-0.898,11.01,10.929,10.243,0.171,0.906,0.050329,5.755004595896136,10.942,10.874,10.1
5.548,-0.735,0.984,3.631,242.857,-1.207,0.733,11.178,11.173,9.157,0.01,0.988,0.037902,3.6812218295116335,11.165,11.16,9.126
74.416,0.087,0.894,4.541,250.0,-0.905,-0.247,11.592,11.548,10.571,0.095,0.937,0.052153,11.14370413797816,11.61,11.563,10.624
78.678,0.428,0.883,4.677,250.0,-1.414,1.036,11.396,11.269,10.798,0.253,1.01,0.046989,5.855345837985668,11.541,11.393,11.0
59.726,0.427,0.814,3.75,250.0,-1.557,0.941,11.346,11.285,10.467,0.132,0.876,0.081285,7.926296395152312,11.388,11.325,10.516
66.392,0.034,0.881,6.406,250.0,-0.002,0.477,11.779,11.661,11.151,0.236,0.998,0.033809,6.481883331247786,11.791,11.668,11.181
81.076,0.111,0.574,4.458,58.093,-0.339,-0.855,10.582,10.581,7.792,0.002,0.574,0.05196,3.265703608254566,10.625,10.623,7.915
18.209,-3.0,0.635,5.053,70.436,-1.6,-0.665,10.99,10.794,10.552,0.364,0.832,0.04638,5.078147774282919,10.873,10.697,10.396
31.856,0.588,0.817,5.226,114.635,-0.952,0.932,10.96,10.928,9.821,0.073,0.85,0.046608,3.1205671345961945,10.906,10.881,9.645
71.161,0.14,1.067,4.592,250.0,-1.213,-1.138,11.528,11.462,10.673,0.14,1.132,0.065595,5.67035332581258,11.582,11.509,10.767
59.575,-2.849,0.651,3.785,93.891,-0.914,1.004,10.801,10.796,8.905,0.013,0.656,0.016417,11.466398611868067,10.813,10.808,8.923
60.318,0.568,0.838,5.825,250.0,-0.114,0.804,11.331,11.274,10.421,0.123,0.895,0.008933,8.039506418755876,11.354,11.291,10.48
25.736,-0.771,0.895,5.101,244.792,-0.303,0.988,11.317,11.297,9.952,0.043,0.915,0.015838,11.82185830602958,11.188,11.175,9.669
83.915,0.158,0.892,3.887,135.634,-1.463,1.121,10.814,10.784,9.641,0.067,0.922,0.052773,8.553021150381804,10.981,10.944,9.896
57.446,0.531,0.46,4.727,147.446,-1.598,1.027,11.287,10.974,10.998,0.514,0.773,0.022272,8.831045645511002,11.287,10.974,10.998
62.214,-0.005,0.856,2.824,250.0,-1.34,1.1,11.251,11.249,8.849,0.004,0.858,0.051133,5.4034442166042185,11.263,11.261,8.889
86.055,0.233,0.7,4.979,250.0,-1.491,-0.157,11.493,11.25,11.121,0.426,0.941,0.008891,7.093197895515178,11.544,11.28,11.199
66.022,0.46,0.593,5.169,198.443,-1.201,1433.176,11.294,11.074,10.891,0.396,0.812,0.046846,4.532685541988335,11.299,11.078,10.899
86.055,0.215,1.159,3.628,250.0,-1.539,0.279,11.934,11.919,10.423,0.031,1.172,0.040161,8.669307274641103,11.975,11.959,10.499
41.116,-0.509,0.461,4.988,56.457,-1.592,1.008,10.824,10.688,10.254,0.269,0.597,0.036124,4.75676844601896,10.746,10.613,10.168
56.597,0.603,0.787,5.37,65.563,-1.398,0.953,10.886,10.669,10.478,0.392,1.003,0.038201,7.954865539949734,10.886,10.67,10.48
2.724,-2.446,0.432,7.133,99.662,-0.557,-8.454,11.949,10.891,11.91,0.912,1.49,0.014116,2.8851704718149205,11.717,10.795,11.661
36.866,-2.56,0.83,4.334,101.67,-0.856,0.921,10.905,10.899,9.018,0.013,0.836,0.037324,4.340492383856107,10.841,10.836,8.852
18.222,0.441,0.534,6.135,68.516,-0.84,0.863,11.036,10.749,10.72,0.483,0.821,0.023344,6.675305267858268,10.896,10.687,10.477
54.96,0.388,0.754,6.009,250.0,-0.075,,11.372,11.306,10.512,0.138,0.819,0.027175,10.538893261254737,11.382,11.312,10.546
16.292,-0.174,0.951,4.364,250.0,-1.6,-0.436,11.813,11.723,11.08,0.186,1.04,0.026795,7.472839202330688,11.809,11.719,11.074
67.038,-2.325,0.769,5.056,63.127,-0.352,-0.599,10.633,10.624,8.909,0.019,0.777,0.040819,5.256316393447055,10.665,10.655,8.996
49.445,0.328,0.84,4.579,250.0,-1.332,1.268,11.3,11.208,10.578,0.19,0.932,0.046818,4.484186198108638,11.285,11.196,10.55
16.206,-0.107,0.965,3.042,250.0,-0.498,0.734,11.499,11.498,8.217,0.001,0.965,0.057462,5.625299500774899,11.5,11.499,8.221
54.349,-0.063,0.999,5.607,250.0,-0.127,0.276,11.702,11.67,10.532,0.068,1.029,0.027642,9.18992320810563,11.711,11.678,10.564
78.295,0.396,0.891,5.994,225.614,-0.006,-1.178,11.071,11.052,9.712,0.044,0.911,0.03119,5.106009937519521,11.162,11.132,9.983
78.84,0.404,0.701,5.172,77.245,-1.434,-1.081,10.753,10.662,10.031,0.189,0.793,0.034972,3.685229698740346,10.838,10.732,10.172
72.036,0.113,0.784,4.505,250.0,-1.379,1.192,11.672,11.57,10.989,0.208,0.886,0.033083,8.678889457209786,11.696,11.586,11.043
36.644,0.589,0.767,5.494,250.0,-0.227,1.067,11.578,11.521,10.667,0.122,0.824,0.0264,8.976854739317707,11.498,11.458,10.447
86.453,-3.0,1.267,6.197,250.0,-0.911,0.468,12.602,12.208,12.377,0.596,1.661,0.020887,8.65126498170098,12.712,12.266,12.519
54.027,0.043,0.18,5.718,95.856,-1.6,-0.15,11.72,10.792,11.665,0.882,1.108,0.032272,4.305218029186557,11.72,10.792,11.665
36.753,0.563,0.768,3.583,155.765,-0.764,-0.953,11.071,11.07,8.421,0.002,0.769,0.043229,4.197359322332284,10.996,10.995,8.245
2.603,-3.0,1.072,5.276,250.0,-1.473,-0.664,12.101,11.677,11.894,0.622,1.495,0.01144,2.7829826226537473,11.967,11.607,11.718
80.362,-0.257,0.979,3.879,250.0,-1.205,-0.966,11.331,11.321,9.679,0.022,0.988,0.030853,5.445790658927639,11.408,11.395,9.85
46.771,-0.004,0.967,5.495,250.0,-0.345,-0.725,11.568,11.539,10.362,0.062,0.995,0.05745,4.490815678233967,11.571,11.541,10.373
82.206,0.12,0.9,3.993,250.0,-0.647,-0.605,11.352,11.349,9.074,0.005,0.903,0.043015,4.673340703672489,11.363,11.36,9.112
58.176,0.444,0.779,6.027,250.0,-0.207,,11.483,11.379,10.804,0.21,0.881,0.027299,9.663763383075588,11.49,11.383,10.822
25.791,0.22,0.714,3.629,131.325,-1.08,-1.011,10.987,10.983,8.946,0.009,0.718,0.028688,8.942170097362322,10.94,10.936,8.812
85.515,0.185,0.832,5.794,250.0,-0.365,-0.135,11.523,11.415,10.86,0.218,0.938,0.00504,18.555393992932064,11.564,11.443,10.949
59.846,0.54,0.681,4.259,77.262,-1.575,1.025,10.745,10.711,9.62,0.075,0.715,0.02138,8.618339051767808,10.767,10.733,9.645
2.566,-2.171,1.086,4.434,207.893,-0.171,-2.121,11.214,11.206,9.475,0.018,1.094,0.029872,6.85671440414721,11.117,11.113,9.151
80.043,-3.0,0.944,4.527,250.0,-1.6,0.925,11.868,11.696,11.382,0.327,1.115,0.020679,9.38996680113253,11.864,11.693,11.375
23.807,0.01,0.265,2.781,92.915,-1.6,6.23,10.819,10.816,8.703,0.008,0.269,0.031951,7.132242785753126,10.804,10.8,8.684
86.468,-3.0,2.0,5.745,250.0,-1.6,1.143,12.209,11.707,12.042,0.684,2.5,0.01729,3.669849548669324,12.322,11.789,12.169
36.675,-0.159,0.699,3.826,145.748,-1.197,-0.933,11.011,11.005,9.106,0.012,0.704,0.029713,5.795571127569883,10.98,10.975,9.01
20.73,-0.059,0.58,5.855,187.307,-0.72,-0.687,11.283,11.101,10.815,0.341,0.761,0.021139,7.885312847410909,11.222,11.071,10.689
76.078,0.314,0.909,4.154,240.84,-1.589,1.029,11.154,10.999,10.629,0.299,1.063,0.039194,8.755447169811877,11.319,11.156,10.816
60.861,0.421,1.012,4.38,250.0,-1.325,1.487,11.561,11.528,10.406,0.07,1.043,0.053438,5.2960188365080025,11.576,11.54,10.448
56.636,0.255,0.727,5.384,86.597,-0.889,1.007,10.873,10.782,10.148,0.188,0.818,0.023826,9.016929251459803,10.867,10.777,10.139
3.343,-0.864,0.827,5.485,226.412,-0.226,1.654,11.187,11.172,9.686,0.032,0.841,0.030305,5.917549034905183,11.154,11.142,9.541
52.005,-2.458,0.955,5.433,93.404,-0.273,-0.186,10.817,10.814,8.407,0.004,0.957,0.033202,3.479390884811595,10.809,10.806,8.372
74.921,0.487,0.959,4.921,250.0,-0.694,-1.034,11.486,11.457,10.283,0.063,0.988,0.021975,12.761043139168782,11.6,11.562,10.512
68.591,-0.262,0.777,2.78,231.409,-1.38,-1.006,11.09,11.086,8.951,0.007,0.781,0.030917,13.709297089788189,11.155,11.151,9.058
2.837,-1.156,0.974,4.994,250.0,-1.6,-1.043,12.107,11.791,11.819,0.516,1.289,0.030461,3.6989952214720345,12.025,11.739,11.706
2.566,-1.805,1.262,4.724,250.0,-1.586,-4.748,11.62,11.403,11.214,0.393,1.479,0.040312,3.6402483000014767,11.492,11.303,11.038
27.262,0.485,0.839,6.6,250.0,-0.027,,11.551,11.369,11.082,0.34,1.019,0.029243,8.288664934709882,11.538,11.364,11.054
81.432,0.088,0.896,4.328,250.0,-1.18,0.277,11.512,11.494,10.078,0.037,0.913,0.05989,3.666451958864816,11.527,11.508,10.119
36.691,0.593,0.341,5.431,72.185,-1.071,-1.204,10.801,10.74,9.92,0.131,0.402,0.036754,2.4128541602765825,10.76,10.706,9.827
81.44,0.528,0.916,2.876,147.958,-1.349,1.322,10.92,10.918,8.438,0.003,0.917,0.026222,9.05099303549161,10.983,10.981,8.542
18.554,-1.936,0.599,5.228,137.521,-1.095,0.873,11.124,11.018,10.462,0.218,0.706,0.021799,6.469565783377771,11.034,10.953,10.261
72.695,-0.062,0.989,3.675,164.761,-1.008,0.275,10.983,10.981,8.539,0.004,0.99,0.0629,4.454238593091621,11.02,11.018,8.667
30.074,-0.123,0.939,5.01,250.0,-1.227,0.402,11.654,11.534,11.036,0.241,1.059,0.03302,6.473927954543228,11.613,11.504,10.951
85.581,0.159,0.831,4.568,250.0,-1.202,-0.177,11.444,11.338,10.778,0.216,0.937,0.041916,11.100914171335363,11.476,11.361,10.84
49.252,-0.016,0.79,3.075,198.377,-1.575,-0.29,11.088,11.083,9.025,0.009,0.794,0.057123,3.770232676034965,11.089,11.085,9.029
72.141,0.563,0.874,3.082,71.74,-1.129,-1.061,10.568,10.567,7.937,0.002,0.875,0.051004,7.504606592461268,10.706,10.704,8.126
22.552,0.08,0.797,3.13,52.177,-1.6,0.835,10.576,10.574,8.263,0.005,0.799,0.073591,5.085450295769623,10.584,10.582,8.283
65.088,0.372,0.589,4.601,249.355,-1.548,0.906,11.324,11.145,10.85,0.336,0.767,0.017467,6.00958505280576,11.362,11.172,10.911
38.893,-0.333,0.725,5.052,250.0,-0.924,-0.622,11.433,11.382,10.473,0.11,0.776,0.026202,6.081683280134584,11.414,11.367,10.419
31.764,-1.138,0.544,4.944,220.273,-1.554,0.975,11.763,11.208,11.621,0.721,1.099,0.013342,9.122402460460188,11.658,11.123,11.509
80.49,0.089,0.799,5.307,250.0,-0.188,0.143,11.462,11.453,9.715,0.018,0.807,0.043601,5.51327557479912,11.481,11.471,9.784
42.259,0.502,0.727,4.881,210.977,-1.164,-0.352,11.228,11.107,10.615,0.244,0.848,0.054522,3.399602581709529,11.207,11.092,10.573
2.838,-2.978,0.987,2.473,250.0,-1.498,1.103,11.831,11.83,9.232,0.003,0.988,0.060265,4.5382719171050026,11.783,11.781,9.115
18.631,-2.793,0.982,4.855,250.0,-1.6,-0.269,11.835,11.53,11.539,0.505,1.288,0.012586,5.623299213537446,11.829,11.526,11.53
2.566,-1.357,1.177,5.689,250.0,-1.4,0.447,12.427,11.74,12.327,0.794,1.863,0.019274,5.266016630655118,12.26,11.67,12.132
56.169,-0.243,0.552,4.609,120.667,-1.54,1.011,11.059,10.898,10.55,0.31,0.714,0.030209,6.379938703231645,11.059,10.898,10.551
80.887,0.196,0.892,6.029,131.857,-0.1,-1.173,10.928,10.92,8.835,0.008,0.895,0.038917,4.46086329907033,10.947,10.939,8.915
85.847,0.238,0.808,4.311,250.0,-1.453,0.221,11.237,11.141,10.534,0.198,0.904,0.052636,5.904384369572988,11.276,11.173,10.601
70.873,-0.057,0.659,4.291,149.322,-1.497,-0.795,11.021,10.97,10.066,0.111,0.71,0.032144,7.317450086860433,11.037,10.984,10.098
80.831,-1.967,0.998,4.168,80.502,-0.428,0.964,10.523,10.522,7.956,0.003,0.999,0.018345,11.581719560945048,10.752,10.749,8.484
52.728,0.633,0.578,5.666,71.858,-0.902,1.152,10.789,10.719,9.96,0.148,0.648,0.042628,3.292578400403338,10.772,10.705,9.93
51.576,-0.612,0.853,4.355,166.07,-1.4,0.224,11.051,11.02,9.88,0.068,0.883,0.043967,3.8893412739615174,11.051,11.02,9.879
79.663,-0.345,0.896,3.311,250.0,-1.069,-0.304,11.55,11.547,9.074,0.003,0.898,0.04033,6.187476384093197,11.558,11.556,9.1
71.974,0.465,0.704,4.743,89.502,-1.483,-1.022,10.797,10.659,10.231,0.272,0.842,0.043443,7.708444047852621,10.934,10.788,10.389
85.847,0.241,0.828,5.149,250.0,-1.144,0.702,11.47,11.33,10.908,0.275,0.968,0.01179,3.979012326728261,11.514,11.359,10.989
31.865,0.46,0.898,5.557,38.491,-0.926,-0.933,10.525,10.512,8.975,0.028,0.911,0.069627,1.7459949020827328,10.467,10.457,8.8
82.748,-0.068,0.843,3.938,78.418,-0.887,1.009,10.671,10.67,7.87,0.002,0.843,0.046915,3.2022502125452257,10.739,10.738,8.057
80.956,0.013,0.875,4.084,250.0,-1.136,-0.79,11.462,11.451,9.774,0.021,0.884,0.058771,4.030057086252216,11.479,11.468,9.824
3.073,-0.023,0.844,4.257,250.0,-1.578,1.325,11.466,11.286,10.996,0.339,1.024,0.031879,9.649706902547674,11.414,11.25,10.91
63.432,-0.969,0.732,4.055,52.57,-1.007,-0.726,10.559,10.556,8.329,0.006,0.735,0.048283,4.395385599812889,10.587,10.584,8.394
76.598,0.118,0.942,3.24,250.0,-1.529,-0.229,11.538,11.527,9.926,0.024,0.953,0.045959,7.8473046163518365,11.554,11.542,9.96
53.236,0.427,0.811,5.124,91.775,-1.296,1.076,10.86,10.805,9.933,0.118,0.865,0.023838,5.698543055625316,10.854,10.8,9.92
85.942,0.545,0.912,5.907,72.184,-0.112,1.14,10.563,10.518,9.557,0.098,0.957,0.029459,11.66635931250448,10.788,10.707,10.018
2.566,-0.714,1.249,6.37,74.572,-0.0,-2.988,11.248,10.812,11.049,0.633,1.685,0.075713,4.9878406133226685,11.035,10.719,10.748
49.665,-0.447,0.911,4.754,44.084,-0.548,0.851,10.517,10.515,7.927,0.003,0.912,0.061679,2.5206376342883767,10.516,10.514,7.922
77.91,-0.442,1.062,3.447,250.0,-1.083,0.984,11.167,11.163,9.102,0.009,1.066,0.041315,7.849780521936544,11.31,11.304,9.406
86.636,0.387,0.472,5.236,89.052,-1.303,1.132,10.827,10.728,10.136,0.204,0.571,0.024247,3.573673260023684,10.902,10.785,10.273
59.595,-2.649,0.435,5.462,59.006,-0.447,0.96,10.699,10.608,9.975,0.189,0.526,0.013933,12.973897303829338,10.725,10.629,10.023
84.204,0.057,0.889,4.351,82.867,-1.352,1.054,10.706,10.697,8.95,0.018,0.897,0.046497,3.0047213862287725,10.769,10.759,9.106
49.105,0.623,0.671,5.988,250.0,-0.053,-0.988,11.373,11.294,10.59,0.165,0.749,0.015217,16.247640847896132,11.337,11.266,10.515
73.9,0.342,0.845,5.071,250.0,-0.521,-0.732,11.475,11.46,9.969,0.031,0.859,0.077164,3.3053471294551255,11.503,11.486,10.055
60.696,0.381,0.728,4.682,250.0,-1.475,-0.298,11.454,11.292,10.946,0.311,0.89,0.01556,11.032938411957804,11.479,11.308,10.988
76.527,0.308,0.863,6.163,250.0,-0.0,1.009,11.246,11.21,10.132,0.077,0.897,0.039267,5.312250369424595,11.291,11.247,10.279
32.203,-1.382,0.708,5.171,172.52,-1.47,0.713,11.67,11.067,11.545,0.75,1.31,0.010745,12.516281905378207,11.623,11.036,11.493
2.657,-0.052,0.717,5.612,229.404,-1.188,0.668,11.553,11.22,11.281,0.535,1.049,0.004778,9.299350797978631,11.427,11.155,11.094
49.073,0.299,0.804,4.095,250.0,-1.498,-1.063,11.448,11.339,10.794,0.222,0.913,0.053454,8.02405959632477,11.412,11.307,10.744
47.469,-2.263,0.93,3.323,126.057,-1.348,-0.61,10.946,10.942,8.901,0.009,0.934,0.052039,5.869182388935087,10.921,10.917,8.849
70.543,0.193,0.647,4.373,80.989,-0.563,-1.049,10.667,10.66,8.845,0.015,0.653,0.03218,6.982426090597234,10.758,10.75,9.035
85.467,0.212,1.021,6.182,150.048,-0.036,1.273,10.964,10.958,8.77,0.006,1.023,0.056419,2.246774448162344,10.989,10.983,8.861
26.53,0.64,0.687,6.526,250.0,-0.124,-1.118,11.288,11.219,10.454,0.147,0.756,0.048552,2.254095885609192,11.221,11.175,10.215
52.702,-2.927,0.503,4.321,98.674,-1.532,1.093,10.877,10.818,9.982,0.127,0.562,0.011183,14.212782778156605,10.888,10.828,10.0
69.014,-1.715,0.745,4.61,250.0,-0.435,1.025,11.126,11.115,9.503,0.024,0.756,0.035798,6.799100843442712,11.195,11.181,9.693
48.707,0.186,0.811,4.798,187.941,-1.437,1.088,11.178,11.091,10.436,0.181,0.898,0.029375,5.210479991770782,11.156,11.072,10.401
86.56,-0.261,0.875,2.713,250.0,-1.031,0.568,11.417,11.416,8.396,0.001,0.875,0.044898,6.435974746868791,11.45,11.449,8.495
65.948,0.193,0.516,5.812,129.513,-0.159,1.167,10.959,10.925,9.825,0.073,0.549,0.027028,8.397931376663692,10.966,10.931,9.855
67.749,0.029,0.639,6.104,127.357,-0.014,0.557,10.945,10.908,9.856,0.081,0.676,0.035811,4.7480703354165685,10.961,10.919,9.916
74.148,-0.014,1.032,3.715,250.0,-0.831,-1.035,11.161,11.158,8.893,0.005,1.034,0.057726,6.238483297440217,11.225,11.222,9.071
79.076,0.345,0.939,2.875,250.0,-1.357,0.319,11.565,11.562,8.924,0.002,0.94,0.088614,3.090269063468599,11.587,11.585,8.977
2.566,-1.29,1.138,4.545,250.0,-0.109,-4.277,11.812,11.797,10.334,0.033,1.153,0.01814,10.654904288961283,11.676,11.667,10.02
83.198,0.247,0.864,2.875,250.0,-1.233,0.663,11.408,11.406,8.668,0.002,0.865,0.052739,6.315133408145122,11.423,11.42,8.705
56.066,0.326,0.62,5.779,48.387,-1.6,-1.003,10.923,10.547,10.685,0.579,0.995,0.038429,4.082441846260544,10.931,10.552,10.695
49.41,0.56,0.824,5.848,123.448,-0.655,-1.068,11.062,10.937,10.458,0.249,0.948,0.018085,10.013908195660797,11.028,10.914,10.389
49.06,-0.679,0.975,3.176,250.0,-1.6,-1.197,11.571,11.556,10.082,0.032,0.99,0.072876,6.799891182155465,11.566,11.551,10.076
22.294,-0.47,0.749,4.209,163.954,-1.6,-1.382,11.063,11.015,10.075,0.103,0.796,0.025719,7.961912847173267,11.071,11.022,10.093
20.339,-0.566,0.644,5.236,100.987,-1.6,-0.434,11.062,10.875,10.606,0.349,0.831,0.011157,2.7046781719031765,11.006,10.833,10.521
59.863,0.559,0.511,4.75,129.147,-1.523,1.063,11.022,10.903,10.398,0.238,0.629,0.03313,3.7902991187100383,11.045,10.922,10.437
58.671,0.426,0.773,5.81,139.688,-0.441,1.078,10.978,10.952,9.741,0.058,0.799,0.029404,5.69140336073333,10.987,10.96,9.77
20.969,-0.012,0.748,5.55,250.0,-0.057,-0.936,11.574,11.54,10.438,0.073,0.781,0.03109,9.971918459186622,11.553,11.523,10.368
85.069,0.297,0.745,5.888,250.0,-0.284,0.925,11.187,11.164,9.87,0.048,0.767,0.041882,6.440237236863616,11.233,11.204,10.021
2.654,-1.895,1.094,6.44,250.0,-0.122,-0.755,12.376,12.145,11.989,0.411,1.323,0.014721,10.88266991612767,12.235,12.083,11.703
45.45,0.017,0.617,3.678,250.0,-0.664,-0.77,11.326,11.324,8.866,0.003,0.619,0.057892,3.342350751590717,11.311,11.309,8.807
56.169,0.369,0.691,4.938,207.221,-0.337,1.01,11.118,11.107,9.52,0.025,0.702,0.022939,7.936202641704242,11.117,11.106,9.517
26.319,0.245,0.772,6.384,106.622,-0.569,-0.505,11.002,10.914,10.264,0.183,0.86,0.025761,5.2014134333084945,10.922,10.858,10.061
33.25,-1.201,0.77,5.64,121.922,-0.464,1.214,10.947,10.917,9.761,0.065,0.799,0.026851,3.812931146084303,10.93,10.904,9.701
28.258,0.071,0.925,6.703,236.065,-0.0,-0.678,11.374,11.179,10.93,0.36,1.119,0.014749,3.8734747224015704,11.288,11.14,10.749
48.932,0.308,0.484,6.019,57.495,-1.08,1.1,10.848,10.628,10.447,0.397,0.703,0.019287,5.989383143130513,10.833,10.619,10.422
77.998,-0.699,0.711,4.656,66.915,-1.155,0.969,10.593,10.581,9.003,0.026,0.722,0.031231,3.812249865496333,10.692,10.678,9.194
80.36,-0.629,1.062,3.918,152.094,-1.562,-0.963,10.791,10.741,9.828,0.109,1.113,0.052904,10.39223279325719,11.048,10.988,10.157
86.372,0.367,0.935,3.16,242.204,-1.248,-1.279,11.109,11.106,8.34,0.002,0.936,0.021603,2.91359030743591,11.163,11.16,8.483
85.161,0.182,0.383,5.04,78.171,-0.964,0.527,10.733,10.716,9.304,0.037,0.399,0.052757,2.722520492137322,10.755,10.736,9.361
86.271,0.406,0.855,3.037,250.0,-1.486,-1.112,11.107,11.103,8.882,0.006,0.858,0.070602,3.5103784303023966,11.203,11.199,9.041
85.165,0.477,0.782,5.018,173.716,-1.108,1.057,10.928,10.785,10.373,0.279,0.924,0.038636,7.793326620011812,11.229,11.034,10.786
86.055,0.267,0.85,6.029,250.0,-0.248,-0.126,11.522,11.449,10.701,0.152,0.922,0.0174,6.081519354279955,11.571,11.482,10.831
26.131,0.304,0.833,5.262,250.0,-0.642,1.323,11.606,11.541,10.75,0.139,0.898,0.039973,7.0778006204740995,11.593,11.531,10.713
7.429,-2.443,0.867,4.068,250.0,-0.549,1.823,11.264,11.261,8.752,0.003,0.868,0.038622,4.257324368908806,11.267,11.265,8.767
73.529,0.553,1.057,2.854,236.874,-1.301,-1.049,10.944,10.941,8.632,0.005,1.059,0.040221,7.380838553155237,11.155,11.152,8.927
41.741,0.014,-0.065,5.627,86.857,-1.553,-1.116,11.591,10.663,11.536,0.882,0.862,0.023091,5.309188918840359,11.525,10.609,11.468
80.043,-0.136,0.85,5.86,250.0,-0.0,0.185,11.56,11.522,10.484,0.084,0.888,0.008553,7.449152590992937,11.566,11.526,10.503
17.037,0.503,0.299,4.864,49.866,-0.519,1.107,10.641,10.624,9.205,0.037,0.315,0.024738,6.079604827059543,10.577,10.564,9.042
42.525,0.477,0.749,5.79,250.0,-0.247,1.169,11.357,11.315,10.319,0.092,0.791,0.040016,3.7239239912316258,11.309,11.275,10.178
36.656,-0.042,0.613,4.362,224.466,-1.554,-1.133,11.47,11.193,11.144,0.472,0.891,0.024964,17.06560468784902,11.393,11.138,11.04
74.907,0.58,0.897,4.634,250.0,-0.038,2.018,11.322,11.318,9.222,0.008,0.901,0.006046,12.190968687602464,11.391,11.385,9.449
72.79,0.163,1.076,5.024,250.0,-0.537,-1.083,11.174,11.126,10.189,0.104,1.123,0.055613,8.31947911190947,11.342,11.271,10.516
32.832,-1.6,0.643,4.12,151.021,-1.149,0.767,11.057,11.035,9.747,0.049,0.665,0.044472,5.008074584488295,10.998,10.98,9.612
81.467,0.226,0.925,5.271,250.0,-0.412,-0.514,11.547,11.522,10.27,0.053,0.949,0.055816,7.511935676088265,11.58,11.55,10.379
49.499,-0.942,0.722,3.078,250.0,-1.481,1.019,11.351,11.344,9.565,0.016,0.73,0.027516,7.93395880871592,11.32,11.313,9.512
37.985,-0.035,0.461,3.535,70.39,-1.221,-0.77,10.732,10.729,8.455,0.005,0.463,0.052367,4.06986046741714,10.699,10.697,8.358
75.347,-2.566,0.908,3.354,250.0,-1.584,0.955,11.221,11.203,9.812,0.039,0.925,0.013607,11.672653691696476,11.353,11.335,9.979
79.588,0.085,0.86,5.648,230.676,-0.161,-0.197,11.151,11.138,9.562,0.026,0.871,0.014237,8.404154693065248,11.166,11.152,9.632
63.062,0.127,0.931,5.716,250.0,-0.079,-0.753,11.227,11.215,9.618,0.025,0.942,0.052699,4.298027658526608,11.234,11.222,9.644
69.157,0.03,0.291,5.89,54.705,-0.742,1.324,10.665,10.595,9.832,0.147,0.36,0.01831,4.4200772770047685,10.671,10.6,9.847
83.474,0.063,0.389,5.137,180.1,-1.108,0.491,11.116,11.045,10.294,0.151,0.459,0.015476,5.994966563694601,11.13,11.055,10.324
36.342,0.455,0.734,6.407,56.098,-0.25,-1.91,10.679,10.621,9.766,0.122,0.79,0.033217,6.263646246240531,10.661,10.609,9.708
3.12,0.002,0.667,4.738,250.0,-1.574,-3.515,11.915,11.575,11.649,0.542,1.006,0.0088,16.471649218550667,11.866,11.543,11.585
79.69,-0.019,0.669,6.662,243.274,-0.0,-6.024,11.578,11.134,11.384,0.639,1.112,0.00607,5.805469139757691,11.625,11.144,11.45
56.219,-2.893,0.939,4.547,67.985,-1.409,0.887,10.741,10.692,9.771,0.107,0.989,0.019554,10.88593267169292,10.733,10.684,9.762
58.998,-0.153,0.849,4.543,250.0,-1.6,0.537,11.355,11.191,10.85,0.313,1.012,0.036727,3.79583826123213,11.364,11.199,10.863
71.273,0.29,0.911,5.195,145.582,-0.95,1.107,10.96,10.931,9.754,0.062,0.938,0.04257,3.477135983426687,11.004,10.971,9.864
66.04,-0.538,0.442,5.963,46.783,-0.026,-0.973,10.532,10.504,9.334,0.063,0.47,0.021999,8.744018969446248,10.572,10.537,9.462
19.709,0.12,0.778,4.436,129.522,-0.419,0.968,10.971,10.969,8.57,0.004,0.779,0.015107,8.109011761422748,10.934,10.932,8.429
81.75,0.109,0.973,4.272,250.0,-1.487,-0.861,11.236,11.174,10.358,0.133,1.035,0.028703,5.276809353372837,11.26,11.194,10.407
49.656,-0.318,0.707,5.342,86.282,-1.379,-1.075,10.953,10.797,10.432,0.301,0.862,0.020691,7.411729677294301,10.92,10.776,10.367
26.999,0.012,0.625,4.953,250.0,-1.6,0.443,11.867,11.407,11.681,0.653,1.084,0.02638,5.520122186687831,11.847,11.395,11.656
2.73,-0.078,0.92,5.495,250.0,-1.188,-1.93,12.031,11.712,11.745,0.519,1.238,0.004649,14.147292970854105,11.913,11.643,11.577
2.87,-2.994,0.678,8.002,98.939,-0.0,13.522,11.756,10.869,11.695,0.87,1.564,0.006134,6.1578404892912895,11.535,10.829,11.439
54.582,0.069,0.815,6.081,250.0,-0.079,-1.059,11.36,11.31,10.392,0.108,0.864,0.026164,6.993835658070981,11.367,11.315,10.413
25.83,-2.202,0.786,6.131,91.511,-0.599,-0.992,11.298,10.891,11.082,0.608,1.193,0.018213,12.144774418796525,11.124,10.798,10.847
76.59,0.113,0.784,5.875,87.377,-0.304,-0.566,10.787,10.748,9.713,0.084,0.822,0.013836,18.17723153913311,10.828,10.782,9.832
75.19,-0.826,0.931,5.069,250.0,-0.279,-0.132,11.331,11.321,9.645,0.021,0.941,0.032595,4.931441666955856,11.339,11.329,9.672
85.23,0.138,0.804,6.203,250.0,-0.0,1.299,11.673,11.553,11.055,0.241,0.924,0.037827,8.161714237675513,11.707,11.57,11.138
2.566,-0.975,0.857,6.123,205.356,-0.723,3.635,11.463,11.187,11.136,0.47,1.133,0.035169,2.1817464675431477,11.296,11.099,10.857
2.608,-1.054,0.921,5.604,250.0,-0.855,0.894,12.052,11.786,11.713,0.458,1.187,0.042758,3.4773481993654207,11.92,11.725,11.478
45.359,0.001,0.533,5.391,43.999,-1.453,-1.07,10.604,10.541,9.733,0.135,0.596,0.027393,2.233008469269254,10.573,10.513,9.679
2.612,-0.09,0.993,5.479,239.628,-0.691,-0.98,11.32,11.222,10.624,0.201,1.091,0.05262,3.357992291963284,11.222,11.157,10.365
43.248,0.055,0.868,3.695,241.219,-1.199,-0.448,11.167,11.162,9.138,0.009,0.872,0.045956,3.6442499360611658,11.163,11.158,9.127
83.428,0.185,0.981,5.528,250.0,-0.452,0.433,11.756,11.693,10.876,0.132,1.042,0.03703,8.290885649135976,11.793,11.72,10.977
36.961,-0.251,0.492,3.162,75.906,-1.484,-1.097,10.761,10.759,8.474,0.005,0.494,0.044952,4.369891007238023,10.727,10.725,8.402
61.248,-2.986,0.798,4.884,69.265,-1.473,0.834,10.779,10.676,10.102,0.21,0.901,0.042725,9.839122764722116,10.797,10.691,10.13
69.094,0.166,0.707,4.097,250.0,-0.244,0.664,11.219,11.217,8.461,0.002,0.708,0.051197,4.149298901925632,11.228,11.226,8.536
51.932,0.392,0.76,4.59,158.043,-1.45,1.041,11.09,11.018,10.271,0.152,0.832,0.046564,3.8931677215007654,11.069,10.999,10.241
84.675,0.234,1.012,5.813,250.0,-0.094,-0.235,11.45,11.428,10.114,0.046,1.032,0.04467,8.419490624988418,11.489,11.462,10.254
80.043,-0.38,1.013,2.865,250.0,-1.535,0.274,11.639,11.635,9.6,0.009,1.017,0.058127,6.3513068934714445,11.653,11.649,9.629
62.967,0.508,0.288,5.656,55.391,-1.571,-1.395,10.951,10.567,10.719,0.586,0.671,0.030081,3.7084976125634226,10.976,10.587,10.749
24.924,-0.025,0.946,3.375,250.0,-1.038,1.908,11.269,11.266,8.866,0.004,0.948,0.026535,4.246168860995372,11.262,11.259,8.842
48.045,0.01,0.542,5.851,138.712,-0.35,-0.735,10.997,10.951,9.988,0.098,0.587,0.017942,6.6219161340568125,11.003,10.956,10.008
80.866,0.262,0.641,4.436,158.943,-1.015,1.057,10.924,10.911,9.378,0.028,0.653,0.039972,5.248180761556213,11.024,11.001,9.72
18.371,0.016,1.1,2.855,250.0,-1.6,2.398,11.687,11.683,9.564,0.008,1.104,0.064548,5.528678568233418,11.694,11.69,9.577
57.13,0.529,0.836,3.568,72.248,-1.302,-0.992,10.707,10.705,8.386,0.005,0.838,0.061803,3.800968045111572,10.709,10.707,8.39
84.221,0.132,0.486,5.71,215.419,-0.392,1.24,11.121,11.092,9.929,0.064,0.515,0.029832,4.13807079822071,11.149,11.114,10.021
65.882,0.208,0.637,6.462,128.63,-0.275,1.683,10.966,10.919,9.96,0.099,0.682,0.010849,5.20592500949855,10.979,10.928,10.006
79.762,-0.127,0.838,4.301,99.164,-1.554,-0.953,10.82,10.788,9.658,0.069,0.869,0.007166,9.423850370893836,10.865,10.83,9.746
36.655,0.194,0.91,4.978,81.72,-1.323,-1.101,10.818,10.787,9.645,0.067,0.94,0.034184,4.887470104936955,10.783,10.755,9.564
19.682,0.036,0.911,6.335,250.0,-0.001,0.403,11.635,11.551,10.881,0.176,0.995,0.062181,3.5140590688513713,11.557,11.5,10.645
47.852,0.007,0.584,4.612,100.351,-0.263,2.088,10.837,10.832,8.921,0.012,0.589,0.057779,5.139446367233284,10.835,10.829,8.912
36.639,-0.405,0.562,6.325,56.334,-0.683,-0.989,10.917,10.656,10.572,0.452,0.823,0.020658,6.379916097336482,10.818,10.611,10.397
69.539,0.571,0.775,4.238,161.252,-1.488,0.844,10.963,10.915,9.979,0.104,0.823,0.042402,3.673432762085352,11.055,11.001,10.121
22.499,-0.495,0.602,4.909,150.781,-1.17,0.654,11.05,11.009,9.993,0.088,0.642,0.038387,2.8518079066073274,11.017,10.981,9.906
28.899,-1.594,0.896,4.514,250.0,-1.303,0.905,11.45,11.283,10.954,0.319,1.063,0.031844,7.633345617506439,11.348,11.205,10.794
52.338,0.396,0.573,5.895,90.185,-0.0,1.551,10.806,10.781,9.537,0.054,0.597,0.049698,4.554930777312922,10.817,10.79,9.585
85.55,0.343,0.966,5.944,81.77,-0.851,1.169,10.717,10.692,9.414,0.05,0.989,0.034902,4.270003370400006,10.789,10.756,9.625
2.795,-2.809,0.949,4.491,250.0,-1.278,1.3,11.725,11.636,10.992,0.185,1.037,0.027868,6.942755218385607,11.662,11.588,10.858
82.649,0.159,0.65,3.18,250.0,-0.782,-0.803,11.397,11.396,8.54,0.001,0.651,0.054627,5.4383815625198135,11.414,11.412,8.592
65.987,0.619,0.613,5.214,73.254,-1.415,1.002,10.929,10.64,10.615,0.486,0.902,0.022975,13.001643593915604,11.012,10.713,10.709
78.793,0.002,0.714,5.066,152.677,-1.286,0.628,11.107,10.987,10.484,0.239,0.832,0.017394,8.935609853699052,11.117,10.995,10.503
80.347,0.048,0.667,4.653,186.373,-1.219,0.164,11.101,11.06,10.044,0.088,0.707,0.027133,6.219152647586099,11.11,11.068,10.066
56.693,-0.075,0.695,4.735,108.895,-0.345,-0.998,10.875,10.869,8.981,0.013,0.701,0.037273,5.0323542109556065,10.866,10.861,8.961
45.219,0.029,0.679,5.16,123.616,-1.345,-1.207,11.055,10.942,10.413,0.228,0.792,0.024247,5.203405341737251,11.013,10.912,10.324
35.835,0.369,0.437,5.278,55.942,-1.557,0.971,10.915,10.671,10.549,0.43,0.682,0.039007,5.1837687611748775,10.849,10.609,10.476
2.921,0.002,0.618,4.818,250.0,-1.6,2.454,11.741,11.314,11.537,0.625,1.044,0.010688,12.141131669942132,11.66,11.266,11.434
75.817,-0.693,0.361,5.022,87.308,-1.065,0.579,10.793,10.766,9.573,0.06,0.388,0.031118,2.8858165298774474,10.807,10.777,9.614
56.499,0.546,0.826,5.657,250.0,-0.68,-1.064,11.555,11.441,10.916,0.23,0.939,0.022666,6.658315400384672,11.574,11.454,10.955
84.045,0.643,1.104,4.31,250.0,-1.358,-1.081,11.041,10.938,10.366,0.211,1.207,0.046488,11.758817900653522,11.42,11.283,10.849
31.607,-0.516,1.024,3.758,210.431,-0.94,-0.902,11.205,11.2,9.275,0.012,1.029,0.056562,6.064202146103223,11.113,11.108,9.081
83.172,0.053,0.8,4.002,250.0,-1.438,0.993,11.205,11.177,9.977,0.059,0.826,0.048039,4.2362450793746795,11.22,11.192,10.014
19.298,-0.149,0.796,3.934,250.0,-1.6,1.52,11.399,11.35,10.422,0.106,0.844,0.047929,4.2023843781572,11.36,11.315,10.35
49.704,0.514,0.428,5.066,90.264,-1.561,0.982,11.035,10.815,10.634,0.397,0.647,0.014471,9.878922128642731,11.005,10.793,10.591
52.527,0.013,0.767,4.306,250.0,-1.524,-1.482,11.631,11.517,10.989,0.228,0.88,0.034235,8.877818665897896,11.633,11.52,10.993
69.066,0.493,0.342,5.446,74.087,-1.589,-1.199,11.145,10.652,10.977,0.679,0.835,0.038562,5.554589932285068,11.223,10.716,11.061
12.874,-3.0,0.978,4.384,250.0,-0.0,-0.89,11.703,11.7,9.575,0.007,0.981,0.022674,8.669280627183117,11.711,11.707,9.614
60.239,-0.505,0.585,4.654,45.1,-1.459,-0.919,10.527,10.508,9.159,0.043,0.604,0.030317,5.11382453065613,10.542,10.522,9.19
38.103,-3.0,0.777,4.85,250.0,-1.58,-0.255,11.652,11.394,11.301,0.447,1.034,0.075132,3.1324949448103614,11.62,11.374,11.256
82.799,0.069,0.349,5.879,137.145,-1.151,0.42,11.916,10.932,11.868,0.896,1.332,0.009586,10.818090785864769,11.938,10.945,11.891
79.556,-0.251,0.782,4.239,77.33,-1.564,0.956,10.569,10.526,9.541,0.094,0.825,0.035721,7.245010762097032,10.78,10.733,9.791
78.021,0.176,0.894,4.131,82.191,-0.272,0.99,10.553,10.552,7.803,0.002,0.895,0.02623,10.623757536174509,10.759,10.757,8.229
2.625,-2.605,0.959,4.414,250.0,-1.6,-0.766,11.803,11.628,11.323,0.331,1.134,0.022695,11.103710643934678,11.709,11.56,11.172
2.566,-1.122,0.997,4.747,167.711,-1.507,-2.695,11.44,11.13,11.147,0.509,1.307,0.039152,8.96309487629383,11.3,11.029,10.967
85.847,0.224,0.904,5.755,250.0,-0.455,-0.492,11.708,11.617,10.98,0.187,0.993,0.031272,9.417891696523627,11.754,11.647,11.089
2.712,-2.476,0.954,4.581,250.0,-1.493,2.9,11.47,11.326,10.919,0.281,1.098,0.026297,5.823669560892654,11.387,11.265,10.772
53.41,-0.302,0.438,3.015,146.477,-1.433,-0.556,10.965,10.962,8.722,0.006,0.441,0.049593,3.361363574054259,10.967,10.965,8.728
63.423,0.412,0.416,5.465,129.187,-0.496,-0.982,10.936,10.889,9.946,0.102,0.463,0.035561,4.122980427089107,10.977,10.92,10.065
68.074,0.127,0.555,5.721,75.003,-0.128,1.118,10.704,10.665,9.644,0.087,0.595,0.042602,5.815180427907502,10.773,10.721,9.822
80.297,0.301,0.753,4.966,103.826,-1.396,-0.992,10.843,10.763,10.065,0.167,0.832,0.018137,10.764695445695194,10.96,10.848,10.316
13.722,-1.13,0.831,5.376,250.0,-0.322,0.637,11.528,11.501,10.287,0.058,0.857,0.03698,6.237544969513214,11.499,11.477,10.172
52.129,0.027,0.542,4.954,209.441,-0.73,-1.25,11.144,11.097,10.147,0.101,0.588,0.053171,4.245135985824767,11.139,11.094,10.138
75.932,-0.185,0.806,4.337,250.0,-1.285,-0.239,11.304,11.262,10.259,0.09,0.847,0.024629,8.671540073601347,11.322,11.277,10.306
66.424,0.568,0.745,3.901,112.537,-0.534,-1.044,10.842,10.841,7.783,0.001,0.745,0.034637,3.355328459500604,10.874,10.873,7.907
76.926,0.211,0.833,5.281,52.663,-1.317,1.202,10.579,10.552,9.348,0.059,0.86,0.032628,2.09944947197021,10.615,10.585,9.417
70.938,0.004,0.761,3.968,250.0,-1.418,0.944,11.467,11.44,10.243,0.06,0.788,0.03304,7.927132266192831,11.513,11.482,10.342
9.769,-0.164,0.787,6.603,250.0,-0.055,0.76,11.378,11.22,10.863,0.305,0.945,0.031604,4.049819557201626,11.286,11.167,10.664
2.566,-1.301,0.653,7.526,39.346,-0.002,-3.825,11.558,10.581,11.509,0.894,1.63,0.019072,5.783213482364486,11.285,10.464,11.213
82.858,-0.196,1.092,4.633,80.463,-0.044,0.988,10.625,10.624,8.097,0.003,1.094,0.065178,6.624740725475399,10.751,10.748,8.459
74.054,0.129,0.723,5.062,91.335,-0.513,0.251,10.79,10.78,9.131,0.022,0.732,0.050887,4.387087569093002,10.806,10.795,9.18
2.591,-1.332,1.067,2.928,250.0,-0.504,-1.651,11.547,11.547,8.554,0.001,1.068,0.069085,4.261854349407114,11.47,11.47,8.267
85.581,-0.376,1.059,4.275,250.0,-1.077,0.084,11.41,11.393,9.996,0.039,1.076,0.028331,5.811667811314901,11.441,11.422,10.067
76.649,0.19,0.822,4.049,126.989,-1.158,-1.129,10.893,10.869,9.629,0.054,0.847,0.001117,11.736744815872749,10.952,10.921,9.796
55.483,0.279,0.752,4.593,250.0,-1.6,-1.208,11.416,11.176,11.043,0.424,0.991,0.022957,4.830818075377249,11.421,11.18,11.05
31.615,0.485,0.681,5.049,172.073,-0.416,1.017,11.2,11.137,10.334,0.136,0.745,0.022874,13.569247318806696,11.085,11.038,10.102
65.943,0.516,0.808,5.606,158.848,-0.517,1.232,11.017,10.984,9.868,0.071,0.84,0.037097,4.51301942318791,11.042,11.003,9.968
31.918,0.586,0.885,3.849,250.0,-0.569,-0.947,11.315,11.314,8.811,0.003,0.887,0.042738,4.302486196549881,11.24,11.239,8.596
65.416,0.09,0.556,5.553,54.577,-0.001,1.02,10.523,10.504,9.156,0.043,0.575,0.047488,5.7740049314795066,10.556,10.533,9.275
36.834,-0.45,0.601,4.554,51.917,-1.131,-0.664,10.651,10.637,9.145,0.031,0.614,0.042821,4.064013032285456,10.591,10.58,9.004
41.971,0.35,0.912,4.995,250.0,-0.415,-0.969,11.445,11.434,9.842,0.025,0.923,0.060621,4.585776316996481,11.438,11.427,9.816
37.578,-0.248,0.396,6.197,45.594,-0.257,0.894,10.778,10.583,10.336,0.361,0.59,0.01752,9.124242437114692,10.666,10.506,10.154
2.91,-2.027,0.967,3.718,250.0,-1.296,0.762,11.516,11.507,9.787,0.019,0.976,0.063781,3.214699443775507,11.472,11.464,9.666
52.695,0.377,0.611,4.732,68.394,-0.225,0.988,10.708,10.705,8.457,0.006,0.613,0.026946,6.4600776254082,10.689,10.686,8.393
31.61,0.327,0.301,7.624,110.67,-0.619,0.509,12.854,10.922,12.849,0.988,2.233,0.013183,8.401315736278393,12.647,10.867,12.64
84.01,0.149,0.799,4.546,250.0,-1.48,-0.554,11.268,11.173,10.551,0.193,0.892,0.014521,10.81840860696698,11.305,11.198,10.636
81.312,0.149,0.972,4.0,250.0,-1.275,0.202,11.236,11.21,9.99,0.057,0.997,0.037151,9.393540639982296,11.266,11.237,10.069
2.571,-1.582,0.639,5.693,58.403,-0.558,-3.202,10.918,10.742,10.44,0.333,0.815,0.039048,3.9265838578573433,10.758,10.626,10.177
44.552,0.486,0.518,5.227,162.501,-1.494,-1.054,11.426,11.039,11.196,0.589,0.904,0.024637,3.0549821320433943,11.368,10.999,11.125
80.042,0.03,0.569,4.546,226.303,-1.6,1.31,11.41,11.134,11.08,0.469,0.843,0.019605,10.102736522543218,11.416,11.139,11.089
71.678,-0.225,0.935,5.96,101.986,-0.429,0.977,10.819,10.8,9.442,0.042,0.954,0.021608,5.065646854428013,10.864,10.84,9.584
52.786,0.08,0.663,3.477,53.147,-1.216,1.583,10.594,10.593,7.908,0.002,0.664,0.028331,5.93318665056061,10.589,10.588,7.893
68.163,-0.483,0.572,3.941,49.123,-0.795,-1.01,10.51,10.509,8.03,0.003,0.573,0.029714,8.843635018560965,10.558,10.556,8.158
18.309,0.617,1.061,5.951,244.543,-0.266,0.916,11.253,11.232,9.934,0.048,1.083,0.051184,3.33762144270003,11.178,11.166,9.624
2.73,-0.184,0.913,5.598,250.0,-0.775,1.45,11.946,11.696,11.585,0.436,1.162,0.0281,6.35370583537029,11.829,11.635,11.385
80.042,0.036,0.795,4.592,250.0,-1.529,-1.319,11.744,11.553,11.294,0.355,0.985,0.03663,5.984501685978887,11.76,11.564,11.318
85.091,-0.133,0.824,4.255,109.374,-0.779,-0.978,10.71,10.707,8.553,0.007,0.827,0.028137,8.255704123112087,10.871,10.866,8.919
80.848,-1.365,0.638,4.752,66.836,-0.342,-0.875,10.602,10.599,8.354,0.006,0.641,0.010857,7.55253559203734,10.681,10.677,8.587
82.02,0.155,0.859,5.696,196.488,-0.139,-0.278,11.107,11.071,10.003,0.079,0.895,0.032417,9.99030561676926,11.129,11.089,10.071
70.398,0.219,0.667,4.523,250.0,-1.6,-1.431,11.704,11.476,11.315,0.408,0.895,0.034235,8.552380625536353,11.73,11.497,11.347
79.467,0.167,0.784,4.295,156.107,-1.456,1.015,10.941,10.913,9.72,0.06,0.811,0.029677,7.22299099957548,11.037,11.002,9.914
48.672,-1.551,1.004,3.569,250.0,-1.585,0.136,11.566,11.55,10.113,0.035,1.02,0.042193,4.358346675989695,11.57,11.554,10.122
59.537,-0.148,0.762,4.311,250.0,-0.476,-0.89,11.188,11.186,8.741,0.004,0.764,0.038704,3.394484796199693,11.184,11.182,8.722
22.498,-0.751,0.861,4.524,250.0,-1.479,-0.617,11.569,11.465,10.893,0.211,0.965,0.021656,11.368056877254835,11.558,11.457,10.869
21.582,-0.009,0.796,5.547,235.82,-0.996,-0.46,11.367,11.169,10.93,0.366,0.993,0.047355,3.4878526008138584,11.319,11.142,10.844
82.512,0.175,0.755,5.744,49.842,-0.614,-1.038,10.553,10.525,9.333,0.06,0.782,0.032004,5.651756799733862,10.593,10.562,9.419
56.175,-2.874,0.524,3.779,79.369,-1.37,-1.147,10.736,10.73,8.87,0.014,0.53,0.02123,7.811134340663793,10.75,10.744,8.893
86.222,0.347,1.007,3.871,250.0,-1.6,-0.779,11.211,11.134,10.415,0.16,1.083,0.056287,6.400418767841498,11.266,11.183,10.501
6.002,-2.884,0.54,3.337,107.12,-1.55,-0.861,10.864,10.859,8.925,0.012,0.545,0.032468,4.075316681601433,10.859,10.854,8.913
72.407,-2.913,0.605,5.331,90.466,-0.06,0.994,10.718,10.706,9.147,0.027,0.617,0.010814,12.062832841490623,10.811,10.794,9.376
25.795,-1.876,0.702,4.749,191.869,-1.595,1.005,11.508,11.16,11.25,0.552,1.051,0.026204,5.595433554026912,11.39,11.066,11.11
57.117,0.371,0.765,4.798,131.831,-1.6,-1.152,11.143,10.926,10.738,0.393,0.982,0.021982,9.115941894330575,11.162,10.936,10.769
19.077,0.348,0.451,4.837,73.705,-1.236,0.902,10.833,10.785,9.855,0.105,0.499,0.041914,3.642482404689905,10.754,10.714,9.694
81.084,0.217,0.834,6.078,111.193,-0.632,-0.882,10.928,10.841,10.183,0.18,0.921,0.042925,3.8809373249133103,10.968,10.87,10.272
72.66,0.108,0.736,5.507,238.567,-0.09,0.58,11.151,11.138,9.602,0.028,0.749,0.06357,4.621378705166445,11.164,11.149,9.654
51.382,0.235,0.599,5.168,84.719,-0.488,1.143,10.777,10.767,9.119,0.022,0.608,0.026311,6.206699381602031,10.779,10.768,9.128
81.235,-0.221,0.937,4.543,79.561,-1.421,0.928,10.662,10.631,9.497,0.068,0.967,0.037795,8.583085725869136,10.788,10.745,9.766
53.894,-0.036,0.521,5.151,133.202,-1.201,1.014,11.096,10.945,10.562,0.293,0.671,0.02169,4.3678492314552555,11.08,10.934,10.536
49.15,-0.253,0.776,4.022,250.0,-0.478,0.969,11.223,11.22,9.043,0.007,0.779,0.020871,9.450062841966655,11.184,11.181,8.949
73.812,0.51,0.782,5.55,62.285,-0.074,-1.082,10.562,10.523,9.493,0.085,0.821,0.041706,9.116388317897773,10.709,10.65,9.813
47.904,0.204,0.323,5.483,64.309,-1.6,-1.059,11.033,10.616,10.824,0.618,0.741,0.036167,3.982969197346458,10.996,10.582,10.784
83.682,0.216,0.859,6.242,250.0,-0.139,0.143,11.616,11.545,10.785,0.148,0.929,0.024725,14.955772128667444,11.654,11.571,10.884
41.127,0.622,0.7,4.958,43.627,-1.111,0.916,10.617,10.583,9.497,0.076,0.734,0.026255,7.92682287116804,10.539,10.508,9.377
2.758,0.001,0.773,4.811,170.185,-1.569,2.628,11.328,11.073,10.975,0.444,1.028,0.000846,2.7000981816690817,11.243,11.019,10.847
80.043,0.103,0.463,4.347,157.284,-1.6,,11.09,10.986,10.419,0.213,0.567,0.050697,3.086762555938775,11.089,10.985,10.418
52.763,0.265,0.687,4.242,215.412,-1.594,-1.11,11.273,11.123,10.739,0.292,0.837,0.041597,8.67741399884722,11.267,11.118,10.729
18.451,-1.156,0.134,6.595,41.787,-1.099,-0.994,11.302,10.534,11.221,0.829,0.903,0.01529,5.88573646069862,11.119,10.416,11.023
18.412,0.083,0.611,5.526,74.005,-1.082,1.446,10.811,10.75,9.923,0.13,0.672,0.033162,4.49855806766952,10.768,10.717,9.802
42.417,0.197,0.743,4.074,250.0,-1.527,-0.997,11.372,11.322,10.406,0.108,0.793,0.060694,3.6154923578246407,11.351,11.304,10.363
2.566,-1.013,1.422,6.162,250.0,-0.519,3.805,12.259,11.903,12.006,0.559,1.777,0.064071,4.1914444227610765,12.078,11.825,11.722
69.135,0.28,0.309,5.128,87.249,-1.594,-1.24,11.117,10.645,10.939,0.663,0.781,0.039816,6.968123863380752,11.186,10.7,11.014
18.637,-0.022,0.865,6.139,250.0,-0.24,1.053,11.35,11.27,10.572,0.167,0.944,0.029274,4.93115105931251,11.303,11.235,10.456
86.789,-0.143,0.843,4.736,67.965,-1.6,-1.001,10.625,10.568,9.716,0.123,0.9,0.071273,2.531473975360349,10.749,10.683,9.894
26.553,-0.77,0.814,4.054,250.0,-0.136,-0.982,11.246,11.245,7.949,0.001,0.815,0.027054,5.632765904692299,11.197,11.196,7.727
74.95,-1.018,0.775,4.34,92.211,-1.103,-0.872,10.77,10.764,8.894,0.013,0.781,0.019082,6.866483329373244,10.808,10.802,8.978
2.566,-0.288,1.351,2.53,250.0,-1.6,5.702,11.725,11.723,9.389,0.005,1.353,0.033872,6.818867682660382,11.593,11.591,9.217
53.351,0.01,0.697,3.017,249.843,-1.564,-0.985,11.176,11.168,9.391,0.016,0.704,0.051489,4.433965971154398,11.171,11.163,9.381
85.681,-0.266,1.132,3.722,188.909,-1.592,-0.988,10.905,10.873,9.751,0.07,1.164,0.041738,8.618327378259233,11.11,11.07,10.05
39.215,-1.856,1.006,4.3,250.0,-1.6,-0.207,11.884,11.791,11.162,0.19,1.097,0.023292,8.247469179034802,11.907,11.808,11.213
82.397,0.159,1.003,3.822,250.0,-1.497,-0.271,11.721,11.703,10.282,0.037,1.019,0.082679,4.430085087083679,11.745,11.727,10.328
79.827,-1.085,1.013,4.011,250.0,-1.167,-0.129,11.575,11.564,9.932,0.023,1.023,0.029327,5.747127737296823,11.587,11.575,9.964
2.603,-3.0,1.033,4.983,250.0,-1.598,-1.332,12.256,11.892,12.01,0.568,1.397,0.050543,4.21209826335397,12.141,11.825,11.853
72.039,-0.583,0.794,3.93,141.709,-1.281,-0.984,10.922,10.916,9.032,0.013,0.799,0.0287,3.558595119778545,10.967,10.96,9.113
19.452,-0.061,0.8,5.971,250.0,-0.273,-0.73,11.616,11.53,10.867,0.178,0.885,0.028262,6.950300608490419,11.589,11.51,10.804
56.509,0.454,0.698,4.716,150.34,-1.432,0.997,11.081,10.983,10.389,0.203,0.796,0.030014,4.175212163468368,11.078,10.98,10.381
61.019,0.434,0.766,5.897,250.0,-0.196,2586.144,11.34,11.292,10.344,0.101,0.813,0.032368,7.455477474759614,11.351,11.3,10.383
71.57,-0.059,0.934,2.735,250.0,-1.537,0.718,11.239,11.236,8.902,0.005,0.936,0.048454,4.368043209091334,11.261,11.258,8.946
86.042,0.314,1.153,4.724,250.0,-0.08,-1.194,11.386,11.383,9.162,0.006,1.156,0.036899,13.396641009413274,11.477,11.471,9.558
71.657,-0.24,0.895,4.372,250.0,-1.289,-0.234,11.497,11.454,10.458,0.092,0.937,0.027886,7.315855783953542,11.506,11.462,10.482
41.753,-0.038,0.582,5.591,58.921,-0.241,1.001,10.675,10.653,9.359,0.048,0.604,0.044729,4.307665741001517,10.647,10.629,9.259
79.224,-0.024,0.704,5.648,168.466,-0.2,-0.838,11.036,11.013,9.726,0.049,0.726,0.028343,7.403219813312073,11.054,11.029,9.794
81.93,-0.074,0.965,3.635,72.312,-0.465,1.029,10.545,10.545,7.411,0.001,0.965,0.053843,6.382960233623985,10.708,10.707,7.846
59.631,0.568,0.721,4.642,178.59,-1.343,1.014,11.145,11.028,10.517,0.235,0.838,0.035365,5.589559776549665,11.163,11.043,10.544
69.583,0.21,0.673,4.663,102.766,-1.296,-0.856,10.839,10.807,9.691,0.071,0.705,0.026808,8.47132307678917,10.88,10.843,9.782
2.595,-0.93,1.138,5.042,250.0,-1.562,-0.564,11.947,11.61,11.679,0.539,1.474,0.026214,7.286084249848573,11.83,11.546,11.51
63.052,-0.438,0.768,3.12,56.029,-0.968,1.147,10.577,10.576,8.043,0.003,0.769,0.065127,9.60948299059268,10.611,10.609,8.094
49.065,-0.022,0.63,5.402,78.35,-1.576,-1.078,10.997,10.769,10.608,0.408,0.858,0.021952,6.225512056137427,10.955,10.739,10.548
2.639,-0.463,0.925,5.723,85.578,-0.531,-4.536,11.096,10.867,10.708,0.409,1.154,0.058211,5.048977099652023,10.941,10.771,10.453
66.847,-0.056,0.914,3.301,250.0,-1.56,-0.917,11.224,11.212,9.652,0.027,0.925,0.049674,6.152004264298888,11.265,11.252,9.731
23.562,-3.0,1.157,3.597,250.0,-1.524,0.731,11.776,11.763,10.224,0.028,1.169,0.034698,5.518056064249994,11.764,11.751,10.2
83.118,-1.058,0.61,4.582,250.0,-0.455,0.317,11.339,11.333,9.424,0.012,0.616,0.014752,10.799873110800071,11.352,11.345,9.476
66.742,0.445,0.833,4.225,242.544,-1.599,0.999,11.173,11.1,10.356,0.153,0.905,0.015929,2.823052441722231,11.227,11.147,10.45
68.618,-0.066,0.783,6.757,237.758,-0.038,-0.461,11.245,11.15,10.528,0.192,0.876,0.008458,7.546389998616584,11.266,11.162,10.591
56.242,-0.449,0.674,4.513,126.979,-1.543,-0.99,11.01,10.926,10.256,0.176,0.758,0.033168,4.671308005836163,11.001,10.918,10.24
74.882,0.392,0.634,6.746,51.234,-0.012,1.106,10.577,10.526,9.61,0.108,0.684,0.014256,5.888344889358942,10.641,10.573,9.801
54.692,-1.15,0.723,4.845,50.87,-1.064,0.279,10.583,10.569,9.077,0.031,0.737,0.01959,8.113800589428811,10.584,10.57,9.078
37.243,-0.242,0.849,3.847,166.338,-1.473,-0.952,11.043,11.032,9.383,0.022,0.858,0.045441,3.2352771193307746,11.031,11.021,9.357
3.524,-0.224,0.883,5.461,250.0,-0.029,-1.916,11.657,11.639,10.247,0.039,0.9,0.034552,5.738321652867404,11.628,11.613,10.122
53.187,-0.602,0.307,4.865,79.866,-1.6,1.124,10.93,10.655,10.6,0.468,0.581,0.028259,6.806134768241946,10.936,10.661,10.607
20.893,-3.0,0.983,3.635,163.267,-1.5,0.254,11.062,11.051,9.469,0.026,0.994,0.047269,3.3037411697248427,11.019,11.009,9.373
36.637,-2.043,0.406,5.818,40.224,-1.103,0.872,10.706,10.557,10.17,0.291,0.555,0.017052,5.9579768384413585,10.608,10.474,10.029
54.702,0.266,0.771,3.813,250.0,-0.808,1.088,11.302,11.298,9.197,0.008,0.774,0.025887,6.872779932900753,11.296,11.292,9.18
75.637,-0.515,0.912,2.681,165.84,-1.365,-1.042,10.957,10.956,8.233,0.002,0.913,0.047588,5.76845909613175,11.021,11.02,8.389
85.225,0.151,0.75,5.047,250.0,-1.468,-0.127,11.883,11.522,11.633,0.564,1.11,0.041643,6.255281609656059,11.912,11.542,11.67
58.921,0.134,0.818,4.365,102.627,-0.317,0.485,10.831,10.829,8.014,0.002,0.818,0.074478,3.410833792800168,10.841,10.839,8.059
54.143,0.407,0.713,4.303,250.0,-1.551,1.099,11.279,11.219,10.384,0.128,0.772,0.045047,2.824846706422048,11.27,11.211,10.37
28.181,-0.355,0.604,3.794,91.685,-1.301,0.984,10.855,10.848,9.019,0.015,0.61,0.044267,4.003768784668864,10.802,10.796,8.907
77.408,0.445,0.853,6.158,174.689,-0.002,0.932,11.004,10.977,9.774,0.059,0.88,0.020035,11.468528543183146,11.095,11.047,10.116
49.422,0.25,0.624,6.041,54.716,-0.77,1.171,10.737,10.606,10.149,0.259,0.754,0.026405,6.655297136960841,10.725,10.599,10.125
73.275,0.199,0.56,6.01,69.251,-0.025,-1.005,10.627,10.612,9.168,0.035,0.575,0.022268,6.710681863242095,10.715,10.691,9.436
46.109,0.536,0.806,4.394,250.0,-1.587,-1.086,11.673,11.429,11.306,0.43,1.049,0.077086,6.541806214376468,11.62,11.385,11.241
61.363,0.337,0.763,5.379,79.107,-1.244,-0.793,10.847,10.727,10.229,0.241,0.883,0.02676,6.862598808740193,10.866,10.742,10.26
18.385,-1.689,0.894,3.393,93.483,-1.598,-0.768,10.87,10.866,8.797,0.008,0.898,0.029004,5.941818331429629,10.81,10.807,8.644
42.16,-0.007,0.492,5.96,111.479,-0.307,-1.119,10.918,10.883,9.798,0.076,0.526,0.025432,3.2014010888093725,10.901,10.869,9.744
49.63,0.286,0.645,4.799,103.195,-1.6,-0.797,10.96,10.86,10.273,0.206,0.745,0.02345,3.6373957527351033,10.939,10.841,10.242
83.64,0.048,0.868,5.389,250.0,-0.803,-0.532,11.731,11.618,11.086,0.227,0.98,0.022255,10.988051217097013,11.748,11.629,11.125
78.817,-0.201,0.718,5.173,250.0,-0.574,0.304,11.427,11.374,10.48,0.113,0.77,0.018943,8.03077522329172,11.441,11.385,10.521
2.596,-3.0,0.859,4.932,250.0,-1.6,0.709,11.723,11.262,11.539,0.654,1.32,0.027701,3.2690551959854464,11.594,11.197,11.372
77.421,0.4,0.846,5.83,250.0,-0.353,1.109,11.31,11.255,10.378,0.117,0.9,0.015867,8.124951131821257,11.363,11.291,10.542
9.292,-0.049,0.794,3.964,214.296,-1.359,0.405,11.167,11.149,9.747,0.038,0.811,0.018339,3.706418319455617,11.128,11.112,9.674
32.686,0.245,0.705,2.659,51.462,-1.6,0.204,10.623,10.623,7.586,0.001,0.706,0.065225,3.331849825017981,10.577,10.576,7.483
28.86,0.12,0.522,4.029,116.612,-0.061,-0.852,10.91,10.91,7.871,0.001,0.522,0.030488,6.205474249967881,10.89,10.889,7.781
71.554,0.562,0.377,5.053,250.0,-1.49,,11.703,11.151,11.558,0.718,0.927,0.048403,5.7750921539865505,11.719,11.161,11.577
78.261,-0.636,0.798,3.101,233.925,-1.081,0.89,11.079,11.078,8.36,0.002,0.798,0.045242,4.058456140510655,11.144,11.143,8.53
52.847,0.096,0.683,4.314,213.252,-1.134,0.971,11.13,11.109,9.798,0.047,0.703,0.047626,3.933910199572795,11.128,11.107,9.793
26.104,0.479,0.111,4.332,68.155,-1.369,0.964,10.793,10.767,9.548,0.057,0.137,0.026758,4.519541008404813,10.708,10.685,9.422
2.66,-2.846,0.695,5.491,71.409,-1.569,1.022,11.192,10.774,10.983,0.618,1.113,0.0374,3.930624447554023,11.076,10.702,10.837
42.336,0.481,0.642,5.48,109.04,-0.274,0.971,10.913,10.89,9.629,0.052,0.665,0.050368,4.322972876562322,10.88,10.861,9.496
20.986,-1.117,0.656,5.406,49.523,-0.364,-0.379,10.57,10.559,8.963,0.025,0.667,0.020475,6.689061290864427,10.571,10.56,8.967
2.692,-2.896,0.792,4.53,250.0,-1.599,1.1,11.554,11.283,11.22,0.464,1.063,0.056851,3.0286590831722005,11.458,11.221,11.08
84.003,-0.066,0.904,2.909,250.0,-1.158,1.008,11.207,11.205,8.387,0.002,0.905,0.051031,4.346765963534531,11.265,11.264,8.544
79.871,-0.393,0.908,4.911,250.0,-0.663,0.159,11.36,11.342,9.937,0.038,0.925,0.038526,4.052831506260076,11.372,11.354,9.974
71.596,0.38,0.845,4.589,138.524,-0.287,-0.227,10.936,10.934,8.485,0.004,0.847,0.047862,4.253062788158278,10.954,10.952,8.545
28.396,0.398,0.84,2.886,134.646,-1.233,0.335,10.988,10.987,8.119,0.001,0.84,0.049984,3.6738103344837767,10.942,10.941,8.004
46.385,-0.211,0.663,4.322,75.719,-0.801,1.028,10.74,10.712,9.539,0.063,0.692,0.043024,19.066938065940896,10.756,10.726,9.584
31.778,-0.311,0.466,4.987,106.042,-0.441,1.198,10.903,10.895,9.168,0.018,0.474,0.043322,3.4551648185142003,10.856,10.85,9.009
85.858,0.331,0.902,5.397,250.0,-0.389,0.677,11.612,11.594,10.192,0.038,0.919,0.046447,6.210669183973273,11.668,11.645,10.369
86.698,0.387,0.761,6.806,54.092,-0.0,1.02,10.538,10.517,9.202,0.046,0.781,0.036031,4.200461021037965,10.632,10.595,9.536
18.29,0.604,0.559,6.513,86.566,-0.043,0.864,10.922,10.861,10.037,0.13,0.619,0.020677,6.308810582918454,10.813,10.777,9.705
62.823,-2.997,0.657,3.665,136.494,-0.631,1.046,10.923,10.921,8.54,0.004,0.659,0.016932,17.00298187624922,10.955,10.953,8.623
42.377,0.255,0.047,4.857,84.244,-1.598,-1.389,11.052,10.792,10.705,0.45,0.307,0.026291,6.717953977789955,11.017,10.764,10.663
76.445,-0.683,0.466,4.56,199.915,-1.596,-0.177,11.273,11.064,10.855,0.382,0.675,0.006229,4.600441385425558,11.298,11.079,10.895
52.158,0.315,0.452,4.369,155.198,-1.591,-1.175,11.084,10.989,10.377,0.196,0.547,0.048226,3.4272589270049,11.079,10.985,10.369
86.665,-2.536,0.522,5.044,95.586,-0.751,0.762,10.715,10.709,8.852,0.014,0.528,0.020091,6.003037758738427,10.825,10.815,9.169
76.297,0.121,0.679,6.19,198.462,-0.113,-1.568,11.105,11.08,9.814,0.051,0.702,0.023517,5.676438233128636,11.119,11.092,9.876
75.488,0.26,0.482,6.221,56.033,-0.835,1.115,10.675,10.555,10.052,0.239,0.6,0.013712,5.424608489916535,10.75,10.609,10.192
2.566,-0.304,1.198,5.052,250.0,-1.6,-1.752,11.82,11.499,11.538,0.522,1.519,0.022893,5.135161385928483,11.674,11.382,11.363
82.789,0.564,0.121,6.205,55.453,-1.348,,11.329,10.596,11.239,0.815,0.853,0.045917,4.023349807874151,11.341,10.603,11.253
52.704,-0.059,0.705,4.779,135.157,-0.397,-1.065,10.958,10.953,9.005,0.011,0.71,0.041649,4.004712180619259,10.945,10.941,8.972
58.636,0.093,0.724,4.625,241.689,-1.536,-0.506,11.354,11.164,10.899,0.352,0.912,0.013421,11.188324112463008,11.364,11.17,10.917
72.105,0.464,0.744,5.293,250.0,-0.747,1.006,11.215,11.131,10.454,0.173,0.827,0.026908,7.19884007430136,11.284,11.18,10.608
41.654,-0.004,0.664,3.962,172.923,-1.479,0.871,11.06,11.034,9.797,0.055,0.688,0.019565,9.761859032044066,11.069,11.042,9.821
79.671,-0.409,0.703,3.847,146.75,-1.232,0.297,10.968,10.96,9.218,0.018,0.711,0.020655,10.192297552752684,10.989,10.98,9.273
33.923,0.288,0.73,5.312,59.84,-1.429,-0.93,10.743,10.674,9.905,0.145,0.798,0.027459,5.009276359103943,10.695,10.634,9.809
83.675,-0.089,0.773,4.566,250.0,-0.778,-0.932,11.215,11.197,9.816,0.04,0.791,0.032471,6.958647623545219,11.261,11.239,9.936
71.954,-0.144,0.806,3.999,250.0,-1.521,0.995,11.286,11.235,10.329,0.11,0.857,0.029436,7.748001339918374,11.418,11.361,10.504
45.37,0.404,0.788,6.085,250.0,-0.125,0.965,11.491,11.288,11.062,0.372,0.99,0.020936,11.941324880023028,11.409,11.241,10.915
32.544,0.665,0.841,6.724,250.0,-0.0,1.971,11.357,11.236,10.737,0.24,0.961,0.006405,2.88548000441074,11.316,11.214,10.635
49.307,0.557,0.869,5.663,250.0,-0.153,-0.989,11.374,11.338,10.275,0.08,0.905,0.033225,6.938512251996777,11.345,11.314,10.176
82.247,-0.084,0.831,4.857,250.0,-0.325,-0.181,11.192,11.188,9.029,0.007,0.834,0.0345,6.188645471906538,11.209,11.204,9.088
84.019,0.109,0.912,4.927,243.498,-0.71,-0.521,11.18,11.154,9.925,0.056,0.937,0.034481,8.922455109957664,11.198,11.17,9.978
82.607,0.17,0.934,4.913,250.0,-0.97,0.71,11.798,11.724,10.981,0.153,1.007,0.03999,10.03853645442324,11.821,11.741,11.039
13.033,0.308,0.759,5.916,250.0,-0.269,-3.552,11.362,11.316,10.353,0.098,0.803,0.055458,3.695904133588492,11.357,11.313,10.338
78.59,0.089,0.912,4.675,250.0,-1.04,0.326,11.5,11.454,10.489,0.098,0.957,0.038627,7.8750199724347745,11.517,11.469,10.531
74.95,-0.46,0.891,3.111,177.644,-1.312,1.012,10.984,10.982,8.521,0.003,0.893,0.044109,4.465458056191156,11.046,11.044,8.678
43.704,0.095,0.978,2.407,250.0,-1.505,0.829,11.284,11.282,8.531,0.002,0.979,0.029458,6.4804027630764605,11.275,11.272,8.508
78.15,0.148,0.943,3.023,250.0,-0.791,0.768,11.406,11.405,8.241,0.001,0.943,0.057567,4.048559515858064,11.428,11.426,8.303
19.565,-1.461,0.944,4.73,250.0,-1.417,0.214,11.756,11.626,11.167,0.258,1.073,0.042157,3.941541491667295,11.692,11.58,11.046
18.935,-0.442,0.989,4.178,250.0,-1.599,-0.659,11.754,11.683,10.928,0.149,1.059,0.0411,9.000611816451592,11.758,11.687,10.935
85.581,0.208,0.806,4.572,250.0,-1.325,-0.222,11.555,11.403,11.025,0.295,0.958,0.056804,7.416168518939822,11.606,11.438,11.109
85.23,0.047,0.777,4.855,250.0,-1.6,0.996,11.693,11.335,11.442,0.561,1.135,0.05725,4.596947309923754,11.713,11.346,11.469
31.641,0.447,0.944,2.938,250.0,-0.815,1.005,11.307,11.306,8.485,0.002,0.944,0.05049,6.436069255837343,11.227,11.227,8.28
84.726,0.028,0.808,5.711,250.0,-0.756,0.363,11.326,11.16,10.826,0.317,0.974,0.0133,4.435514336527731,11.35,11.171,10.875
60.202,0.191,0.631,5.45,54.991,-1.246,-1.005,10.744,10.579,10.244,0.316,0.796,0.023864,9.175542413743594,10.769,10.601,10.276
55.616,-1.831,0.711,4.984,107.221,-0.878,-0.975,10.88,10.855,9.631,0.056,0.736,0.019158,4.422438666556853,10.881,10.856,9.635
42.84,0.519,0.732,6.543,148.642,-0.161,0.983,11.043,11.003,9.971,0.085,0.77,0.03106,4.568569978034154,11.018,10.983,9.881
63.41,0.056,0.799,5.891,250.0,-0.301,-0.405,11.555,11.427,10.958,0.253,0.926,0.0106,13.44981043865631,11.57,11.436,10.992
57.131,0.272,0.747,6.05,47.902,-0.574,-1.231,10.572,10.539,9.437,0.073,0.78,0.03226,4.25285192884969,10.582,10.546,9.467
21.254,-0.309,0.354,5.779,132.598,-1.57,-0.484,11.91,10.964,11.857,0.887,1.3,0.012234,6.361292890983175,11.845,10.934,11.787
2.956,-0.167,0.719,5.201,143.18,-1.59,3.769,11.454,11.016,11.257,0.635,1.157,0.035352,4.418110462084874,11.37,10.963,11.153
85.847,0.234,0.841,4.891,250.0,-1.256,-0.408,11.545,11.428,10.916,0.235,0.958,0.03035,7.800902344707485,11.584,11.456,10.989
81.727,0.169,0.983,4.313,250.0,-0.924,0.477,11.509,11.497,9.892,0.024,0.993,0.066229,5.715848563511674,11.527,11.514,9.953
41.252,0.052,0.617,5.957,70.858,-0.581,0.991,10.868,10.745,10.259,0.246,0.739,0.042588,4.08404351214337,10.798,10.699,10.107
83.329,0.183,1.183,3.206,250.0,-1.413,1.138,11.093,11.084,9.431,0.022,1.193,0.059768,10.53811971636254,11.26,11.248,9.667
46.852,0.201,0.659,3.423,250.0,-1.6,-2.603,11.313,11.27,10.282,0.093,0.702,0.091673,6.573124815034545,11.312,11.27,10.282
2.773,0.002,0.548,5.387,99.509,-1.593,1.925,11.446,10.879,11.309,0.729,1.116,0.023868,4.647760821028135,11.351,10.826,11.196
51.202,0.255,0.763,5.989,136.467,-0.69,1.127,11.042,10.961,10.264,0.167,0.843,0.0217,4.725634357515436,11.024,10.95,10.21
84.01,0.471,0.678,5.589,74.758,-1.16,-0.977,10.804,10.6,10.378,0.375,0.882,0.026782,8.693147600874676,10.967,10.72,10.603
43.629,0.165,0.81,5.46,250.0,-0.248,0.908,11.259,11.237,9.923,0.046,0.831,0.048926,4.227847757143961,11.246,11.226,9.877
82.795,0.015,0.896,6.164,250.0,-0.0,-1.197,11.87,11.753,11.239,0.234,1.012,0.015872,10.120688480800943,11.879,11.758,11.263
78.25,0.014,0.902,3.731,250.0,-1.093,1.05,11.357,11.337,9.99,0.043,0.921,0.040627,15.400765874807105,11.468,11.443,10.227
44.03,0.112,0.587,6.157,48.604,-0.514,1.151,10.696,10.604,9.974,0.19,0.678,0.03946,3.638828264642224,10.636,10.554,9.873
2.566,-2.872,0.773,6.02,250.0,-1.402,-1.049,12.65,11.434,12.623,0.939,1.989,0.025679,2.5322450128608183,12.462,11.35,12.428
60.44,0.542,0.255,5.105,92.406,-1.583,1.127,11.079,10.638,10.884,0.638,0.697,0.036599,5.806456785736651,11.114,10.666,10.922
75.886,-0.356,0.864,4.643,59.141,-1.007,-1.013,10.531,10.502,9.343,0.065,0.893,0.042451,7.749758304817409,10.663,10.63,9.518
2.617,0.002,0.855,4.9,250.0,-1.577,2.111,11.894,11.502,11.668,0.595,1.247,0.011278,2.923579321265934,11.776,11.437,11.51
60.232,0.544,0.614,6.422,50.303,-0.364,0.971,10.672,10.55,10.061,0.245,0.736,0.013209,5.603464207752998,10.698,10.566,10.114
69.281,0.06,0.698,4.476,131.428,-1.116,-1.078,10.916,10.908,9.148,0.017,0.706,0.027856,5.858793387608045,10.947,10.938,9.218
61.158,0.338,0.5,5.795,56.628,-0.528,1.071,10.667,10.6,9.822,0.143,0.567,0.025281,6.771004771594122,10.685,10.613,9.866
83.514,0.561,0.752,5.083,107.581,-1.373,-1.031,10.856,10.712,10.305,0.281,0.896,0.018995,11.39948302364607,11.062,10.86,10.631
66.743,0.615,0.81,5.68,58.191,-0.472,1.02,10.608,10.561,9.619,0.103,0.857,0.039801,5.507361624794859,10.681,10.624,9.767
84.504,0.221,0.784,3.203,239.355,-1.36,0.649,11.14,11.136,9.086,0.009,0.788,0.040564,7.588225240784852,11.167,11.162,9.154
58.979,0.332,0.716,2.951,225.247,-1.541,0.987,11.132,11.126,9.237,0.013,0.722,0.022011,8.260615783516103,11.143,11.138,9.253
56.195,-0.28,0.401,2.883,109.215,-1.195,1.241,10.863,10.86,8.533,0.005,0.403,0.0194,15.02293964849876,10.868,10.865,8.544
82.238,-0.329,1.078,3.211,139.038,-0.782,-0.968,10.867,10.867,8.097,0.002,1.079,0.028809,15.605591663511625,10.961,10.96,8.352
70.374,0.617,0.5,6.394,78.271,-0.251,1.019,10.825,10.647,10.351,0.336,0.678,0.012392,9.98414482070529,10.975,10.738,10.598
73.855,0.525,0.716,5.538,85.934,-0.893,-1.059,10.73,10.679,9.771,0.11,0.767,0.032145,4.113374412817881,10.84,10.773,9.993
31.194,0.113,0.779,4.196,131.476,-1.377,-7.659,10.949,10.931,9.535,0.039,0.796,0.036043,7.742220165732283,10.956,10.938,9.553
76.276,-0.031,0.847,6.051,250.0,-0.339,0.96,11.369,11.321,10.371,0.101,0.894,0.015004,5.282768517216238,11.383,11.332,10.417
84.872,0.284,0.85,5.456,250.0,-0.219,-0.932,11.305,11.292,9.716,0.026,0.861,0.045499,8.464741084066391,11.34,11.324,9.846
38.842,-1.101,0.719,3.555,132.391,-1.596,-0.155,10.943,10.931,9.389,0.028,0.732,0.049703,5.036140074612949,10.947,10.934,9.397
29.33,-0.069,0.811,4.733,250.0,-1.526,-0.24,11.583,11.423,11.069,0.306,0.97,0.029383,3.4772977385716537,11.567,11.412,11.04
2.576,-0.541,1.172,5.561,250.0,-1.109,-0.286,12.18,11.871,11.886,0.509,1.481,0.015256,11.49209904334984,12.042,11.807,11.662
81.107,0.13,0.487,5.466,71.351,-1.1,-0.977,10.682,10.629,9.737,0.113,0.54,0.018449,5.24469452647952,10.772,10.703,9.937
65.922,-0.156,0.637,3.82,146.23,-1.479,-0.933,10.978,10.964,9.451,0.03,0.65,0.051838,3.6896583651155073,10.983,10.969,9.467
69.089,0.414,0.735,5.085,123.872,-0.536,-1.068,10.871,10.861,9.241,0.023,0.746,0.042529,4.483592732138548,10.923,10.91,9.41
36.644,0.526,0.842,3.681,148.462,-1.576,0.95,11.06,11.045,9.598,0.034,0.857,0.050466,4.476817257461324,10.992,10.978,9.481
31.689,0.57,0.819,5.535,250.0,-0.71,-0.731,11.483,11.43,10.536,0.113,0.871,0.048811,2.4573303935757793,11.423,11.381,10.387
22.203,0.013,0.684,4.256,250.0,-0.842,0.885,11.234,11.222,9.677,0.028,0.696,0.056616,4.196999154678409,11.226,11.213,9.653
71.516,0.379,0.705,2.479,250.0,-1.406,13.525,11.178,11.176,8.68,0.003,0.707,0.062513,5.000289382181634,11.192,11.19,8.711
22.625,-0.033,1.028,6.084,250.0,-0.018,-0.627,11.634,11.608,10.367,0.054,1.052,0.060008,3.802630178388316,11.602,11.581,10.246
4.483,-0.293,0.77,4.104,250.0,-0.467,4.415,11.357,11.355,8.921,0.004,0.771,0.072366,2.812086042847792,11.329,11.327,8.832
80.983,0.389,0.835,5.993,120.898,-0.13,1.175,10.855,10.832,9.567,0.051,0.858,0.044125,4.854178625938632,10.937,10.901,9.83
77.875,0.619,0.548,5.083,100.334,-1.538,1.013,11.059,10.65,10.844,0.61,0.957,0.02862,11.752973255240317,11.268,10.831,11.07
76.152,0.06,0.675,5.464,94.154,-0.851,0.506,10.855,10.788,10.011,0.143,0.742,0.027047,7.261305435201304,10.884,10.809,10.083
74.193,-0.144,0.958,4.994,250.0,-0.893,-0.861,11.705,11.66,10.687,0.096,1.002,0.024369,7.378749696158184,11.712,11.666,10.703
43.501,-0.014,0.68,5.349,144.006,-0.939,1.046,11.036,10.98,10.116,0.12,0.736,0.014574,8.560182287965876,11.028,10.973,10.096
45.846,-0.135,0.681,5.803,40.233,-0.816,-0.989,10.729,10.532,10.291,0.364,0.878,0.026525,11.341068233574733,10.657,10.474,10.193
24.42,0.506,0.674,5.025,240.402,-1.594,-31.878,11.537,11.161,11.297,0.577,1.048,0.065347,3.606698310594342,11.516,11.15,11.269
18.508,0.314,0.549,3.943,250.0,-0.822,-1.333,11.279,11.271,9.528,0.018,0.557,0.066989,3.90117746506316,11.239,11.233,9.4
55.842,0.024,0.75,6.079,153.437,-0.614,-1.551,11.253,10.99,10.908,0.453,1.012,0.009943,13.167509449275942,11.267,10.997,10.932
46.838,-0.104,0.77,4.116,250.0,-1.592,0.212,11.359,11.26,10.665,0.203,0.868,0.028727,6.686933937097175,11.376,11.272,10.701
76.021,0.099,0.976,4.281,250.0,-1.2,-0.921,11.586,11.564,10.251,0.046,0.996,0.075218,4.018807651753846,11.601,11.578,10.292
2.575,-0.513,1.27,5.806,250.0,-1.294,0.493,12.249,11.866,12.016,0.585,1.652,0.009756,6.868437161464366,12.107,11.802,11.808
60.251,-2.084,0.673,5.333,50.113,-0.958,-0.949,10.64,10.547,9.921,0.191,0.765,0.021698,10.57541659133327,10.66,10.565,9.956
84.94,-0.083,0.892,4.209,69.011,-0.888,-0.999,10.577,10.575,8.136,0.004,0.894,0.033698,6.623666224627589,10.692,10.69,8.438
2.761,-1.745,0.808,4.837,250.0,-1.48,1.388,11.763,11.497,11.424,0.458,1.074,0.048576,3.2506373781138103,11.667,11.431,11.288
37.44,0.357,0.786,5.128,159.326,-0.89,-0.997,11.071,11.031,10.012,0.087,0.825,0.047179,3.862355456863768,11.038,11.003,9.911
80.042,0.071,0.774,4.607,250.0,-1.591,11.041,11.529,11.3,11.14,0.409,1.002,0.024134,4.801139449562093,11.522,11.295,11.131
32.282,-1.92,0.816,6.664,250.0,-0.0,0.563,11.518,11.357,11.006,0.308,0.976,0.015439,10.887799484092358,11.535,11.364,11.046
36.724,0.425,0.704,4.511,250.0,-1.49,1.207,11.333,11.216,10.706,0.236,0.821,0.032154,6.726466961432002,11.305,11.194,10.654
31.683,-2.483,0.734,3.706,96.638,-0.947,-0.856,10.891,10.888,8.755,0.007,0.738,0.017128,10.176649327561066,10.822,10.819,8.637
19.714,-2.375,0.767,3.203,137.04,-0.86,-1.183,10.981,10.981,8.03,0.001,0.768,0.054047,4.281867405503806,10.948,10.948,7.919
2.582,-1.643,0.983,5.001,250.0,-1.425,-0.551,11.712,11.453,11.366,0.45,1.242,0.053358,3.2267671242508915,11.593,11.384,11.175
85.23,0.172,1.053,5.512,250.0,-0.0,-0.368,11.699,11.657,10.661,0.092,1.095,0.057554,10.19820589203689,11.736,11.686,10.767
34.362,0.063,0.801,3.598,250.0,-1.432,-0.499,11.263,11.249,9.733,0.03,0.814,0.056274,4.208247750521886,11.246,11.233,9.698
2.965,-2.999,0.949,5.741,250.0,-0.933,6.403,11.69,11.319,11.448,0.574,1.32,0.009084,3.861401440620619,11.627,11.299,11.35
18.284,0.281,0.581,3.818,168.806,-1.045,-1.802,11.109,11.09,9.743,0.043,0.6,0.036138,9.16498830473686,11.04,11.024,9.606
36.624,-0.085,0.411,5.522,42.674,-1.408,-0.789,10.678,10.519,10.164,0.306,0.57,0.041331,3.4934318827231063,10.617,10.473,10.068
4.467,-0.665,0.941,4.523,250.0,-0.782,2.969,11.422,11.41,9.818,0.025,0.952,0.037114,4.237261172378385,11.396,11.385,9.75
36.909,-0.706,0.375,5.232,140.569,-1.544,-1.06,11.796,11.026,11.715,0.83,1.145,0.038779,8.329973514391897,11.691,10.95,11.604
71.27,0.522,0.286,5.2,90.734,-1.557,-1.187,11.152,10.666,10.98,0.674,0.772,0.04243,6.533980472898809,11.243,10.73,11.084
19.672,0.314,1.079,5.297,250.0,-0.568,2.713,11.574,11.552,10.232,0.046,1.1,0.058796,4.539225698178869,11.562,11.541,10.183
18.476,0.565,0.649,6.496,94.58,-0.223,-1.08,11.092,10.882,10.676,0.383,0.859,0.021009,8.728928807772096,10.95,10.811,10.385
56.309,0.558,0.773,4.508,237.811,-1.336,-1.236,11.195,11.154,10.142,0.089,0.813,0.031285,5.412829806824354,11.203,11.16,10.158
2.675,-2.995,1.089,4.528,250.0,-1.6,-4.549,11.861,11.722,11.297,0.273,1.227,0.0163,5.991415838082303,11.78,11.661,11.158
13.583,-0.24,0.821,3.873,250.0,-0.913,-1.104,11.408,11.404,9.283,0.008,0.824,0.034654,2.966658727088003,11.376,11.373,9.195
67.135,0.123,0.882,3.625,250.0,-1.512,-0.944,11.254,11.236,9.826,0.037,0.899,0.032622,7.473109706342503,11.283,11.264,9.883
78.076,0.225,0.7,5.667,129.734,-0.036,-0.593,10.92,10.907,9.345,0.027,0.712,0.029939,7.353020041658901,10.945,10.931,9.443
77.726,-0.269,0.963,4.695,250.0,-0.308,-0.215,11.427,11.423,9.243,0.007,0.965,0.049882,4.560854413849406,11.437,11.433,9.278
18.293,0.095,0.527,4.166,87.515,-1.194,1.432,10.784,10.776,9.002,0.017,0.534,0.049874,3.3076707960531535,10.786,10.779,9.009
25.619,-0.035,0.763,4.674,250.0,-0.772,-0.633,11.519,11.488,10.341,0.066,0.793,0.05009,5.9224670893134475,11.522,11.491,10.352
75.137,0.161,0.921,3.878,250.0,-1.288,1.435,11.333,11.322,9.719,0.024,0.931,0.059705,4.005296956089986,11.337,11.325,9.728
60.228,0.165,0.727,3.422,250.0,-1.6,1.535,11.24,11.208,10.092,0.071,0.759,0.029607,13.184709166011135,11.259,11.226,10.124
55.169,-0.102,0.621,5.888,207.061,-0.178,1.057,11.209,11.107,10.528,0.208,0.723,0.015751,14.131432013757234,11.214,11.11,10.539
85.291,0.277,0.903,5.468,250.0,-0.66,1.084,11.508,11.47,10.428,0.083,0.941,0.034989,5.7924937329765385,11.562,11.516,10.559
31.652,0.433,0.568,6.629,37.04,-0.205,0.784,10.762,10.52,10.392,0.427,0.809,0.028023,4.469834331972687,10.609,10.423,10.151
2.632,-2.222,0.954,5.125,250.0,-1.494,-1.942,11.908,11.566,11.643,0.544,1.295,0.029626,2.6944959161339552,11.788,11.496,11.476
79.777,-0.045,1.032,4.277,70.754,-1.483,0.335,10.686,10.674,9.094,0.026,1.043,0.047622,3.36157748105938,10.711,10.699,9.139
26.825,0.233,0.728,4.212,215.678,-1.6,1.666,11.253,11.135,10.631,0.238,0.846,0.060978,4.937373388548854,11.22,11.11,10.57
2.567,-1.387,1.454,5.992,250.0,-0.932,1.025,12.016,11.706,11.725,0.511,1.765,0.047524,3.3649525434338043,11.856,11.623,11.473
71.998,-1.457,0.757,5.323,108.214,-0.413,1.004,10.825,10.79,9.718,0.078,0.792,0.036028,7.380499061913344,10.904,10.86,9.895
82.797,0.083,0.554,6.046,204.514,-0.139,-0.844,11.129,11.089,10.068,0.087,0.594,0.014683,8.424879479792917,11.15,11.105,10.138
72.116,0.259,0.793,4.956,250.0,-1.245,47.466,11.284,11.163,10.667,0.242,0.914,0.051987,3.9423476402294058,11.291,11.168,10.679
48.409,-0.201,0.934,3.252,250.0,-1.267,0.994,11.286,11.282,9.223,0.009,0.937,0.048721,4.630169886373604,11.256,11.253,9.14
83.976,0.107,1.073,5.021,250.0,-1.149,-0.909,11.443,11.358,10.681,0.174,1.155,0.031783,7.1552979472680205,11.47,11.378,10.744
2.808,0.0,0.757,4.894,250.0,-1.591,1.867,12.072,11.633,11.875,0.636,1.196,0.052376,4.758661869212561,11.98,11.578,11.76
41.864,-0.231,0.502,3.152,140.487,-1.058,0.847,10.997,10.996,8.307,0.002,0.503,0.04062,3.628369627343421,10.955,10.954,8.201
71.422,0.103,0.931,6.308,250.0,-0.081,0.301,11.497,11.428,10.651,0.143,0.998,0.021137,9.275641829077529,11.515,11.441,10.701
56.317,-0.466,0.651,2.645,90.382,-1.523,-0.983,10.793,10.792,7.979,0.002,0.652,0.028568,6.2814124336900345,10.794,10.793,7.98
84.167,0.076,0.725,5.303,107.668,-1.464,0.252,11.094,10.848,10.729,0.432,0.97,0.0147,8.523121223716645,11.114,10.861,10.759
31.674,-1.435,0.914,3.659,250.0,-0.747,-0.898,11.524,11.518,9.64,0.013,0.92,0.034439,12.082192423446685,11.445,11.44,9.441
2.566,-2.706,1.164,3.2,250.0,-1.596,-2.44,11.283,11.27,9.752,0.029,1.177,0.033614,6.076003727189319,11.202,11.192,9.577
3.543,-0.091,0.819,3.972,250.0,-1.034,3.097,11.234,11.224,9.564,0.021,0.829,0.051112,3.7291216436119745,11.209,11.2,9.487
77.064,0.337,0.667,5.402,125.304,-0.523,-1.159,10.906,10.885,9.581,0.047,0.688,0.025332,7.986459032631791,10.945,10.919,9.713
31.6,0.16,0.662,3.847,233.096,-1.381,1.639,11.193,11.166,9.959,0.058,0.688,0.049717,4.706534828669733,11.164,11.139,9.899
85.872,-2.996,0.96,1.862,250.0,-1.6,0.824,11.176,11.175,8.327,0.001,0.961,0.038595,4.727030080353895,11.271,11.27,8.466
57.492,0.127,0.878,4.808,199.36,-1.302,-0.612,11.189,11.093,10.48,0.196,0.973,0.026169,10.227397501693584,11.195,11.097,10.493
63.085,0.626,0.73,4.509,109.243,-1.594,1.015,10.914,10.814,10.227,0.205,0.83,0.038703,5.395196500046395,10.963,10.862,10.281
53.066,0.265,0.653,4.074,157.815,-0.705,1.204,11.002,10.999,8.672,0.005,0.655,0.049785,3.301193110173491,10.998,10.996,8.661
31.77,0.221,0.426,4.078,124.377,-1.592,-1.087,11.023,10.992,9.86,0.069,0.457,0.026216,4.983414597534905,10.942,10.913,9.75
84.745,0.109,0.608,5.604,172.645,-0.0,0.979,11.02,11.008,9.438,0.026,0.619,0.046637,2.393373296695997,11.028,11.015,9.463
2.731,-0.272,0.887,5.765,250.0,-0.292,-1.798,11.431,11.34,10.704,0.188,0.977,0.052322,4.033405221615787,11.333,11.272,10.45
77.941,-0.159,0.783,5.558,250.0,-0.045,-0.992,11.069,11.05,9.69,0.042,0.801,0.027493,8.4969016095607,11.258,11.224,10.138
82.586,0.211,0.794,5.095,56.369,-0.04,-1.101,10.518,10.517,8.048,0.003,0.795,0.050033,4.165411644333714,10.614,10.612,8.391
77.203,0.158,0.694,4.468,250.0,-1.096,1.083,11.325,11.29,10.198,0.075,0.728,0.062621,3.9571930353801466,11.346,11.309,10.249
59.892,-0.05,0.635,5.432,53.627,-1.568,-0.952,10.763,10.588,10.282,0.331,0.81,0.013781,6.608497805087662,10.768,10.591,10.291
50.569,-1.555,0.321,2.73,64.526,-1.6,1.054,10.673,10.672,8.045,0.002,0.322,0.022999,6.446599097197879,10.665,10.664,8.033
68.956,0.53,0.81,4.679,80.886,-1.23,0.853,10.716,10.687,9.523,0.064,0.839,0.028722,10.204579805088551,10.786,10.751,9.664
45.911,-0.001,0.689,5.55,87.861,-0.108,1.896,10.799,10.774,9.547,0.056,0.714,0.053503,5.733717426499234,10.807,10.781,9.58
2.97,-1.888,1.014,4.74,250.0,-0.544,0.967,11.649,11.635,10.154,0.032,1.028,0.000224,4.360902961780841,11.603,11.592,9.987
86.119,-0.479,0.54,5.428,59.078,-0.606,-0.926,10.568,10.559,8.859,0.02,0.548,0.02817,4.937735439430941,10.643,10.629,9.11
73.807,0.415,0.799,4.302,144.59,-0.637,1.027,10.918,10.915,8.594,0.005,0.801,0.026698,7.770997296060685,10.977,10.973,8.817
13.499,0.569,0.471,3.347,134.937,-0.728,-6.917,11.0,10.999,8.333,0.002,0.472,0.02847,6.4867010420721645,10.944,10.943,8.197
36.861,-0.544,0.634,4.624,134.12,-0.805,0.853,11.001,10.988,9.463,0.029,0.647,0.046487,3.764741381363245,10.947,10.937,9.294
75.437,0.476,0.918,5.768,74.237,-0.448,-0.988,10.633,10.594,9.563,0.085,0.957,0.030163,9.269636589320672,10.776,10.718,9.871
35.909,-0.01,0.983,5.097,250.0,-0.982,-1.735,11.771,11.694,10.973,0.16,1.058,0.042076,5.455237585112453,11.767,11.691,10.966
71.845,0.451,0.987,4.049,250.0,-1.481,-1.064,11.353,11.308,10.341,0.097,1.031,0.055081,6.055331771185629,11.434,11.385,10.46
54.46,0.039,0.795,4.772,200.514,-0.83,0.59,11.107,11.087,9.744,0.043,0.814,0.045239,4.340224580308719,11.107,11.088,9.745
46.029,-0.632,0.806,4.086,193.135,-1.555,-0.962,11.143,11.103,10.074,0.085,0.845,0.027576,3.824404111592595,11.111,11.074,10.008
60.255,0.125,0.434,5.432,97.504,-1.375,1.041,11.198,10.801,10.975,0.599,0.83,0.031382,5.412510553285905,11.22,10.818,11.0
66.505,0.296,0.634,4.248,213.288,-1.54,-1.021,11.148,11.059,10.411,0.183,0.721,0.020014,6.551260142658575,11.206,11.114,10.488
3.112,-0.101,0.768,4.872,250.0,-1.593,-1.698,11.945,11.57,11.706,0.577,1.142,0.018465,7.244868447071073,11.879,11.53,11.619
27.748,0.421,0.656,4.474,240.047,-1.599,0.978,11.38,11.195,10.919,0.346,0.84,0.049852,3.75087028826008,11.313,11.146,10.816
67.672,0.247,0.68,5.971,194.432,-0.092,-1.144,11.108,11.055,10.161,0.113,0.732,0.02354,7.933904192339495,11.144,11.082,10.266
80.904,0.61,0.607,4.885,133.032,-1.593,1.028,11.089,10.673,10.879,0.617,1.023,0.026479,13.659589727387267,11.381,10.938,11.187
48.993,0.488,0.977,5.912,250.0,-0.139,-1.349,11.299,11.276,10.01,0.051,1.0,0.060317,4.537115118598155,11.294,11.271,9.987
71.339,-0.701,0.523,4.569,105.048,-1.126,1.019,10.861,10.828,9.718,0.072,0.556,0.016897,10.461959897321856,10.886,10.851,9.766
31.979,-0.978,0.653,2.879,114.59,-1.487,-0.975,10.936,10.934,8.555,0.004,0.655,0.024009,7.805160334440863,10.885,10.884,8.46
26.443,-0.413,0.366,5.276,84.385,-1.6,-0.95,11.039,10.808,10.654,0.413,0.597,0.011884,11.816831116961612,10.977,10.768,10.558
55.597,0.421,0.676,6.381,113.748,-0.106,-1.225,10.925,10.877,9.928,0.101,0.722,0.016208,6.618311588762221,10.93,10.881,9.945
84.26,0.32,0.773,5.416,159.493,-0.732,1.15,10.941,10.918,9.655,0.052,0.796,0.031391,3.5102824402496315,11.038,11.003,9.919
66.484,0.39,0.766,4.113,250.0,-1.516,0.968,11.358,11.3,10.453,0.124,0.824,0.040433,6.338886219878096,11.407,11.341,10.552
79.413,0.05,0.906,4.112,250.0,-1.431,0.174,11.709,11.67,10.621,0.082,0.943,0.044389,7.717362861669948,11.721,11.681,10.645
80.407,0.404,0.768,5.778,116.237,-0.607,-1.26,10.876,10.828,9.89,0.103,0.816,0.030832,4.129420436318935,10.954,10.885,10.116
84.299,0.085,0.878,3.949,250.0,-1.239,-0.504,11.283,11.26,9.979,0.05,0.9,0.049657,8.01897481430139,11.293,11.269,10.007
3.067,-1.181,0.894,4.351,250.0,-1.325,1.111,11.794,11.727,10.946,0.142,0.96,0.046235,6.963437126607192,11.752,11.694,10.845
41.443,0.566,0.637,4.817,53.677,-0.522,0.935,10.65,10.645,8.764,0.013,0.643,0.05203,3.9140277139503072,10.597,10.593,8.611
46.827,-0.106,0.684,4.396,175.213,-1.22,0.732,11.088,11.058,9.908,0.066,0.714,0.048331,3.8873150194668424,11.063,11.036,9.852
78.788,-0.268,0.836,4.425,248.809,-1.06,0.413,11.177,11.157,9.799,0.042,0.855,0.049204,4.27108439867926,11.188,11.168,9.825
2.616,0.646,0.138,5.818,55.694,-0.01,-11.75,11.062,10.744,10.779,0.52,0.456,0.02615,7.95065782103888,10.852,10.607,10.487
76.244,0.479,0.693,5.187,98.333,-1.413,1.004,10.836,10.696,10.273,0.274,0.832,0.037525,3.408982448198127,10.978,10.821,10.46
63.906,0.376,0.723,4.673,61.638,-1.351,1.069,10.562,10.52,9.527,0.092,0.765,0.026066,9.148588697853247,10.69,10.646,9.671
67.14,0.192,0.934,3.012,250.0,-0.643,-0.874,11.792,11.79,8.97,0.002,0.935,0.048265,12.066487499040242,11.816,11.815,9.074
66.275,0.147,0.891,3.946,250.0,-1.517,0.623,11.334,11.301,10.182,0.071,0.923,0.040769,6.656014787505321,11.35,11.315,10.218
56.191,0.561,0.594,4.175,155.202,-1.549,-1.097,11.046,10.99,10.133,0.122,0.651,0.029492,4.724624440154963,11.048,10.991,10.135
81.547,0.262,0.88,5.506,66.67,-0.44,-1.072,10.656,10.651,8.608,0.009,0.884,0.054501,2.659336092651163,10.682,10.676,8.718
45.429,0.446,0.284,4.708,122.592,-1.6,1.827,11.07,10.907,10.566,0.313,0.448,0.046708,4.761469572679212,11.067,10.904,10.56
65.939,-0.341,0.948,3.937,250.0,-1.523,0.202,11.439,11.396,10.403,0.092,0.99,0.03917,6.910340449733136,11.454,11.41,10.433
83.591,0.408,0.666,6.148,119.455,-0.081,-1.17,10.852,10.828,9.569,0.052,0.689,0.027356,8.255489453974548,10.94,10.901,9.875
58.679,0.48,0.702,3.255,112.15,-1.027,-1.469,10.869,10.868,8.109,0.002,0.703,0.047026,4.37058148044737,10.873,10.872,8.12
32.64,0.219,0.681,3.763,107.691,-1.143,-1.091,10.89,10.887,8.657,0.006,0.684,0.023838,7.0736481407947025,10.864,10.861,8.57
45.238,0.551,0.291,5.49,71.661,-1.549,1.09,11.258,10.71,11.113,0.717,0.838,0.038486,5.8268104526846685,11.199,10.662,11.049
85.813,0.094,1.361,3.974,159.388,-0.957,0.926,10.876,10.869,9.049,0.015,1.367,0.082578,9.266285004526171,11.017,11.008,9.354
57.334,-0.088,1.054,4.22,250.0,-1.391,-1.125,11.587,11.539,10.6,0.103,1.101,0.063019,5.685777815208738,11.591,11.543,10.606
71.939,-1.484,0.945,3.141,250.0,-1.276,0.975,11.231,11.227,9.181,0.009,0.949,0.043707,6.4711904415424675,11.341,11.337,9.356
19.107,-2.921,0.976,4.016,250.0,-0.481,-0.47,11.327,11.325,8.77,0.003,0.977,0.048185,4.543850481743846,11.298,11.296,8.651
2.575,-2.884,0.83,5.93,250.0,-1.345,-2.596,13.107,11.935,13.076,0.933,2.002,0.01635,8.22662936122344,12.927,11.861,12.888
64.601,0.033,0.953,4.66,250.0,-0.538,-0.279,11.818,11.804,10.278,0.029,0.966,0.060361,7.983155682760725,11.832,11.817,10.327
77.888,0.081,0.908,4.648,79.763,-1.374,-0.999,10.667,10.618,9.694,0.106,0.957,0.056441,6.0441968699347655,10.794,10.735,9.896
76.066,0.095,0.71,3.156,250.0,-0.615,-0.343,11.346,11.344,8.29,0.001,0.71,0.062531,5.402456021861655,11.356,11.355,8.333
44.323,0.278,0.801,5.895,179.23,-0.375,0.877,11.095,11.063,9.936,0.069,0.832,0.036509,3.6552573290018855,11.077,11.048,9.869
52.913,0.563,0.758,4.253,250.0,-1.001,-0.974,11.284,11.266,9.884,0.04,0.775,0.038261,4.424590963583278,11.263,11.246,9.846
2.569,-1.652,1.499,6.771,250.0,-0.359,-0.291,12.662,12.141,12.506,0.698,2.019,0.044302,4.627576762249941,12.437,12.058,12.203
79.865,0.176,0.669,5.922,55.566,-0.41,-0.935,10.602,10.588,9.068,0.029,0.682,0.016879,4.697663445909803,10.621,10.605,9.136
71.961,-0.616,0.719,4.805,82.426,-1.383,-0.932,10.743,10.665,9.954,0.163,0.796,0.029873,5.985393665594781,10.843,10.757,10.101
61.447,-0.351,0.5,5.812,49.914,-0.679,-0.996,10.82,10.538,10.499,0.478,0.782,0.019463,13.78110615330734,10.854,10.563,10.542
49.06,0.535,0.918,4.961,250.0,-1.343,1.003,11.627,11.456,11.137,0.324,1.088,0.078861,3.9380208702208144,11.631,11.458,11.145
46.051,-1.374,0.458,4.244,205.293,-1.596,-1.466,11.301,11.103,10.862,0.365,0.655,0.028882,12.652614055690451,11.298,11.101,10.858
45.269,-2.992,0.525,5.0,57.461,-1.374,-1.076,10.803,10.659,10.254,0.282,0.669,0.010877,15.385494523239874,10.757,10.618,10.193
52.291,-0.181,0.744,3.335,219.648,-1.296,0.848,11.11,11.104,9.233,0.013,0.75,0.051822,5.2592050227553475,11.125,11.119,9.27
62.442,-1.378,1.008,3.764,250.0,-1.006,-0.983,11.58,11.573,9.756,0.015,1.014,0.015437,18.694932940549492,11.635,11.628,9.851
41.242,0.36,0.547,4.833,63.936,-0.739,-0.976,10.712,10.68,9.566,0.071,0.579,0.038109,7.026710261196141,10.692,10.66,9.534
22.861,0.326,0.874,5.919,250.0,-0.021,-0.859,11.563,11.523,10.497,0.086,0.913,0.080632,4.279311144325688,11.545,11.51,10.427
25.832,0.59,0.673,6.734,47.569,-0.169,0.932,10.703,10.608,9.996,0.196,0.768,0.030962,4.067506343051323,10.604,10.544,9.713
34.161,0.095,0.515,5.979,65.651,-0.36,1.133,10.751,10.713,9.667,0.083,0.552,0.029368,2.8480866574270616,10.7,10.67,9.521
41.311,-2.998,0.366,4.621,83.415,-1.6,1.318,10.938,10.778,10.429,0.309,0.527,0.016292,12.14642408918607,10.922,10.762,10.409
71.685,0.11,0.882,4.719,250.0,-0.189,-0.671,11.409,11.405,9.102,0.005,0.884,0.111059,3.08201836198135,11.421,11.418,9.148
2.568,-0.397,1.235,6.299,250.0,-0.1,1.317,12.274,11.998,11.947,0.47,1.512,0.024209,3.986490842368661,12.082,11.896,11.623
45.284,-0.069,0.08,6.12,41.355,-1.597,0.981,11.484,10.534,11.432,0.888,1.03,0.009325,20.54153477914305,11.427,10.485,11.374
31.748,0.62,0.883,4.919,250.0,-0.891,-1.034,11.413,11.383,10.246,0.068,0.914,0.052298,3.175591289445108,11.337,11.313,10.055
35.878,-0.34,0.785,5.225,245.102,-0.913,-0.37,11.251,11.184,10.402,0.142,0.852,0.018141,7.696533644486168,11.238,11.174,10.37
19.487,-0.143,0.6,4.63,173.265,-1.487,1.235,11.191,11.103,10.454,0.183,0.688,0.050499,2.7682731767041906,11.107,11.029,10.323
54.344,0.133,0.779,4.716,250.0,-1.6,0.704,11.814,11.572,11.442,0.426,1.02,0.027473,6.651727859570016,11.823,11.578,11.456
18.365,0.551,0.458,4.402,176.109,-1.6,3.85,11.362,11.093,11.026,0.462,0.727,0.025499,11.723602837773443,11.299,11.041,10.949
42.463,0.498,0.749,6.069,74.37,-0.003,-1.013,10.766,10.753,9.243,0.03,0.762,0.030734,6.1922807501394885,10.729,10.719,9.094
84.025,0.254,0.934,2.631,250.0,-1.061,0.128,11.705,11.703,8.462,0.001,0.935,0.067825,7.904109716223366,11.741,11.739,8.561
65.868,0.067,0.781,3.945,200.238,-0.014,1.012,11.031,11.031,8.037,0.001,0.781,0.017611,13.708592754489215,11.1,11.099,8.211
84.597,0.161,0.8,4.267,250.0,-1.412,0.133,11.593,11.517,10.791,0.158,0.875,0.039264,11.03400882427176,11.639,11.558,10.866
31.776,0.291,0.44,6.59,51.906,-0.451,1.181,10.686,10.607,9.876,0.157,0.514,0.0419,2.2560062537156433,10.641,10.58,9.719
72.29,0.164,0.797,5.205,151.958,-0.895,-0.994,10.967,10.913,10.034,0.117,0.851,0.018804,9.588191554512452,11.068,10.992,10.268
39.215,-0.724,0.794,4.445,250.0,-1.6,0.367,11.51,11.351,10.996,0.306,0.953,0.024819,6.901367146185731,11.507,11.348,10.99
85.847,-0.107,1.031,5.347,250.0,-0.0,-0.087,11.793,11.77,10.5,0.051,1.054,0.045811,8.974036008420171,11.829,11.801,10.62
76.844,0.304,0.85,3.059,250.0,-1.441,1.423,11.341,11.336,9.295,0.009,0.854,0.059344,4.662631926507835,11.367,11.362,9.351
76.342,0.134,0.881,4.507,250.0,-0.977,-1.2,11.606,11.574,10.452,0.07,0.913,0.029517,7.971817681629619,11.623,11.588,10.5
60.83,-0.039,0.815,4.753,159.874,-1.188,0.863,11.067,11.003,10.201,0.136,0.879,0.024428,9.26934419445859,11.077,11.011,10.222
2.867,-0.005,0.669,4.802,250.0,-1.594,-1.025,11.766,11.344,11.559,0.621,1.09,0.020878,6.7567504582202265,11.683,11.295,11.453
69.922,0.05,0.879,3.318,250.0,-1.426,0.582,11.393,11.385,9.621,0.017,0.887,0.082841,4.805700918494164,11.402,11.394,9.643
69.059,0.568,0.781,4.505,221.484,-1.425,1.019,11.212,11.079,10.63,0.262,0.913,0.018767,13.42323509608515,11.292,11.135,10.771
85.893,0.414,1.093,6.356,201.952,-0.089,-1.175,11.007,10.997,9.254,0.018,1.1,0.044437,5.341492428776199,11.118,11.101,9.663
46.007,0.366,0.74,6.094,98.622,-0.597,-0.92,10.901,10.845,9.976,0.119,0.795,0.031723,4.884476913292557,10.877,10.827,9.911
29.923,0.071,0.354,5.279,159.923,-1.595,-0.19,11.916,11.043,11.853,0.866,1.226,0.038511,9.609854412292323,11.85,11.001,11.783
80.043,-0.569,0.616,6.288,72.083,-0.0,-0.49,10.671,10.644,9.458,0.061,0.643,0.004508,3.793419697755526,10.67,10.643,9.454
81.803,0.129,0.796,4.938,250.0,-1.051,-0.278,11.395,11.322,10.578,0.153,0.868,0.018164,10.898412473272764,11.415,11.337,10.624
8.214,-0.223,0.775,4.377,250.0,-1.526,-0.749,11.642,11.53,10.992,0.225,0.886,0.027438,7.838442346484218,11.638,11.528,10.987
2.572,-2.999,1.2,5.747,250.0,-1.388,-0.45,12.734,12.123,12.612,0.755,1.811,0.020115,4.219691091131876,12.577,12.053,12.422
49.108,0.553,0.612,5.748,66.314,-0.679,1.098,10.786,10.703,10.027,0.174,0.695,0.038164,4.424696479758142,10.751,10.674,9.96
72.362,0.296,0.958,3.373,111.086,-1.56,-1.117,10.775,10.768,9.027,0.018,0.966,0.042167,7.493738490649225,10.879,10.87,9.169
73.014,-0.081,0.698,3.453,218.505,-1.6,-1.239,11.112,11.096,9.661,0.035,0.714,0.023476,5.51859301724233,11.139,11.122,9.694
84.972,0.172,0.976,3.449,250.0,-1.494,-0.197,11.465,11.454,9.834,0.023,0.987,0.075252,5.270011321985198,11.488,11.476,9.88
62.841,0.594,0.575,5.722,176.223,-0.084,1.088,11.036,11.003,9.894,0.072,0.608,0.021844,8.086802146819718,11.083,11.045,10.008
52.699,0.313,0.705,4.882,229.824,-1.036,0.976,11.282,11.168,10.646,0.231,0.819,0.020514,9.557676544300309,11.255,11.145,10.602
72.538,0.483,0.864,4.692,58.505,-1.469,1.077,10.613,10.561,9.663,0.112,0.916,0.018702,9.306580624715538,10.682,10.626,9.77
49.24,0.498,0.796,2.937,250.0,-1.118,-1.038,11.229,11.228,8.793,0.004,0.798,0.038979,5.2939738917250425,11.19,11.188,8.723
82.668,0.135,0.658,5.651,128.142,-1.158,-12.171,11.229,10.924,10.931,0.504,0.962,0.017803,10.982236256964672,11.236,10.928,10.941
84.334,0.015,0.698,5.091,64.404,-1.427,0.663,10.706,10.642,9.839,0.136,0.761,0.035992,3.3956164867556815,10.729,10.663,9.878
86.222,0.303,0.913,4.986,250.0,-0.719,0.127,11.483,11.418,10.625,0.139,0.978,0.041545,15.368287366558224,11.551,11.471,10.776
81.083,-0.509,1.064,3.071,161.186,-1.581,-0.871,10.928,10.923,8.936,0.01,1.068,0.052206,6.872537194290029,11.016,11.011,9.114
31.622,0.198,0.988,2.722,250.0,-1.171,0.971,11.619,11.618,8.953,0.002,0.989,0.047991,6.78516811226774,11.536,11.535,8.816
84.881,0.101,0.876,4.942,250.0,-1.048,-0.336,11.258,11.185,10.441,0.153,0.948,0.021098,9.264547947056275,11.282,11.202,10.5
56.326,0.448,0.775,4.352,237.958,-1.5,-1.153,11.21,11.157,10.265,0.114,0.827,0.03695,5.340158640080502,11.214,11.16,10.272
40.831,0.172,0.546,4.947,181.24,-1.291,-0.994,11.201,11.058,10.646,0.279,0.688,0.024124,5.168606586363716,11.19,11.051,10.627
75.863,-0.483,0.556,5.25,58.028,-1.511,-0.966,10.672,10.544,10.081,0.256,0.685,0.019072,6.10292578774481,10.779,10.623,10.258
41.562,0.326,0.361,5.218,87.392,-1.543,-1.179,11.188,10.818,10.947,0.574,0.731,0.021119,9.317029784541852,11.124,10.78,10.862
50.616,-0.968,0.767,4.395,137.485,-0.49,-0.277,10.933,10.931,8.501,0.004,0.769,0.107321,1.6976098664641364,10.936,10.934,8.511
83.212,0.23,0.885,5.382,250.0,-0.224,-0.339,11.396,11.379,9.958,0.037,0.901,0.055633,5.5956311862485055,11.432,11.411,10.083
36.691,0.517,0.324,5.646,112.319,-1.324,1.08,11.465,10.932,11.314,0.707,0.857,0.010883,10.388342345998309,11.373,10.876,11.206
66.886,0.294,0.802,6.251,249.335,-0.031,8.172,11.227,11.174,10.274,0.111,0.853,0.012167,12.34404917904144,11.241,11.184,10.32
82.194,0.207,0.96,5.882,121.953,-0.64,0.744,10.903,10.874,9.673,0.059,0.986,0.008125,4.637507379092952,10.942,10.908,9.803
53.077,-0.253,0.856,3.319,250.0,-0.417,1.006,11.247,11.246,8.146,0.001,0.857,0.029204,5.494915628703478,11.228,11.228,8.089
81.962,0.126,1.153,2.638,154.624,-1.443,1.075,10.853,10.852,8.229,0.002,1.154,0.052525,6.589654557940697,10.996,10.995,8.442
2.805,0.001,0.713,4.884,250.0,-1.599,1.4,12.204,11.8,11.985,0.605,1.116,0.0138,14.53616048686073,12.116,11.746,11.874
43.293,0.083,0.613,6.033,116.028,-0.47,1.008,10.964,10.907,10.054,0.123,0.67,0.028858,3.42046753372962,10.936,10.885,9.98
31.784,0.53,0.544,6.339,104.478,-0.002,-1.025,11.045,10.937,10.39,0.221,0.653,0.019613,7.816087788200919,10.924,10.848,10.124
45.676,-0.216,0.389,3.336,86.673,-1.311,1.035,10.79,10.788,8.438,0.004,0.391,0.025461,7.630750061412222,10.78,10.777,8.41
2.589,-2.994,1.313,2.361,250.0,-1.597,-1.728,11.914,11.914,9.081,0.001,1.314,0.039,4.142575955997477,11.862,11.861,8.915
84.283,0.162,1.086,5.171,250.0,-0.338,-0.13,11.771,11.759,10.113,0.022,1.096,0.054219,5.552957124936392,11.79,11.777,10.181
37.477,0.56,-0.162,5.708,78.802,-1.338,-1.211,11.395,10.618,11.316,0.833,0.615,0.041624,3.913509139529976,11.292,10.534,11.208
52.887,0.491,0.532,5.3,70.386,-1.262,-1.044,10.901,10.72,10.435,0.341,0.714,0.022895,11.116600787541024,10.875,10.697,10.402
18.222,0.006,0.11,6.084,61.281,-0.14,-4.191,10.86,10.531,10.584,0.53,0.438,0.025884,8.184359055761124,10.735,10.454,10.414
84.679,0.168,0.697,5.354,250.0,-0.694,1.01,11.249,11.215,10.102,0.072,0.729,0.040041,4.303762560463281,11.268,11.231,10.16
80.043,0.03,0.312,5.411,150.424,-1.6,2.045,12.041,10.959,12.003,0.917,1.394,0.032623,13.832243153034888,12.083,10.979,12.046
2.605,-2.999,0.468,5.609,235.605,-1.401,-5.273,12.38,11.19,12.351,0.935,1.658,0.008043,6.716387460708694,12.221,11.144,12.183
80.043,0.361,-0.24,6.304,113.185,-0.855,,11.953,10.511,11.936,0.964,1.201,0.008663,6.585178479473934,11.959,10.513,11.942
58.118,-0.835,0.772,4.209,250.0,-1.172,-0.888,11.217,11.188,10.014,0.063,0.8,0.047544,4.059297244825486,11.223,11.194,10.03
10.821,0.547,0.406,4.509,64.695,-0.995,4.347,10.689,10.667,9.381,0.049,0.428,0.038457,4.681878463434292,10.626,10.608,9.234
15.815,0.352,0.462,6.858,91.828,-0.223,-2.895,11.468,10.869,11.342,0.748,1.06,0.029071,7.0320644364722025,11.267,10.798,11.087
85.847,0.241,1.074,5.112,250.0,-0.989,-0.636,12.024,11.934,11.294,0.186,1.163,0.040544,10.009035246940542,12.066,11.965,11.38
61.4,-0.506,0.619,4.316,49.641,-1.333,-0.947,10.552,10.545,8.739,0.015,0.625,0.031388,5.18582769207025,10.568,10.561,8.776
2.935,-2.936,1.064,3.712,250.0,-1.383,-1.294,11.649,11.636,10.09,0.028,1.076,0.052974,3.4394398380368973,11.598,11.587,9.98
4.976,-0.886,0.939,4.682,250.0,-0.948,-1.492,11.63,11.6,10.44,0.065,0.968,0.024566,7.91245792747751,11.621,11.592,10.416
3.192,-0.096,0.811,4.561,193.625,-1.507,2.122,11.297,11.122,10.818,0.332,0.986,0.026946,8.560053870021521,11.243,11.083,10.732
81.015,0.486,0.751,6.181,90.521,-0.008,1.156,10.698,10.631,9.854,0.143,0.818,0.045084,6.741748424989845,10.907,10.792,10.272
2.684,-0.554,1.017,5.302,250.0,-1.141,-0.813,11.589,11.34,11.228,0.436,1.266,0.02223,7.112064688474431,11.478,11.279,11.041
2.715,-0.098,0.931,5.862,250.0,-0.563,1.712,11.683,11.516,11.185,0.318,1.097,0.017733,9.340582938677706,11.575,11.455,10.956
66.732,-0.626,0.859,3.927,250.0,-0.736,1.001,11.214,11.208,9.329,0.013,0.865,0.044235,7.239058082750188,11.249,11.242,9.436
31.769,0.407,0.583,6.193,47.751,-0.418,-0.991,10.703,10.639,9.843,0.138,0.648,0.036155,3.183392177215466,10.595,10.547,9.615
59.595,0.295,0.77,3.846,250.0,-1.437,1.051,11.219,11.159,10.328,0.128,0.83,0.028559,8.782282471858755,11.237,11.176,10.356
59.826,-0.189,0.78,5.718,77.883,-0.042,-0.804,10.756,10.736,9.399,0.044,0.8,0.052147,5.237688750079396,10.755,10.735,9.396
73.379,0.316,0.905,4.096,136.117,-1.527,-0.502,10.941,10.91,9.77,0.068,0.936,0.038802,9.39656082066696,10.988,10.95,9.905
18.573,0.421,0.548,5.603,161.155,-0.831,0.982,11.35,11.106,10.982,0.429,0.791,0.040272,4.511306568648419,11.195,11.002,10.75
54.331,-0.288,0.733,4.896,250.0,-0.103,0.98,11.369,11.363,9.489,0.013,0.739,0.041886,6.416269814090664,11.369,11.363,9.489
83.213,0.382,0.878,2.8,148.503,-1.399,1.169,10.906,10.905,8.339,0.003,0.88,0.052185,5.499088195241892,10.979,10.977,8.509
60.361,0.278,0.412,5.731,52.242,-0.248,-1.276,10.578,10.55,9.371,0.062,0.44,0.044868,3.832029571020224,10.588,10.559,9.398
2.572,-1.06,1.027,5.198,250.0,-1.576,-0.564,11.971,11.355,11.85,0.758,1.643,0.013848,7.820140193404588,11.823,11.286,11.674
82.751,0.603,0.949,3.418,250.0,-0.711,-1.07,11.143,11.142,8.159,0.001,0.95,0.042094,3.685073421072709,11.26,11.259,8.428
2.671,-3.0,1.057,2.97,250.0,-1.6,1.537,11.707,11.701,9.829,0.013,1.063,0.041252,6.605052273860046,11.639,11.634,9.691
85.509,0.489,0.929,5.38,94.559,-0.475,1.253,10.711,10.688,9.409,0.05,0.951,0.041356,8.556483476819942,10.846,10.81,9.735
86.222,0.115,0.918,5.514,250.0,-1.095,-0.173,12.105,11.846,11.755,0.448,1.176,0.018908,8.444197485308766,12.137,11.865,11.802
59.556,0.26,0.603,5.221,69.381,-1.561,1.047,10.886,10.651,10.508,0.418,0.838,0.032933,4.95277929010813,10.91,10.673,10.534
45.219,0.376,0.652,4.68,250.0,-1.495,-1.416,11.504,11.221,11.184,0.479,0.936,0.026017,10.566085546360002,11.45,11.181,11.115
36.839,0.484,0.815,6.101,250.0,-0.201,-1.314,11.486,11.4,10.739,0.179,0.9,0.045238,3.858791364127982,11.412,11.343,10.577
60.823,-0.451,0.601,4.451,111.745,-1.264,0.98,10.883,10.862,9.555,0.047,0.621,0.019276,7.163675979220936,10.896,10.875,9.579
85.23,0.155,0.702,4.588,250.0,-1.6,-0.348,11.644,11.324,11.361,0.521,1.022,0.027936,8.85895843862913,11.682,11.348,11.412
25.732,-1.666,1.076,4.152,250.0,-1.574,0.802,11.507,11.447,10.615,0.128,1.135,0.04005,5.3357478518337995,11.432,11.383,10.46
2.693,-1.193,1.102,4.279,250.0,-1.42,1.013,11.802,11.736,10.948,0.14,1.168,0.04661,6.512947582664918,11.728,11.673,10.795
79.929,0.479,0.652,4.989,250.0,-1.19,38.954,11.485,11.314,10.993,0.323,0.822,0.013281,15.570818551533838,11.508,11.328,11.035
74.261,0.391,0.802,4.503,104.777,-1.494,0.988,10.792,10.714,10.007,0.164,0.88,0.044331,6.998386467482189,10.938,10.847,10.213
79.281,0.152,0.803,3.973,241.079,-1.309,0.495,11.161,11.139,9.845,0.048,0.824,0.06028,4.945208577093409,11.178,11.155,9.885
82.799,0.059,0.87,4.498,250.0,-1.6,-0.393,11.814,11.592,11.415,0.4,1.092,0.034418,12.47972763498954,11.834,11.608,11.442
22.571,-1.887,0.284,5.044,123.712,-1.6,-1.008,11.253,10.921,10.981,0.534,0.616,0.032415,4.180761547618233,11.224,10.905,10.941
84.345,0.266,1.021,5.657,250.0,-0.225,0.783,11.643,11.625,10.184,0.035,1.036,0.074613,6.079795745415058,11.684,11.662,10.342
83.932,0.562,0.851,6.123,125.409,-0.143,1.165,10.838,10.789,9.865,0.106,0.9,0.029107,9.941175830966616,11.028,10.918,10.377
65.808,0.177,1.007,5.599,250.0,-0.001,-1.189,11.385,11.361,10.089,0.051,1.029,0.033866,12.601780338429313,11.399,11.372,10.155
18.57,0.056,0.637,3.943,125.727,-1.238,13.516,10.944,10.921,9.647,0.051,0.659,0.034183,10.740747332702062,10.94,10.918,9.638
31.664,0.604,0.933,4.316,250.0,-1.47,-0.847,11.609,11.54,10.776,0.147,1.002,0.031169,8.765197069830236,11.524,11.463,10.635
67.423,0.175,0.819,5.613,59.548,-1.19,-1.033,10.651,10.616,9.504,0.072,0.852,0.026106,2.962472454011088,10.669,10.632,9.552
86.487,0.463,1.046,4.788,250.0,-0.903,-1.165,11.154,11.128,9.904,0.056,1.071,0.038871,9.004418861902428,11.25,11.213,10.152
49.864,-0.575,0.992,4.082,250.0,-1.272,-0.347,11.694,11.676,10.271,0.038,1.009,0.011884,6.237475186416156,11.671,11.654,10.213
81.932,0.302,0.824,4.381,250.0,-1.403,-1.02,11.278,11.208,10.448,0.148,0.893,0.036489,5.010443317929929,11.405,11.305,10.714
18.506,0.206,0.239,5.805,217.399,-1.076,1.625,11.962,11.177,11.885,0.836,1.024,0.022214,4.414056972415327,11.796,11.098,11.699
53.157,-0.026,0.965,5.284,250.0,-0.636,1.191,11.562,11.501,10.68,0.131,1.026,0.063726,4.495974768940476,11.565,11.503,10.687
84.023,0.08,0.488,4.989,139.61,-1.6,-0.307,11.522,10.935,11.392,0.741,1.075,0.040546,12.800980705207555,11.548,10.954,11.42
76.54,-2.041,0.72,4.597,208.85,-1.579,-0.938,11.138,11.012,10.539,0.252,0.846,0.014472,5.722509475520693,11.252,11.108,10.7
29.559,-0.032,0.597,5.914,86.31,-0.226,0.633,10.868,10.8,10.026,0.144,0.665,0.028184,9.643671273280926,10.833,10.776,9.922
85.396,0.369,0.77,5.748,227.56,-0.345,0.883,11.129,11.083,10.123,0.099,0.815,0.028133,10.834325167139848,11.222,11.145,10.426
82.228,0.038,0.735,4.799,250.0,-0.747,-0.103,11.404,11.363,10.347,0.088,0.774,0.037981,8.551003109090168,11.43,11.384,10.424
66.969,0.13,0.817,3.933,241.676,-1.492,-1.083,11.174,11.135,10.099,0.084,0.856,0.047312,4.798976219541492,11.195,11.154,10.142
86.308,0.562,0.944,3.323,250.0,-1.368,-1.341,11.056,11.038,9.667,0.041,0.963,0.03212,10.260510971833533,11.363,11.347,9.944
20.931,-1.597,0.782,4.423,181.845,-1.476,-0.366,11.134,11.088,10.121,0.097,0.826,0.038748,3.183673112712029,11.093,11.053,10.031
31.878,-0.609,0.028,5.32,78.886,-1.516,-1.264,11.459,10.622,11.391,0.854,0.865,0.026427,12.752911940461471,11.371,10.559,11.299
77.914,0.19,0.937,5.07,250.0,-0.508,-1.138,11.228,11.21,9.812,0.038,0.954,0.04464,5.037318512864432,11.252,11.232,9.881
79.54,0.146,0.866,4.663,90.486,-0.789,-0.7,10.788,10.777,9.159,0.023,0.876,0.045164,8.658379354481342,10.806,10.794,9.208
84.184,0.204,0.867,6.082,215.02,-0.063,0.139,11.135,11.093,10.1,0.092,0.909,0.023603,20.230218387301644,11.183,11.13,10.238
77.886,-0.172,0.89,3.547,250.0,-1.518,0.963,11.396,11.372,10.121,0.053,0.913,0.062546,6.710230542989635,11.575,11.549,10.332
62.02,0.144,0.849,3.503,250.0,-1.452,-0.735,11.391,11.382,9.647,0.018,0.856,0.061427,3.705370883696545,11.406,11.396,9.687
41.15,-2.651,0.629,3.817,158.339,-1.376,1.19,11.041,11.022,9.685,0.044,0.648,0.019623,9.89296025536496,11.025,11.007,9.65
5.769,0.002,0.207,6.87,132.316,-0.532,-32.021,12.533,10.905,12.523,0.976,1.835,0.007061,8.673233816260904,12.622,10.923,12.613
85.23,-0.111,0.955,4.317,250.0,-1.262,0.135,11.616,11.569,10.62,0.101,1.001,0.070371,5.471020052527667,11.64,11.59,10.673
26.25,0.507,-0.022,5.178,54.42,-1.6,-2.199,10.86,10.504,10.608,0.56,0.335,0.01667,9.72413912740245,10.787,10.443,10.525
82.22,-1.326,1.032,4.424,250.0,-0.704,0.401,11.658,11.652,9.596,0.009,1.036,0.047456,3.346247661958875,11.669,11.663,9.63
28.145,0.269,0.849,5.731,242.177,-0.351,-1.243,11.219,11.191,10.008,0.061,0.877,0.05268,3.372052831834497,11.178,11.156,9.846
63.282,0.05,0.827,5.711,250.0,-0.607,-0.452,11.304,11.257,10.301,0.1,0.872,0.01973,5.380410850260172,11.311,11.262,10.322
37.255,0.17,0.506,3.824,74.302,-1.112,0.945,10.731,10.728,8.458,0.005,0.508,0.028666,6.284147092889975,10.721,10.718,8.424
56.741,-1.566,0.708,5.6,94.12,-0.16,-0.918,10.812,10.802,9.143,0.021,0.718,0.028363,6.388645209236109,10.819,10.809,9.17
49.306,0.069,0.449,4.374,74.735,-1.384,0.943,10.79,10.763,9.564,0.059,0.475,0.036264,4.059199454581577,10.745,10.719,9.501
84.651,0.12,0.974,4.964,94.569,-1.59,-0.99,10.796,10.544,10.44,0.441,1.226,0.053971,8.693993500275019,11.083,10.809,10.753
75.49,0.078,1.005,2.937,250.0,-1.086,-0.913,11.23,11.228,8.55,0.002,1.006,0.045569,6.105274319671412,11.303,11.301,8.701
80.829,-2.745,1.082,6.227,250.0,-0.01,0.676,11.38,11.352,10.169,0.062,1.11,0.004286,3.951684444260199,11.385,11.356,10.192
63.761,-3.0,0.552,5.716,67.219,-0.003,-1.047,10.726,10.663,9.857,0.135,0.615,0.011646,13.220615172334794,10.746,10.68,9.9
38.382,-0.831,0.707,4.504,236.056,-1.243,-0.847,11.251,11.192,10.354,0.127,0.766,0.025683,6.557585017688652,11.208,11.154,10.273
56.163,0.235,0.874,4.546,89.273,-1.43,1.072,10.813,10.785,9.602,0.062,0.901,0.036606,5.853186522993559,10.817,10.789,9.611
86.636,-3.0,0.852,6.321,187.308,-0.113,1.006,11.124,10.973,10.593,0.294,1.003,0.029024,5.561184429546348,11.253,11.058,10.812
85.827,0.422,0.923,4.637,250.0,-0.285,1.238,11.374,11.371,9.175,0.006,0.926,0.054788,4.603769301429018,11.48,11.475,9.439
32.729,-1.977,0.921,4.025,250.0,-1.6,-0.161,11.611,11.54,10.789,0.151,0.992,0.01348,10.816986155904102,11.616,11.544,10.798
57.735,-0.57,0.79,4.199,198.518,-1.394,0.953,11.115,11.078,10.027,0.082,0.827,0.035725,4.618523765757126,11.121,11.084,10.038
79.005,-0.005,0.682,4.986,250.0,-1.385,0.468,11.737,11.337,11.515,0.601,1.081,0.015534,6.053495291425128,11.749,11.345,11.531
70.556,0.414,0.808,3.957,250.0,-1.24,1.859,11.443,11.417,10.189,0.056,0.833,0.055818,7.55899447970768,11.462,11.435,10.229
82.997,0.245,0.392,5.564,70.225,-1.05,1.369,10.753,10.671,9.988,0.171,0.474,0.02324,5.240439902363411,10.79,10.696,10.075
53.254,0.049,0.782,4.227,166.002,-1.6,0.295,11.166,11.012,10.641,0.299,0.937,0.040862,10.134661489421337,11.174,11.019,10.652
18.427,-2.435,1.087,6.369,250.0,-0.671,0.145,12.435,12.074,12.186,0.564,1.447,0.023259,8.46050004203623,12.267,11.993,11.938
59.594,0.522,0.725,4.395,163.486,-1.599,-1.038,11.156,10.977,10.683,0.337,0.903,0.037188,8.240037038970172,11.192,11.012,10.722
63.252,0.088,0.507,6.925,151.179,-0.0,-3.175,11.365,10.998,11.12,0.57,0.873,0.00478,13.58054656157596,11.35,10.991,11.099
45.394,0.5,0.495,5.806,54.163,-0.686,-1.003,10.757,10.64,10.128,0.235,0.612,0.020273,7.688092174264884,10.698,10.595,10.019
73.836,0.074,0.375,5.783,79.789,-0.727,1.148,10.818,10.726,10.096,0.19,0.466,0.011182,5.717474715043481,10.846,10.745,10.162
42.301,0.435,0.544,5.309,58.596,-1.546,-0.875,10.899,10.672,10.508,0.407,0.77,0.026092,7.642882079216414,10.841,10.626,10.431
86.055,-3.0,0.642,5.743,250.0,-1.149,0.954,11.588,11.13,11.401,0.651,1.099,0.006565,3.6532033322797353,11.616,11.142,11.438
84.754,0.068,0.876,2.816,235.07,-1.223,0.141,11.126,11.125,8.49,0.002,0.877,0.062412,5.1383944881699,11.149,11.148,8.549
45.841,0.03,0.369,6.185,78.329,-0.052,-1.024,10.798,10.755,9.769,0.093,0.411,0.010812,8.27345202424158,10.777,10.739,9.7
18.211,-0.153,0.905,4.055,250.0,-1.466,0.934,11.603,11.542,10.719,0.131,0.966,0.067597,5.83433152340648,11.49,11.437,10.548
31.623,-0.883,0.535,5.108,71.945,-1.57,0.978,10.989,10.779,10.573,0.383,0.745,0.032441,5.038100840560467,10.909,10.705,10.484
2.862,-1.016,1.022,4.661,250.0,-1.306,-1.502,11.687,11.605,10.915,0.17,1.103,0.003941,3.7456474937081534,11.625,11.556,10.784
46.375,0.15,0.826,4.575,213.478,-1.028,1.053,11.165,11.132,10.021,0.072,0.858,0.024689,9.544997254210385,11.153,11.122,9.993
49.064,0.524,0.591,5.932,46.455,-0.407,1.036,10.636,10.574,9.757,0.132,0.652,0.020778,7.283029911823882,10.59,10.534,9.672
52.044,0.023,0.634,4.956,54.275,-0.968,2.25,10.609,10.59,9.226,0.041,0.653,0.033112,6.768356909849437,10.616,10.596,9.245
73.552,-0.04,0.634,5.255,47.057,-1.574,-1.033,10.619,10.503,9.991,0.235,0.75,0.029846,3.652043435025621,10.66,10.541,10.04
66.297,0.457,0.649,5.875,91.053,-0.134,-0.943,10.768,10.74,9.556,0.061,0.676,0.035926,4.5033246594753855,10.83,10.794,9.734
86.222,0.283,1.006,5.623,250.0,-0.0,-0.132,11.781,11.748,10.641,0.072,1.039,0.061118,7.618908881768366,11.838,11.794,10.818
83.598,0.254,0.98,5.581,250.0,-0.004,0.103,11.636,11.607,10.439,0.064,1.009,0.045752,12.575752383996104,11.687,11.651,10.583
2.566,-1.159,1.155,5.811,84.802,-0.928,-3.893,11.086,10.876,10.671,0.384,1.366,0.023233,5.691237805159197,10.933,10.77,10.429
85.366,0.181,0.931,5.119,250.0,-0.398,0.163,11.51,11.498,9.905,0.025,0.941,0.048662,7.058057156511976,11.534,11.52,9.993
31.076,0.114,0.78,5.661,250.0,-0.283,-1.53,11.559,11.502,10.64,0.121,0.836,0.014625,8.998585524968801,11.553,11.498,10.623
72.347,0.096,1.024,3.512,250.0,-0.825,-0.211,11.609,11.607,9.258,0.004,1.026,0.081026,5.95265342834919,11.626,11.623,9.312
63.53,0.162,0.954,4.455,250.0,-1.288,-1.081,11.553,11.519,10.404,0.071,0.986,0.062219,3.5322332428974508,11.568,11.533,10.438
61.664,0.331,0.612,5.73,59.269,-1.034,-1.071,10.785,10.613,10.301,0.328,0.785,0.016434,10.061124409405986,10.812,10.631,10.346
2.753,-1.591,1.065,5.818,250.0,-0.144,-1.341,11.635,11.581,10.7,0.116,1.118,0.030719,4.123928826791178,11.559,11.524,10.445
67.805,0.244,0.897,2.749,226.398,-0.98,1.019,11.079,11.079,8.187,0.001,0.898,0.015579,14.560890180612295,11.147,11.146,8.342
77.894,-0.32,0.579,5.335,127.672,-0.455,0.223,10.941,10.918,9.643,0.05,0.602,0.01833,9.290330162991054,10.95,10.926,9.67
2.566,-0.029,1.629,6.102,250.0,-1.022,0.418,12.598,12.212,12.368,0.589,2.015,0.029471,2.865757581363954,12.443,12.151,12.133
85.23,-3.0,1.149,5.576,250.0,-0.018,0.075,11.472,11.443,10.277,0.064,1.177,0.020546,9.824860313529358,11.501,11.468,10.363
75.716,-2.691,0.941,4.641,250.0,-0.611,-0.984,11.58,11.567,10.041,0.029,0.954,0.022707,8.863765750689485,11.684,11.665,10.302
72.063,0.017,0.769,4.673,137.768,-1.569,-1.022,10.997,10.91,10.251,0.18,0.856,0.04059,3.0577655324678585,11.037,10.947,10.307
79.053,-0.722,0.774,4.533,250.0,-1.593,-0.17,11.66,11.409,11.302,0.439,1.025,0.013012,15.089035299419375,11.661,11.409,11.303
61.454,0.353,0.789,6.236,211.971,-0.226,1.194,11.13,11.106,9.815,0.049,0.81,0.029019,4.478614005937144,11.143,11.116,9.886
56.791,-0.427,0.792,3.868,91.844,-0.433,-1.046,10.788,10.787,7.968,0.002,0.793,0.036077,5.071054336872532,10.799,10.798,8.004
39.047,-0.556,0.625,4.574,223.279,-1.407,-0.913,11.27,11.167,10.595,0.211,0.728,0.016865,7.940448596245225,11.231,11.137,10.515
26.441,0.002,0.536,5.272,120.298,-1.578,-1.539,11.339,10.901,11.141,0.634,0.973,0.007719,9.29011990558637,11.34,10.902,11.142
18.731,-2.585,1.059,6.352,250.0,-0.015,-0.529,11.678,11.616,10.786,0.129,1.119,0.033698,3.917241477648694,11.626,11.581,10.598
79.5,0.517,0.714,6.127,250.0,-0.258,-1.039,11.211,11.098,10.568,0.228,0.826,0.013549,13.018717745824857,11.458,11.244,11.047
84.745,-0.215,1.014,5.573,250.0,-0.001,0.36,11.592,11.577,10.108,0.033,1.028,0.028947,5.204874868362674,11.609,11.593,10.165
18.231,0.581,0.171,5.767,43.403,-1.6,-4.611,11.213,10.519,11.115,0.798,0.865,0.021431,13.6847376503043,11.118,10.439,11.015
68.941,-0.164,0.854,4.152,250.0,-1.406,1.022,11.376,11.307,10.543,0.147,0.924,0.032504,11.718396790238089,11.457,11.379,10.672
32.29,-3.0,0.723,4.639,250.0,-1.539,-0.228,11.519,11.341,11.045,0.336,0.901,0.014,3.16886879741142,11.474,11.307,10.979
37.159,0.501,0.325,6.255,43.819,-0.2,1.055,11.173,10.521,11.063,0.777,0.976,0.036383,17.783748231887195,11.02,10.447,10.886
85.23,0.17,0.938,5.005,250.0,-1.063,-0.255,11.834,11.647,11.376,0.348,1.124,0.044908,8.7491375362381,11.881,11.679,11.451
70.991,-0.999,0.84,2.681,250.0,-0.754,0.933,11.189,11.189,8.028,0.001,0.84,0.036339,7.1119591059526295,11.291,11.29,8.261
49.063,-1.292,0.503,5.109,42.669,-1.253,0.96,10.603,10.534,9.769,0.147,0.572,0.011479,8.965605589626014,10.566,10.499,9.722
84.8,0.189,0.701,5.749,215.474,-0.403,0.136,11.156,11.106,10.182,0.106,0.75,0.041004,8.822105982341583,11.181,11.125,10.257
86.222,0.219,0.514,6.837,55.707,-0.0,1.725,10.926,10.571,10.673,0.558,0.869,0.024543,12.457008427354332,11.003,10.606,10.78
66.107,0.063,0.772,5.306,55.843,-1.138,-0.968,10.629,10.527,9.948,0.209,0.873,0.024662,9.119398244051755,10.715,10.607,10.054
78.911,0.522,0.869,5.362,101.98,-0.955,1.057,10.772,10.712,9.88,0.128,0.929,0.040635,5.416892531581549,10.932,10.837,10.222
70.255,-0.152,0.542,5.014,59.476,-1.584,0.998,10.721,10.538,10.256,0.344,0.725,0.02049,11.93264864135696,10.821,10.632,10.368
78.261,0.118,0.693,5.06,92.412,-0.827,0.913,10.792,10.773,9.412,0.042,0.712,0.050419,3.796513091065023,10.82,10.8,9.483
31.81,0.433,0.661,6.131,45.215,-0.487,1.027,10.609,10.581,9.401,0.062,0.688,0.039221,3.62594611213812,10.544,10.523,9.204
42.908,0.601,0.703,4.826,198.495,-1.515,-1.275,11.339,11.099,10.966,0.424,0.942,0.047086,4.299836785283155,11.31,11.079,10.924
56.803,0.58,0.642,5.43,77.788,-0.228,-1.006,10.741,10.734,8.913,0.015,0.648,0.065086,3.237846342072338,10.742,10.735,8.916
16.747,0.14,0.772,4.878,250.0,-1.586,-0.77,11.76,11.398,11.511,0.565,1.133,0.03605,5.660480943991819,11.681,11.352,11.405
9.141,0.002,0.703,7.152,249.68,-0.0,34.027,11.51,11.192,11.214,0.512,1.015,0.026771,4.750223227259458,11.466,11.168,11.149
23.355,0.475,0.674,4.23,103.565,-0.405,3.352,10.884,10.882,8.608,0.005,0.676,0.034652,4.23730944582906,10.843,10.841,8.494
27.089,0.44,0.753,5.303,45.495,-0.115,0.99,10.591,10.588,8.384,0.006,0.755,0.060757,2.745566766998038,10.529,10.527,8.157
78.178,0.507,0.741,6.069,87.074,-0.048,1.127,10.661,10.593,9.826,0.146,0.809,0.024493,11.847689413708023,10.895,10.779,10.265
60.655,0.58,0.777,5.881,250.0,-0.456,-1.28,11.276,11.231,10.247,0.094,0.82,0.052796,3.4814877222345686,11.295,11.246,10.309
20.305,-2.227,0.651,5.13,250.0,-1.05,-0.8,11.31,11.223,10.565,0.18,0.737,0.02757,3.661755320882478,11.245,11.172,10.426
66.195,0.393,0.892,4.451,250.0,-1.273,1.06,11.328,11.27,10.423,0.124,0.95,0.045706,5.672830640821357,11.367,11.302,10.505
57.217,-2.746,0.763,4.408,250.0,-1.6,-0.692,11.459,11.206,11.104,0.441,1.016,0.029885,11.08287619725618,11.466,11.212,11.111
2.609,-1.962,0.9,6.038,250.0,-0.098,-0.725,11.398,11.277,10.786,0.244,1.021,0.051356,3.044053606919754,11.265,11.192,10.453
18.708,0.034,1.066,4.041,250.0,-1.6,0.446,11.78,11.747,10.626,0.07,1.098,0.015351,3.4917176759335535,11.765,11.734,10.582
69.088,0.283,-0.006,5.432,112.998,-1.447,-1.167,11.646,10.632,11.602,0.903,1.008,0.038716,9.349297796414431,11.724,10.705,11.681
25.735,-0.572,0.833,4.932,250.0,-1.179,-0.964,11.735,11.599,11.166,0.27,0.969,0.022403,7.284191286787614,11.62,11.506,10.98
47.595,0.136,0.822,5.423,250.0,-0.234,0.999,11.395,11.381,9.863,0.029,0.835,0.018905,10.590755066215898,11.384,11.371,9.825
49.418,0.486,0.607,5.291,69.221,-0.153,-1.05,10.738,10.723,9.242,0.032,0.621,0.022479,8.4976766226734,10.703,10.691,9.146
84.745,-1.172,0.889,6.367,250.0,-0.0,-0.708,11.404,11.347,10.493,0.123,0.946,0.000787,3.7936820379571983,11.425,11.363,10.55
19.09,0.024,0.84,4.478,250.0,-1.533,0.839,11.718,11.586,11.136,0.261,0.971,0.037022,7.340761784196419,11.64,11.524,11.008
39.195,-0.088,0.883,5.864,250.0,-0.001,0.508,11.443,11.397,10.438,0.099,0.928,0.047597,6.420182560524737,11.448,11.401,10.455
75.526,0.543,0.711,4.553,144.546,-1.597,0.987,10.964,10.772,10.517,0.358,0.903,0.026902,8.580455812948289,11.164,10.968,10.724
2.733,-0.032,0.969,6.286,250.0,-0.26,0.925,11.988,11.768,11.585,0.396,1.187,0.013155,8.510027548448369,11.867,11.712,11.341
81.855,-0.057,1.003,3.756,94.295,-1.45,0.966,10.679,10.671,8.966,0.019,1.012,0.031069,10.808748885335357,10.821,10.81,9.225
49.43,0.349,0.655,5.442,65.355,-1.515,-1.142,10.991,10.695,10.685,0.494,0.95,0.033,5.18696138649302,10.95,10.669,10.628
70.994,0.236,0.558,5.233,53.675,-0.905,1.086,10.572,10.555,9.142,0.037,0.574,0.028905,5.666401605991058,10.612,10.592,9.273
59.491,0.436,0.808,4.778,151.14,-1.26,-0.521,11.051,10.978,10.24,0.155,0.881,0.002338,6.764482060339391,11.063,10.987,10.262
86.222,0.293,0.764,6.101,51.721,-0.0,1.025,10.573,10.556,9.14,0.037,0.781,0.039346,3.8755841738710552,10.598,10.578,9.243
80.968,0.563,0.973,4.242,207.565,-0.291,-1.138,10.846,10.844,8.609,0.006,0.975,0.028405,11.476186678375491,11.112,11.107,9.188
53.817,0.218,0.948,3.506,72.622,-1.465,1.256,10.719,10.717,8.091,0.002,0.949,0.053419,2.174836411073104,10.711,10.709,8.076
37.024,0.205,0.876,4.862,56.773,-0.069,2.112,10.597,10.594,8.498,0.008,0.88,0.042278,11.324545711057654,10.619,10.614,8.631
49.751,0.357,0.726,5.621,78.877,-0.956,1.031,10.836,10.756,10.061,0.168,0.806,0.042376,3.590224212932422,10.816,10.74,10.021
65.89,-0.579,0.905,3.529,250.0,-0.65,-1.006,11.294,11.293,8.76,0.003,0.906,0.038424,7.1452908812098475,11.336,11.334,8.858
25.938,-2.763,0.65,4.182,175.081,-1.574,0.93,11.217,11.139,10.429,0.163,0.727,0.018153,8.122714047361686,11.113,11.044,10.284
59.114,0.075,0.799,6.495,250.0,-0.0,-0.299,11.386,11.244,10.83,0.278,0.94,0.007461,19.380656615667327,11.419,11.264,10.895
80.025,-1.319,0.679,6.663,133.298,-0.57,-0.7,11.23,10.824,11.013,0.607,1.084,0.004475,2.9079776375775643,11.231,10.824,11.015
43.843,0.406,0.326,5.597,110.38,-0.0,1.219,10.97,10.909,10.084,0.13,0.387,0.04011,4.623846663982368,10.911,10.86,9.954
22.638,-0.038,0.833,5.811,250.0,-0.233,-0.54,11.461,11.376,10.706,0.176,0.917,0.024801,10.751430704427124,11.452,11.371,10.684
82.125,0.318,0.261,2.782,67.877,-0.414,0.914,10.558,10.557,7.413,0.001,0.262,0.055295,7.59069200932128,10.601,10.601,7.52
51.182,-0.783,0.941,3.79,250.0,-1.591,0.113,11.559,11.526,10.424,0.073,0.974,0.027902,7.655595872864599,11.56,11.526,10.425
45.72,-0.679,0.54,5.157,97.858,-1.35,-0.937,11.194,10.863,10.92,0.532,0.87,0.026456,8.24448235456466,11.132,10.821,10.84
77.06,-1.009,0.318,3.363,135.739,-1.261,-0.529,10.929,10.926,8.609,0.005,0.32,0.037854,3.613328754537812,10.944,10.941,8.662
5.131,-2.861,0.565,4.687,58.03,-1.395,2.544,10.661,10.635,9.416,0.057,0.591,0.02874,3.620905889060229,10.648,10.623,9.388
18.226,0.441,0.556,5.675,46.046,-1.166,2.972,10.663,10.558,9.992,0.213,0.66,0.02701,6.178272010920273,10.625,10.53,9.915
50.729,0.459,0.603,5.623,68.561,-1.152,1.029,10.786,10.701,10.032,0.176,0.687,0.018999,4.691531717387708,10.768,10.687,9.994
75.411,0.441,0.85,5.385,198.445,-0.0,275.378,11.092,11.081,9.472,0.024,0.86,0.011894,4.288415148236852,11.089,11.078,9.46
33.284,-0.126,0.827,5.464,250.0,-0.165,-0.433,11.332,11.307,10.067,0.054,0.851,0.027534,9.8698330599082,11.334,11.309,10.076
49.927,0.451,0.901,4.675,250.0,-1.512,-1.034,11.722,11.588,11.141,0.263,1.034,0.043067,5.712229184848635,11.71,11.578,11.123
76.705,0.463,0.691,6.207,246.881,-0.001,-1.034,11.128,11.038,10.401,0.187,0.781,0.013255,15.637483205207444,11.344,11.177,10.846
36.723,0.419,0.815,6.3,246.573,-0.058,,11.206,11.166,10.138,0.086,0.854,0.051856,3.63778858735713,11.2,11.161,10.12
86.698,0.319,0.897,6.069,188.591,-0.0,-0.935,11.061,11.044,9.627,0.037,0.914,0.029631,7.884458280709881,11.096,11.075,9.751
84.151,0.233,0.857,3.864,250.0,-0.753,-0.134,11.286,11.283,9.034,0.006,0.859,0.073106,9.130549109485136,11.313,11.31,9.123
58.632,0.294,0.648,6.359,199.784,-0.01,-1.086,11.251,11.078,10.768,0.328,0.821,0.031506,9.261767643239342,11.276,11.091,10.817
2.933,-0.164,0.749,4.427,250.0,-1.45,1.671,11.539,11.405,10.962,0.265,0.882,0.065895,3.5885255994377627,11.472,11.354,10.85
66.747,0.277,0.809,4.501,250.0,-0.12,-1.04,11.126,11.125,8.451,0.002,0.81,0.047053,3.8171450391414465,11.177,11.176,8.621
53.622,-0.518,0.599,6.013,46.902,-0.042,-1.058,10.61,10.538,9.794,0.152,0.671,0.030328,11.319466593671612,10.609,10.538,9.792
82.498,0.12,0.6,6.28,61.089,-0.474,-0.811,10.72,10.625,10.015,0.197,0.695,0.034519,7.81179545275862,10.751,10.642,10.095
41.162,0.295,0.04,5.599,76.991,-1.596,-1.709,11.576,10.796,11.497,0.834,0.819,0.027325,7.457828935492541,11.494,10.73,11.411
18.247,-1.166,1.248,3.542,250.0,-1.297,0.133,11.948,11.944,9.87,0.008,1.251,0.146785,3.597123710240268,11.879,11.876,9.678
67.075,-0.082,0.756,5.606,194.366,-0.645,0.245,11.147,11.074,10.331,0.153,0.829,0.021861,7.563267714323289,11.162,11.084,10.376
52.703,-0.191,1.055,3.641,250.0,-1.514,0.982,11.608,11.586,10.287,0.048,1.076,0.047353,7.696560584843156,11.587,11.566,10.259
3.137,-1.153,0.739,4.864,43.787,-1.018,1.691,10.563,10.551,8.989,0.027,0.751,0.060128,2.7782624359507895,10.521,10.511,8.872
2.599,-2.232,1.304,5.927,250.0,-0.106,-3.461,12.027,11.885,11.474,0.28,1.446,0.070714,4.3549875000754525,11.889,11.801,11.15
52.811,-2.977,0.706,5.078,85.965,-1.599,0.214,10.932,10.793,10.367,0.273,0.845,0.023398,4.547487017808821,10.905,10.774,10.32
84.537,-0.42,1.028,4.96,136.662,-0.628,-0.985,10.72,10.708,9.155,0.027,1.04,0.027606,9.758429602655829,10.974,10.951,9.68
2.584,-0.758,1.259,6.568,250.0,-0.243,-0.91,12.252,11.867,12.021,0.587,1.643,0.046135,4.681507689387709,12.049,11.788,11.703
84.476,0.155,1.023,3.507,187.24,-1.418,-1.355,11.023,11.012,9.437,0.026,1.034,0.048803,7.486007380803025,11.079,11.066,9.536
86.144,0.325,0.846,4.981,90.473,-1.074,1.083,10.758,10.74,9.335,0.038,0.863,0.054984,3.3437541811499782,10.813,10.792,9.466
83.139,0.38,1.032,3.49,250.0,-1.283,0.92,11.602,11.597,9.479,0.008,1.035,0.049085,6.9905761841169936,11.632,11.627,9.553
84.023,0.088,0.669,4.756,250.0,-1.6,-0.254,11.659,11.301,11.407,0.561,1.026,0.012353,8.849698307409621,11.679,11.313,11.433
70.483,0.311,0.457,4.943,102.468,-0.0,-1.108,10.804,10.8,8.626,0.007,0.46,0.065284,2.4327710346166995,10.834,10.831,8.747
2.566,-0.43,1.031,6.005,201.104,-0.979,2.451,11.58,11.174,11.363,0.607,1.437,0.027057,4.186217269828706,11.408,11.099,11.115
38.569,0.248,0.882,4.839,250.0,-1.208,,11.856,11.754,11.175,0.209,0.983,0.071827,6.008076632436252,11.865,11.76,11.194
28.179,0.002,0.631,6.747,85.269,-0.232,0.725,10.938,10.802,10.366,0.268,0.766,0.027119,5.719966901265259,10.886,10.771,10.251
53.19,0.357,0.837,5.813,123.797,-0.706,0.999,10.974,10.924,9.996,0.105,0.886,0.026411,5.106089037747453,10.958,10.914,9.936
74.913,-0.421,0.686,4.147,59.139,-1.313,-1.008,10.525,10.52,8.554,0.011,0.691,0.025785,7.304136366824805,10.635,10.629,8.718
18.037,0.535,0.862,6.255,95.212,-0.267,0.885,10.964,10.888,10.169,0.16,0.938,0.042703,3.64978045993982,10.858,10.811,9.865
3.755,-0.402,0.969,4.755,250.0,-0.998,-1.932,11.558,11.518,10.498,0.087,1.008,0.061726,3.956473188945594,11.532,11.495,10.429
18.271,-0.747,0.648,4.174,250.0,-1.202,0.265,11.246,11.219,10.01,0.058,0.674,0.033283,7.112625794677624,11.243,11.216,10.001
4.371,-0.346,0.894,4.701,250.0,-1.6,2.041,11.664,11.416,11.302,0.435,1.142,0.011662,4.88104218209635,11.649,11.408,11.276
36.908,-0.101,0.725,3.894,199.814,-0.426,1.042,11.158,11.157,8.57,0.003,0.726,0.042759,3.961863991552626,11.083,11.082,8.372
41.191,-0.999,0.684,4.759,140.989,-0.372,0.557,10.991,10.987,8.943,0.009,0.688,0.03602,3.811354012179486,10.96,10.957,8.822
52.839,-0.278,0.265,4.95,50.523,-1.591,-0.955,10.733,10.607,10.134,0.251,0.391,0.025806,5.669045232562243,10.695,10.569,10.096
51.822,0.285,0.864,3.835,250.0,-1.053,-1.025,11.503,11.491,9.942,0.027,0.876,0.047551,8.635367301490533,11.484,11.472,9.906
80.876,0.494,1.091,3.23,200.876,-1.476,1.06,10.877,10.867,9.249,0.024,1.101,0.026135,15.922134874444646,11.112,11.098,9.603
72.006,0.413,0.78,3.371,87.394,-1.231,1.151,10.728,10.726,8.206,0.003,0.782,0.03198,9.246779398454429,10.783,10.781,8.355
85.085,0.396,1.113,5.617,250.0,-0.008,-1.171,11.325,11.315,9.687,0.023,1.123,0.04728,6.3342360123230135,11.41,11.392,10.006
41.208,0.254,0.452,5.812,45.353,-1.568,1.017,11.14,10.582,10.999,0.723,1.009,0.012648,10.523493044586758,11.06,10.524,10.91
18.252,0.6,0.794,6.456,218.24,-0.444,1.062,11.363,11.2,10.857,0.312,0.957,0.023792,6.333463037753006,11.24,11.13,10.589
86.818,0.078,0.83,4.308,232.006,-1.594,0.91,10.99,10.873,10.361,0.235,0.946,0.046111,4.666317793537638,11.268,11.137,10.683
25.781,-0.258,0.295,5.602,75.455,-1.42,-0.935,11.435,10.703,11.346,0.815,1.027,0.036682,7.1004968519505205,11.287,10.593,11.189
48.848,-0.363,0.935,2.799,250.0,-1.361,-0.298,11.171,11.168,8.883,0.005,0.937,0.051694,5.7038195112205425,11.179,11.176,8.904
85.23,0.174,0.9,4.077,250.0,-1.6,-0.209,11.443,11.343,10.751,0.204,0.999,0.055774,6.988965239776659,11.466,11.362,10.791
25.784,0.547,0.58,3.385,250.0,-1.449,1.645,11.371,11.358,9.855,0.03,0.593,0.041524,4.737037560862224,11.317,11.305,9.756
18.343,0.611,0.835,6.628,74.652,-0.0,-0.831,10.81,10.765,9.8,0.098,0.88,0.043128,2.689418921281413,10.744,10.719,9.478
52.034,-0.011,0.822,4.016,250.0,-1.193,-0.449,11.283,11.269,9.767,0.03,0.835,0.025082,4.021180132518462,11.287,11.273,9.777
40.646,-0.04,0.735,5.289,54.459,-0.936,-0.971,10.692,10.661,9.541,0.07,0.766,0.041808,3.455143640630108,10.625,10.598,9.405
18.246,0.631,0.909,4.235,250.0,-1.161,1.042,11.615,11.595,10.259,0.044,0.929,0.058761,3.549701576024873,11.504,11.488,10.043
62.133,0.516,0.786,4.538,225.998,-0.882,0.98,11.119,11.099,9.773,0.045,0.806,0.036749,4.8693828369883585,11.151,11.129,9.843
19.846,-0.224,0.86,5.672,250.0,-0.907,-0.739,11.873,11.69,11.408,0.343,1.042,0.023344,5.193912125247246,11.796,11.647,11.256
65.854,0.561,0.442,4.442,202.761,-1.6,-0.802,11.208,10.822,10.978,0.589,0.827,0.043932,7.141540214787561,11.257,10.866,11.03
83.498,0.18,0.901,6.443,250.0,-0.046,0.812,11.257,11.228,10.026,0.059,0.927,0.023319,15.860694107713147,11.285,11.252,10.124
25.878,-0.534,0.697,6.258,36.15,-0.233,-0.992,10.67,10.537,10.089,0.263,0.829,0.019976,10.017347614921574,10.524,10.427,9.824
83.601,0.202,0.765,6.694,67.796,-0.098,-0.717,10.701,10.661,9.635,0.086,0.804,0.021417,5.356068918008217,10.73,10.683,9.735
4.06,0.002,0.464,6.134,218.513,-1.104,-16.402,12.457,11.13,12.436,0.953,1.791,0.024206,11.684756880699252,12.424,11.12,12.402
86.16,0.388,0.814,3.751,108.322,-1.438,0.117,10.824,10.818,8.972,0.014,0.821,0.044553,8.416640853632877,10.871,10.864,9.082
60.717,0.263,0.553,4.589,119.078,-1.568,1.049,10.999,10.889,10.35,0.224,0.663,0.020294,10.294135941861732,11.014,10.899,10.377
78.371,0.362,0.785,6.425,169.755,-0.043,1.22,11.042,10.957,10.289,0.176,0.87,0.011315,12.382601830987042,11.165,11.036,10.574
75.7,0.462,0.626,6.731,51.86,-0.052,1.129,10.564,10.527,9.47,0.081,0.662,0.022584,4.926518156060368,10.63,10.578,9.679
24.476,0.242,0.585,5.686,74.454,-1.098,1.638,10.847,10.735,10.203,0.227,0.697,0.025734,5.957858385355929,10.825,10.719,10.156
80.16,0.221,0.952,5.497,103.346,-0.533,-0.79,10.85,10.819,9.677,0.067,0.982,0.042811,8.966116706232176,10.882,10.845,9.787
18.354,0.276,0.665,4.395,101.97,-1.38,1.483,10.9,10.881,9.53,0.043,0.684,0.027756,5.366213001428525,10.857,10.84,9.407
64.294,0.329,0.714,6.282,106.818,-0.0,1.212,10.884,10.832,9.933,0.112,0.765,0.019498,8.839398166025742,10.919,10.858,10.039
45.224,0.35,0.267,5.503,72.815,-1.54,-1.108,11.268,10.73,11.119,0.71,0.805,0.027785,5.3776005674896625,11.215,10.687,11.062
64.996,0.131,0.803,5.229,221.988,-0.792,1.26,11.164,11.125,10.079,0.082,0.84,0.022658,7.964054611682303,11.179,11.137,10.127
18.21,0.516,0.966,5.105,148.304,-1.041,0.944,11.191,11.089,10.512,0.209,1.068,0.055771,5.925826773133912,11.059,10.979,10.284
12.117,-0.157,0.59,4.39,119.838,-1.585,4.069,11.179,11.007,10.693,0.327,0.762,0.035495,13.189596099804689,11.057,10.9,10.538
59.924,0.428,0.725,5.333,92.514,-0.439,1.057,10.811,10.789,9.489,0.048,0.746,0.034915,4.903194832752875,10.822,10.8,9.516
49.327,0.379,0.095,5.519,80.137,-1.541,1.139,11.264,10.664,11.138,0.748,0.694,0.030122,4.125314780287342,11.222,10.628,11.094
2.578,-1.906,1.163,6.674,250.0,-1.089,7.816,13.079,11.509,13.067,0.973,2.733,0.01689,8.362426030690752,12.858,11.424,12.842
85.847,0.203,0.725,4.477,250.0,-1.6,-0.257,11.543,11.231,11.252,0.512,1.037,0.034463,8.709549284384549,11.599,11.271,11.323
20.018,-0.314,0.805,4.265,250.0,-1.6,0.343,11.368,11.218,10.832,0.291,0.955,0.023541,10.170482502192598,11.366,11.217,10.829
26.22,-0.686,0.794,4.833,218.383,-1.534,0.304,11.482,11.214,11.144,0.46,1.062,0.012511,10.688335055388867,11.372,11.132,10.999
41.148,-0.316,0.721,5.216,77.849,-1.443,-1.054,10.988,10.782,10.563,0.376,0.926,0.041979,5.520539197634423,10.922,10.735,10.465
2.567,-2.607,1.089,5.895,206.006,-0.383,1.285,11.331,11.184,10.79,0.287,1.236,0.042929,3.2521743601812267,11.195,11.103,10.479
46.714,0.248,0.462,5.513,43.908,-1.423,1.031,10.712,10.54,10.226,0.327,0.634,0.016693,5.968621966223025,10.674,10.511,10.169
14.067,-0.622,0.732,4.69,250.0,-1.18,-0.322,11.848,11.631,11.443,0.394,0.949,0.022004,21.03099899694924,11.884,11.651,11.502
84.745,0.13,0.866,4.569,250.0,-1.513,0.187,11.509,11.348,10.997,0.309,1.027,0.035224,5.958832785246906,11.526,11.361,11.024
2.567,-1.323,1.475,6.716,250.0,-0.13,-1.916,12.414,12.062,12.159,0.555,1.827,0.042792,3.595720070830186,12.22,11.989,11.834
86.371,0.312,0.966,5.397,98.27,-0.668,1.097,10.667,10.615,9.716,0.112,1.018,0.059193,7.34738349144158,10.907,10.824,10.149
45.255,0.531,0.665,4.986,43.142,-1.041,0.942,10.616,10.566,9.658,0.11,0.715,0.041839,5.7970816309495685,10.553,10.506,9.563
45.729,0.351,0.703,2.632,93.181,-1.6,-1.088,10.824,10.823,7.865,0.001,0.704,0.038741,3.1635707793544863,10.804,10.804,7.827
83.62,0.169,0.636,6.002,250.0,-0.1,-1.0,11.486,11.456,10.283,0.063,0.664,0.058655,13.671583245096867,11.515,11.479,10.392
65.985,0.095,0.584,4.965,170.07,-1.286,-1.435,11.232,11.026,10.808,0.377,0.789,0.019421,10.546929287567565,11.243,11.033,10.826
18.212,-2.113,-0.003,6.019,75.241,-1.349,-0.937,11.912,10.645,11.888,0.946,1.264,0.012754,11.65199611515883,11.745,10.554,11.716
56.423,0.517,0.745,5.47,45.439,-1.334,1.212,10.569,10.519,9.596,0.107,0.794,0.035488,3.7619209117568393,10.575,10.525,9.608
81.438,0.06,0.874,4.118,250.0,-1.375,-0.285,11.458,11.425,10.301,0.07,0.905,0.046814,5.748453921042842,11.473,11.439,10.332
17.707,0.012,0.797,4.697,250.0,-1.6,0.72,11.779,11.539,11.405,0.423,1.036,0.042918,4.530663710336908,11.766,11.531,11.386
13.523,-0.093,0.964,4.856,250.0,-1.6,-9.476,11.864,11.439,11.651,0.62,1.384,0.009029,7.739398879007531,11.914,11.463,11.717
22.605,-0.591,0.938,6.025,250.0,-0.544,-0.253,11.606,11.484,10.991,0.243,1.059,0.013663,7.214691985484213,11.566,11.459,10.898
62.39,-0.009,0.825,4.9,250.0,-0.666,-1.225,11.618,11.587,10.45,0.068,0.856,0.039986,8.427895637460749,11.622,11.591,10.463
65.906,-0.672,0.814,4.084,66.132,-0.858,0.993,10.622,10.62,8.142,0.003,0.816,0.028341,6.32068980724908,10.675,10.673,8.261
26.573,-1.584,0.781,7.028,225.211,-0.198,-1.65,11.366,11.169,10.926,0.363,0.977,0.0274,2.1798788971031797,11.263,11.121,10.706
29.706,0.021,0.707,5.691,250.0,-0.235,0.756,11.345,11.292,10.409,0.116,0.76,0.054832,4.129257475115064,11.303,11.26,10.276
26.067,-1.402,0.815,4.989,196.507,-1.6,-0.39,11.451,11.081,11.209,0.573,1.185,0.014238,5.874297547970524,11.454,11.082,11.213
2.742,-0.059,0.041,7.271,77.22,-0.575,12.856,12.29,10.7,12.278,0.974,1.63,0.00349,3.1810910269574637,12.084,10.649,12.067
80.648,-0.197,0.625,4.87,250.0,-1.594,0.517,11.626,11.174,11.436,0.646,1.077,0.020591,5.7491368877613755,11.628,11.175,11.439
70.563,0.503,0.556,5.449,95.837,-1.061,-1.02,10.889,10.74,10.353,0.291,0.705,0.020947,7.35521556233047,10.988,10.815,10.505
68.936,0.431,0.721,5.355,178.589,-0.98,-1.037,11.128,11.006,10.514,0.243,0.842,0.018621,9.57034710441677,11.2,11.053,10.658
61.356,-0.001,0.892,5.418,250.0,-0.305,0.608,11.49,11.461,10.278,0.061,0.919,0.020533,8.16211050873822,11.492,11.463,10.287
81.068,0.585,0.872,3.916,150.357,-1.566,-1.13,10.816,10.768,9.832,0.104,0.92,0.034075,9.113336821138518,11.038,10.983,10.11
74.174,0.096,0.768,5.061,250.0,-0.171,0.767,11.467,11.454,9.928,0.029,0.781,0.058469,5.673885108310906,11.485,11.47,10.003
2.566,-0.651,1.372,2.589,243.505,-1.112,1.89,11.241,11.241,8.171,0.001,1.372,0.036959,4.804843530126829,11.175,11.175,7.936
34.114,-0.002,0.704,4.495,91.965,-0.178,3.775,10.802,10.8,7.755,0.001,0.704,0.062054,4.678979802785042,10.802,10.8,7.755
68.953,0.62,0.668,5.116,70.166,-1.257,1.034,10.699,10.617,9.937,0.173,0.75,0.038135,5.036570053754762,10.791,10.696,10.085
2.802,0.002,1.013,4.616,250.0,-1.6,-7.478,11.927,11.724,11.499,0.373,1.216,0.046067,4.226455082339421,11.874,11.688,11.415
84.855,0.295,1.12,4.743,250.0,-0.45,1.257,11.143,11.139,8.526,0.002,1.121,0.064943,3.291655323547386,11.183,11.179,8.696
84.023,0.099,0.76,5.143,250.0,-1.023,-0.217,11.536,11.281,11.184,0.444,1.015,0.016298,13.675838669759973,11.564,11.296,11.226
65.873,0.416,0.998,5.974,250.0,-0.162,-1.156,11.527,11.493,10.406,0.076,1.033,0.057676,6.381209986347733,11.585,11.541,10.56
84.225,0.112,0.695,5.287,250.0,-0.505,-0.81,11.323,11.302,9.969,0.044,0.715,0.042426,5.088579311746158,11.345,11.321,10.05
19.89,0.195,0.791,3.608,250.0,-1.32,-0.997,11.38,11.37,9.731,0.022,0.801,0.02864,9.595733795434247,11.383,11.373,9.74
65.193,-0.128,0.913,4.02,250.0,-1.587,-0.21,11.265,11.174,10.535,0.187,1.003,0.026285,12.51349705504764,11.279,11.185,10.565
38.177,-1.284,1.003,6.103,250.0,-0.0,0.243,11.961,11.767,11.518,0.36,1.197,0.03611,12.498467253067174,11.996,11.78,11.589
2.566,-1.94,1.244,3.721,76.939,-0.897,-1.18,10.814,10.812,8.421,0.004,1.246,0.083226,2.841695791653962,10.732,10.731,8.176
5.564,-0.817,0.802,4.045,250.0,-1.476,1.774,11.476,11.41,10.625,0.141,0.868,0.024365,9.586970472020798,11.465,11.401,10.599
76.343,-0.118,0.786,4.178,162.572,-1.434,-0.826,11.034,10.999,9.918,0.077,0.821,0.026883,9.52645716516924,11.056,11.018,9.974
2.734,-1.173,1.06,4.834,250.0,-1.443,0.86,11.761,11.595,11.261,0.316,1.226,0.033351,3.367839398555706,11.674,11.534,11.113
40.118,-1.026,0.705,2.922,148.752,-1.592,0.131,10.983,10.979,8.848,0.007,0.708,0.037986,4.901349906040288,10.981,10.978,8.844
59.491,0.369,0.881,3.655,122.482,-1.158,-0.998,10.896,10.892,8.876,0.01,0.885,0.05109,5.517559776167269,10.91,10.906,8.906
64.696,0.369,0.663,4.804,113.951,-1.43,1.204,10.948,10.863,10.197,0.178,0.748,0.03322,6.651948924688217,10.972,10.881,10.248
71.254,0.418,0.685,4.615,131.972,-1.553,1.071,11.02,10.862,10.505,0.305,0.843,0.033406,6.114253443173203,11.097,10.931,10.598
66.748,-0.227,0.64,4.847,100.29,-1.57,1.023,10.921,10.823,10.224,0.201,0.737,0.019075,6.964593931286054,10.934,10.834,10.248
64.848,0.496,0.495,6.097,49.402,-0.597,1.096,10.752,10.52,10.37,0.414,0.727,0.02439,6.346559963677712,10.821,10.56,10.474
43.282,-2.444,0.496,5.553,131.812,-0.214,-0.947,10.967,10.952,9.483,0.033,0.511,0.01436,11.404861648403536,10.954,10.94,9.424
82.096,0.267,0.825,2.928,250.0,-1.554,0.136,11.268,11.262,9.292,0.011,0.829,0.086918,4.469604193641288,11.307,11.301,9.36
52.752,0.066,0.783,5.581,250.0,-0.341,-0.655,11.517,11.468,10.531,0.104,0.83,0.025996,8.231782825042101,11.513,11.465,10.52
2.674,0.002,0.858,5.223,250.0,-1.464,0.896,12.219,11.677,12.072,0.713,1.4,0.013101,7.103910207282119,12.098,11.615,11.924
56.192,0.504,0.252,5.61,79.249,-1.594,-1.215,11.566,10.757,11.493,0.845,1.061,0.012976,13.832768899606029,11.547,10.742,11.472
22.818,0.01,0.969,6.125,250.0,-0.144,0.359,11.659,11.6,10.754,0.124,1.027,0.041396,5.118651469815693,11.619,11.572,10.624
2.571,-1.39,1.324,6.894,250.0,-0.14,-0.482,12.583,12.043,12.434,0.711,1.863,0.022198,5.834148162622372,12.344,11.965,12.109
36.7,0.588,0.68,4.578,193.199,-0.95,1.052,11.199,11.145,10.263,0.116,0.733,0.045721,6.1674505275827185,11.116,11.072,10.105
63.29,0.564,0.786,5.405,62.964,-0.595,-0.984,10.655,10.619,9.553,0.079,0.821,0.04365,5.536665840670658,10.695,10.654,9.646
70.091,0.35,0.764,3.942,136.67,-1.572,1.073,10.944,10.926,9.528,0.038,0.781,0.039281,3.679456574040862,10.965,10.947,9.562
2.567,-1.257,1.037,6.396,241.453,-0.098,-0.505,11.575,11.26,11.286,0.515,1.351,0.025215,6.076470495584402,11.373,11.169,10.946
52.712,-0.059,0.518,5.037,82.615,-1.539,1.006,10.922,10.778,10.373,0.282,0.662,0.020972,7.0309891652709515,10.899,10.759,10.34
81.217,0.427,0.7,5.502,105.983,-1.071,-1.292,10.847,10.787,9.954,0.128,0.76,0.037846,5.672213776154704,10.93,10.855,10.129
62.827,0.597,0.796,5.393,52.055,-0.626,-1.005,10.572,10.546,9.337,0.058,0.822,0.052399,4.533801967211359,10.61,10.581,9.42
72.456,0.326,0.688,5.072,125.426,-1.26,1.093,10.915,10.827,10.178,0.183,0.776,0.036727,2.8458685249589837,11.007,10.909,10.313
2.611,-3.0,1.355,5.29,250.0,-1.191,-1.629,12.215,11.907,11.92,0.508,1.663,0.00427,4.399840543027408,12.093,11.846,11.729
63.809,0.373,0.808,5.806,250.0,-0.183,0.974,11.525,11.424,10.841,0.207,0.908,0.05853,5.889334073986947,11.585,11.468,10.957
2.58,-2.712,1.0,6.113,250.0,-0.247,1.786,12.04,11.748,11.73,0.489,1.292,0.062443,3.1612789650020052,11.855,11.66,11.415
71.946,-0.19,0.944,3.288,183.344,-1.489,-1.062,10.965,10.954,9.343,0.024,0.954,0.043529,7.973485414247088,11.068,11.056,9.497
2.722,-0.421,0.862,5.557,137.761,-0.439,-0.79,11.063,11.014,10.088,0.106,0.911,0.041623,5.686533878006259,10.987,10.954,9.847
28.748,0.088,0.518,4.871,150.513,-0.355,-14.989,10.994,10.979,9.517,0.033,0.532,0.045445,4.969033583218183,10.991,10.977,9.507
18.616,-0.204,1.083,5.639,250.0,-0.008,-0.308,11.949,11.892,11.034,0.122,1.14,0.046092,11.529966339803892,11.96,11.9,11.067
45.23,-1.505,0.86,5.072,92.653,-1.225,0.976,10.94,10.84,10.25,0.204,0.959,0.035865,7.660484784558076,10.892,10.803,10.157
49.07,-1.044,0.633,5.002,87.731,-0.064,-0.892,10.791,10.788,8.633,0.007,0.636,0.060723,3.332419828896269,10.782,10.779,8.596
78.255,0.561,0.843,4.609,246.656,-0.791,1.104,11.047,11.029,9.655,0.041,0.861,0.029143,11.276907398524738,11.205,11.175,10.025
85.23,-3.0,0.979,4.195,250.0,-1.597,-0.414,11.561,11.437,10.955,0.248,1.103,0.0332,6.334429508544521,11.605,11.473,11.024
66.91,0.313,0.665,3.771,190.757,-1.48,-1.102,11.083,11.063,9.725,0.044,0.684,0.015047,10.55051300671749,11.1,11.08,9.753
2.566,-2.602,1.294,4.697,250.0,-1.592,-4.731,11.632,11.435,11.194,0.365,1.491,0.035786,3.6402484877459345,11.507,11.336,11.018
45.694,0.618,0.75,5.574,129.59,-0.06,-1.101,11.016,10.981,9.909,0.078,0.785,0.023171,11.04252784346117,10.96,10.931,9.767
62.74,-1.199,0.704,4.728,64.258,-1.56,-0.925,10.704,10.631,9.89,0.154,0.776,0.031756,5.730697659933277,10.737,10.662,9.936
41.174,-0.064,0.548,5.401,54.111,-1.347,1.085,10.883,10.587,10.577,0.494,0.844,0.046928,7.723895802518483,10.868,10.573,10.561
19.192,-2.453,0.697,5.322,250.0,-0.847,0.805,11.419,11.24,10.946,0.336,0.875,0.05335,3.3607254620909868,11.311,11.171,10.752
67.724,0.349,0.861,4.489,121.856,-1.47,-1.298,10.921,10.878,9.89,0.093,0.903,0.043931,4.195259840108496,10.949,10.904,9.941
38.445,-0.033,0.875,2.807,250.0,-1.522,0.539,11.398,11.395,9.094,0.005,0.877,0.06812,3.384068899855929,11.389,11.386,9.076
2.566,-2.968,1.228,6.858,250.0,-0.0,-1.593,12.041,11.593,11.85,0.644,1.676,0.038432,3.3098298287619174,11.801,11.494,11.506
49.413,0.436,0.716,5.022,104.966,-1.453,-1.169,11.023,10.872,10.489,0.293,0.867,0.046648,4.3909399106043505,10.989,10.847,10.432
41.405,-2.831,0.816,3.999,196.454,-1.521,-0.981,11.208,11.151,10.294,0.122,0.873,0.014503,11.943998589639868,11.143,11.09,10.199
56.858,-0.167,0.517,5.051,67.174,-0.496,-0.921,10.69,10.678,9.121,0.027,0.528,0.021566,8.128245202537794,10.691,10.679,9.124
2.699,-0.177,1.172,5.94,250.0,-0.293,-1.917,11.755,11.673,10.984,0.17,1.253,0.038732,2.911618526349771,11.664,11.61,10.721
44.461,0.105,0.698,4.398,250.0,-1.298,-0.646,11.227,11.187,10.156,0.085,0.737,0.045716,3.6928557176021064,11.22,11.181,10.138
73.101,0.11,0.757,4.971,76.426,-1.449,0.996,10.746,10.676,9.913,0.147,0.826,0.027695,5.929275342021044,10.811,10.729,10.043
77.602,0.282,0.832,4.738,128.829,-1.594,0.956,10.936,10.728,10.517,0.381,1.04,0.0488,7.395651976336213,11.154,10.924,10.768
9.346,0.341,0.191,6.743,63.096,-0.335,-1.411,11.355,10.599,11.271,0.825,0.947,0.026868,5.617808696565306,11.171,10.501,11.066
62.8,0.25,0.516,5.8,42.966,-1.486,-1.022,10.757,10.509,10.396,0.435,0.764,0.017047,6.578690901935796,10.746,10.502,10.378
77.738,0.592,0.874,5.73,229.21,-0.042,-1.035,11.018,10.965,10.071,0.113,0.926,0.02603,16.06072071865164,11.262,11.147,10.629
86.061,0.16,0.915,3.132,250.0,-0.806,0.494,11.265,11.263,8.148,0.001,0.916,0.036671,7.921096711244512,11.306,11.304,8.277
4.179,-1.156,0.815,4.15,250.0,-1.238,-2.366,11.268,11.245,9.963,0.05,0.837,0.023076,7.213193132417063,11.246,11.225,9.912
69.074,0.301,0.804,4.079,105.213,-1.176,-0.649,10.85,10.835,9.363,0.033,0.819,0.068404,6.829300991408144,10.864,10.849,9.39
41.219,-2.854,0.661,4.077,192.381,-1.438,1.155,11.158,11.112,10.158,0.1,0.707,0.018209,6.3970796703575585,11.118,11.075,10.092
36.525,0.251,0.681,3.878,250.0,-1.2,-1.039,11.229,11.22,9.52,0.02,0.69,0.045366,2.8807151598587053,11.174,11.166,9.413
67.256,0.584,0.914,6.462,104.792,-0.301,,10.885,10.841,9.856,0.094,0.957,0.041386,3.378716521931546,10.896,10.848,9.895
76.44,0.596,0.785,4.098,65.474,-0.263,-1.083,10.51,10.509,7.898,0.002,0.786,0.054843,7.086057496369589,10.671,10.669,8.296
21.656,-0.11,0.827,6.171,147.647,-0.218,0.586,11.055,11.004,10.097,0.11,0.877,0.04279,4.023689645167586,11.016,10.976,9.958
44.249,0.269,0.986,5.374,242.576,-0.668,1.002,11.223,11.185,10.139,0.083,1.024,0.045613,4.480475972001397,11.196,11.162,10.058
81.659,0.223,0.848,6.061,242.587,-0.132,-0.098,11.181,11.141,10.113,0.086,0.887,0.034622,8.236288072503394,11.218,11.168,10.247
63.36,0.58,0.881,5.637,250.0,-0.07,1.005,11.267,11.252,9.769,0.032,0.895,0.016558,13.9826027111165,11.302,11.285,9.889
84.188,0.124,0.9,4.136,250.0,-1.484,0.249,11.38,11.341,10.293,0.082,0.937,0.056853,4.331094043450376,11.412,11.37,10.358
25.739,0.641,0.764,5.159,190.179,-0.387,0.978,11.189,11.164,9.943,0.057,0.789,0.023778,7.635618922703366,11.092,11.075,9.671
86.055,-3.0,1.01,4.371,250.0,-1.6,-0.232,11.388,11.288,10.698,0.204,1.11,0.018636,3.0727654416527495,11.418,11.311,10.753
67.451,0.556,0.783,6.117,204.572,-0.093,1.067,11.1,11.057,10.06,0.091,0.825,0.036297,5.011253986473842,11.149,11.095,10.213
18.423,0.006,0.391,7.159,56.778,-0.0,-2.223,11.31,10.65,11.203,0.781,1.05,0.041531,4.30010583794712,11.102,10.585,10.945
22.811,0.031,0.935,6.022,250.0,-0.115,-0.305,11.873,11.808,11.005,0.136,0.999,0.047238,5.4151577894266385,11.834,11.781,10.884
80.104,0.214,0.883,5.718,250.0,-0.352,1.107,11.426,11.361,10.561,0.137,0.947,0.023955,8.213700799145036,11.477,11.395,10.706
74.73,0.016,0.821,5.276,250.0,-0.254,0.135,11.377,11.352,10.121,0.055,0.846,0.035092,4.988410655865121,11.403,11.373,10.223
2.851,-0.065,0.726,4.951,250.0,-1.397,1.546,12.122,11.529,11.993,0.744,1.319,0.012985,10.23937377409538,12.02,11.467,11.877
80.043,-3.0,1.089,4.492,250.0,-1.6,0.126,12.197,12.048,11.659,0.29,1.238,0.018048,14.039429922452314,12.22,12.062,11.701
85.581,0.208,0.559,5.322,81.202,-1.6,0.252,11.003,10.726,10.676,0.471,0.836,0.02834,4.2179314269799395,11.043,10.751,10.731
18.226,-1.009,0.114,6.459,59.471,-1.168,-0.972,12.007,10.721,11.984,0.948,1.399,0.003681,18.383223927016953,11.886,10.632,11.861
86.222,-0.887,1.104,5.635,250.0,-0.0,0.817,11.397,11.382,9.914,0.033,1.119,0.001165,5.308779505474892,11.463,11.446,10.051
57.08,0.142,0.667,5.594,89.806,-0.844,0.953,10.866,10.791,10.067,0.159,0.742,0.024754,4.889984176357259,10.865,10.79,10.064
62.869,0.144,0.736,3.809,130.451,-1.441,-1.006,10.909,10.894,9.448,0.035,0.751,0.020744,9.099646208363293,10.949,10.933,9.505
74.993,0.611,0.842,4.52,87.875,-1.283,-1.046,10.622,10.591,9.463,0.069,0.873,0.020398,9.51134523030938,10.818,10.783,9.715
19.277,0.015,0.719,6.04,250.0,-0.164,-0.827,11.29,11.214,10.488,0.158,0.794,0.023017,10.767868360845572,11.251,11.192,10.351
18.262,0.524,0.508,5.88,177.409,-0.482,1.409,11.735,11.156,11.602,0.736,1.086,0.043225,10.851936270664044,11.509,11.041,11.328
80.819,0.179,0.664,4.579,108.093,-1.244,0.416,10.853,10.833,9.487,0.043,0.683,0.016425,5.099179823524838,10.883,10.861,9.557
82.921,0.339,0.551,6.534,171.121,-0.014,0.815,11.018,10.992,9.751,0.054,0.575,0.035101,5.801700605792027,11.072,11.037,9.942
56.711,-0.257,0.27,5.559,47.41,-1.509,-0.972,11.068,10.544,10.914,0.701,0.795,0.014739,17.938475606663758,11.066,10.542,10.912
59.338,0.148,0.848,6.183,250.0,-0.0,,11.498,11.415,10.737,0.173,0.93,0.042365,5.724308498208711,11.496,11.413,10.73
2.714,-0.16,0.884,4.557,250.0,-1.519,0.95,11.684,11.515,11.193,0.323,1.053,0.032388,6.28639651717649,11.609,11.467,11.055
25.748,0.149,0.979,7.079,250.0,-0.093,-0.928,11.708,11.497,11.295,0.386,1.191,0.02388,10.836428426046458,11.539,11.395,10.99
80.043,0.014,0.82,4.699,250.0,-1.6,3.031,11.939,11.607,11.665,0.533,1.151,0.037245,7.763280765751876,11.949,11.614,11.679
82.929,0.089,0.535,4.591,174.099,-1.047,1.143,11.033,11.018,9.553,0.033,0.55,0.060599,2.7799494720855145,11.048,11.031,9.592
50.108,0.324,0.611,4.56,250.0,-1.599,-0.173,11.658,11.281,11.42,0.579,0.987,0.033417,10.988505569498043,11.647,11.274,11.408
18.3,0.575,-0.401,6.057,85.518,-1.18,1.231,12.002,10.506,11.988,0.968,1.095,0.011395,12.102466472444055,11.82,10.402,11.803
36.728,0.028,0.806,5.619,60.849,-1.062,-0.878,10.805,10.705,10.119,0.206,0.906,0.031392,5.2404466655181725,10.725,10.641,9.967
77.052,0.404,0.482,6.275,67.311,-0.51,1.383,10.688,10.624,9.815,0.134,0.544,0.013469,5.302579501553568,10.767,10.68,10.02
31.709,-0.353,0.989,5.451,250.0,-0.71,0.955,11.331,11.256,10.53,0.158,1.063,0.03699,5.430755528379056,11.24,11.184,10.322
56.539,0.303,0.53,6.014,97.281,-0.001,-1.661,10.834,10.812,9.514,0.048,0.551,0.038835,3.90930267350955,10.842,10.818,9.554
68.619,-1.45,1.063,4.829,250.0,-0.629,0.164,11.684,11.671,10.098,0.026,1.075,0.019156,6.282653744226475,11.693,11.679,10.138
29.388,0.35,0.718,4.838,250.0,-1.264,-5.85,11.53,11.361,11.036,0.321,0.886,0.033086,8.494106987340027,11.517,11.353,11.014
20.852,0.38,0.963,5.456,250.0,-0.561,-0.184,11.265,11.232,10.111,0.07,0.994,0.050936,3.914553886092346,11.218,11.192,9.965
39.215,-0.294,0.773,4.707,250.0,-1.6,0.234,12.137,11.574,11.998,0.726,1.336,0.001939,20.24611141275148,12.175,11.596,12.042
56.606,0.428,0.496,5.439,56.569,-1.472,1.024,10.958,10.615,10.695,0.546,0.839,0.036187,7.129898317132955,10.956,10.613,10.693
85.032,0.012,0.833,5.546,250.0,-0.419,0.749,11.215,11.18,10.085,0.074,0.866,0.017105,11.404172184479052,11.241,11.202,10.168
77.887,0.064,0.75,4.611,118.571,-1.46,-1.004,10.819,10.763,9.899,0.12,0.806,0.038124,4.702003320599651,10.962,10.893,10.127
33.136,0.066,0.803,3.137,250.0,-1.567,0.442,11.331,11.323,9.526,0.016,0.809,0.039847,5.710003512845479,11.322,11.314,9.508
21.551,0.088,0.785,4.094,250.0,-0.837,-0.336,11.293,11.288,9.31,0.01,0.789,0.035232,5.483707242481915,11.254,11.249,9.19
31.685,0.031,0.883,2.889,250.0,-0.655,0.919,11.691,11.691,8.684,0.001,0.883,0.023479,13.13254053269218,11.601,11.6,8.475
80.621,0.293,0.688,6.689,51.339,-0.217,-1.073,10.555,10.531,9.271,0.052,0.711,0.021203,3.631263820908708,10.605,10.574,9.434
2.568,-2.465,1.155,5.473,81.12,-1.567,-2.07,11.038,10.839,10.605,0.368,1.354,0.038344,3.122008312916306,10.92,10.752,10.425
18.262,0.656,0.822,6.752,42.004,-0.454,0.617,10.683,10.575,10.025,0.22,0.93,0.054414,2.303405418184973,10.564,10.494,9.74
6.015,-0.383,0.353,6.879,86.169,-0.401,-1.596,12.067,10.876,12.039,0.936,1.545,0.027683,12.0270434014164,11.865,10.774,11.828
52.858,0.452,0.816,3.785,122.275,-1.569,0.979,10.94,10.925,9.47,0.034,0.831,0.040227,4.515972692551378,10.92,10.905,9.441
62.721,0.58,0.584,5.653,87.454,-0.504,1.026,10.793,10.727,9.941,0.14,0.65,0.03631,5.038508042268567,10.85,10.778,10.033
45.327,0.614,0.717,6.058,47.24,-0.758,-0.974,10.692,10.584,10.035,0.22,0.825,0.022895,6.653560376054727,10.634,10.54,9.922
18.209,0.01,0.625,4.569,250.0,-1.6,-2.277,11.481,11.237,11.114,0.43,0.869,0.02501,7.266481013521741,11.427,11.206,11.025
83.682,-0.424,0.891,3.893,250.0,-0.995,-0.148,11.502,11.493,9.778,0.019,0.899,0.039989,9.12202210904212,11.53,11.52,9.866
85.902,0.222,0.74,4.735,165.317,-0.56,1.113,10.939,10.935,8.85,0.008,0.744,0.051267,3.8707256125242337,11.022,11.016,9.149
81.867,0.166,0.729,5.451,191.521,-0.159,0.564,11.06,11.053,9.21,0.014,0.736,0.048958,3.687496261574589,11.078,11.07,9.296
45.295,0.174,0.672,4.979,199.296,-1.555,-0.961,11.361,11.149,10.948,0.386,0.884,0.011752,16.577139549884247,11.303,11.102,10.869
2.566,-2.789,1.047,4.876,219.223,-1.599,3.669,11.476,11.213,11.133,0.454,1.309,0.039998,2.776632187900039,11.35,11.125,10.958
62.721,0.193,0.721,4.837,179.724,-0.886,-0.988,11.07,11.018,10.122,0.113,0.773,0.042088,5.879917698823126,11.101,11.045,10.184
3.155,-0.577,0.739,4.83,250.0,-1.599,-1.184,11.656,11.345,11.364,0.511,1.05,0.007027,14.59470189118798,11.606,11.313,11.295
65.187,-0.036,0.973,3.5,250.0,-1.437,0.194,11.451,11.443,9.603,0.014,0.979,0.054773,4.172747849131358,11.46,11.452,9.624
48.147,0.218,0.642,4.665,140.574,-0.927,1.196,10.98,10.961,9.592,0.041,0.66,0.053345,3.9978811792192346,10.973,10.955,9.572
67.508,0.092,0.841,4.671,250.0,-0.594,0.747,11.201,11.196,9.197,0.01,0.845,0.046512,3.704729828265777,11.211,11.206,9.232
4.68,-1.122,0.909,4.163,250.0,-1.169,-1.629,11.446,11.427,10.065,0.042,0.927,0.006754,3.041353100190945,11.428,11.411,10.018
71.122,0.021,0.797,2.98,250.0,-1.09,0.435,11.408,11.406,8.684,0.002,0.798,0.059013,3.6744352143670063,11.416,11.414,8.707
25.838,0.307,0.607,6.329,45.854,-0.2,-0.963,10.835,10.617,10.43,0.394,0.824,0.048511,5.881621605571559,10.658,10.491,10.161
24.236,0.547,0.598,4.979,133.642,-1.046,1.4,11.049,10.989,10.163,0.13,0.659,0.043344,4.054380440461638,10.985,10.936,10.012
78.603,0.523,0.875,3.906,71.674,-1.428,-0.964,10.538,10.523,9.082,0.035,0.89,0.044165,8.754372698683676,10.723,10.704,9.348
3.438,0.001,0.789,4.831,202.277,-1.597,10.698,11.407,11.098,11.112,0.508,1.097,0.009406,3.9816067920275726,11.379,11.087,11.067
2.751,-2.202,1.028,5.25,41.746,-1.359,-3.241,10.603,10.546,9.688,0.122,1.085,0.084959,2.648693438391436,10.538,10.491,9.543
18.323,-2.996,0.963,6.295,35.925,-0.851,0.848,10.971,10.535,10.772,0.633,1.399,0.030786,12.793891344517313,10.793,10.424,10.551
85.23,0.172,0.834,6.815,250.0,-0.0,-0.19,11.664,11.462,11.232,0.37,1.035,0.009761,20.302520336540812,11.728,11.494,11.346
49.132,0.271,0.64,5.298,78.355,-1.6,1.224,10.953,10.745,10.531,0.379,0.847,0.01372,6.608454826027185,10.943,10.739,10.515
66.065,0.574,0.94,3.151,250.0,-1.56,-1.115,11.529,11.519,9.864,0.022,0.95,0.048792,6.915880773170832,11.592,11.582,9.95
55.417,0.012,0.703,2.974,205.708,-1.592,0.273,11.098,11.093,9.088,0.01,0.707,0.051164,3.990331168658515,11.1,11.095,9.093
40.805,-1.222,1.091,4.208,250.0,-0.254,1.219,11.673,11.658,10.205,0.034,1.106,0.006484,22.037556911862495,11.691,11.675,10.25
31.918,0.023,0.825,5.063,250.0,-0.245,0.328,11.464,11.453,9.844,0.024,0.835,0.068055,4.198842203851767,11.453,11.443,9.801
60.626,0.49,0.616,6.437,55.814,-0.252,-0.982,10.627,10.588,9.549,0.084,0.654,0.022074,4.489099400240834,10.649,10.607,9.607
51.346,0.229,0.785,4.927,250.0,-1.432,-1.002,11.478,11.294,11.009,0.341,0.966,0.015176,8.01402284594582,11.475,11.293,11.004
85.069,-0.952,0.804,3.52,55.482,-1.468,0.543,10.539,10.537,7.701,0.001,0.805,0.042562,1.993888207011525,10.607,10.605,7.856
83.313,0.165,1.024,4.121,250.0,-1.238,-0.312,11.662,11.645,10.208,0.035,1.04,0.063522,5.615561604265122,11.674,11.656,10.241
26.919,0.375,0.764,4.066,250.0,-1.6,-1.182,11.374,11.299,10.569,0.157,0.838,0.027113,8.933995644329734,11.347,11.277,10.518
65.854,0.593,0.738,5.251,145.553,-0.53,-0.959,10.964,10.917,9.974,0.102,0.784,0.034271,6.538245170179345,11.025,10.969,10.112
31.971,0.009,0.781,4.688,250.0,-1.266,23.714,11.609,11.473,11.035,0.267,0.915,0.025116,10.480341403044802,11.613,11.476,11.044
78.281,0.357,0.701,4.88,119.919,-1.563,-1.043,10.99,10.777,10.578,0.388,0.914,0.025771,10.51403251730405,11.142,10.901,10.77
2.566,-0.623,1.355,6.842,250.0,-0.279,0.758,12.253,11.585,12.148,0.785,2.022,0.022654,6.487374069960882,12.002,11.513,11.832
2.641,-0.141,0.994,5.393,250.0,-0.638,-0.836,12.013,11.838,11.534,0.332,1.169,0.084677,4.594617844260408,11.898,11.773,11.296
85.391,0.335,1.057,2.746,250.0,-1.41,-1.153,11.329,11.328,8.59,0.002,1.058,0.058156,4.545102476317786,11.412,11.41,8.756
27.384,0.555,0.593,5.19,113.752,-0.154,1.422,10.932,10.913,9.567,0.043,0.612,0.047485,5.283058440534323,10.89,10.876,9.378
35.73,0.383,0.767,6.355,52.46,-0.407,1.168,10.637,10.606,9.465,0.067,0.797,0.054911,2.376060222780683,10.609,10.583,9.357
20.877,-0.479,0.969,5.522,250.0,-0.088,0.224,11.801,11.778,10.501,0.05,0.991,0.070782,4.420494472354847,11.756,11.739,10.332
80.973,0.124,0.829,5.118,185.029,-0.226,0.157,11.06,11.055,9.009,0.009,0.833,0.046877,7.128802900710852,11.072,11.067,9.058
2.591,-1.104,0.884,5.291,250.0,-1.236,0.593,11.559,11.285,11.228,0.467,1.158,0.040169,2.8406750904291727,11.431,11.218,11.02
63.761,0.397,0.874,4.984,250.0,-0.55,0.997,11.349,11.335,9.809,0.029,0.887,0.020545,10.067375624643704,11.384,11.369,9.902
54.111,-0.284,0.856,3.228,83.122,-1.222,0.329,10.771,10.77,8.204,0.003,0.857,0.037836,7.944649422590356,10.763,10.761,8.182
22.367,-0.018,0.591,4.764,250.0,-1.6,0.564,11.749,11.285,11.566,0.656,1.054,0.042539,7.419306690103528,11.708,11.265,11.514
66.896,0.235,0.655,4.886,200.972,-1.354,0.986,11.245,11.068,10.769,0.334,0.831,0.018955,8.851670297547939,11.284,11.096,10.828
2.591,-1.148,1.115,5.092,250.0,-1.531,-0.563,12.314,11.885,12.111,0.627,1.544,0.015863,4.737336867426566,12.183,11.811,11.943
19.299,-2.995,0.933,4.841,250.0,-1.57,0.531,11.562,11.41,11.029,0.293,1.084,0.030609,2.7654854443120693,11.483,11.349,10.905
5.006,0.002,0.647,4.617,250.0,-1.6,-2.082,11.943,11.61,11.671,0.535,0.98,0.013745,22.588172796980647,11.937,11.605,11.664
61.437,-0.051,0.57,5.569,178.363,-0.635,-0.385,11.132,11.044,10.39,0.182,0.657,0.014583,8.561815915898599,11.144,11.051,10.426
57.187,-0.321,0.461,5.045,77.877,-1.596,0.956,11.057,10.734,10.777,0.525,0.784,0.035523,7.529711425841773,11.058,10.735,10.779
66.314,0.131,0.824,5.856,127.217,-0.286,-0.795,10.939,10.914,9.666,0.053,0.848,0.003082,7.946274131640499,10.952,10.925,9.719
25.45,0.191,0.782,5.383,95.202,-1.291,5.236,10.933,10.812,10.317,0.242,0.902,0.035059,6.25688750360224,10.936,10.814,10.321
2.603,-1.531,1.046,5.822,250.0,-0.727,-1.276,11.784,11.473,11.493,0.511,1.357,0.01359,13.34206702975349,11.626,11.4,11.233
2.608,-1.112,1.219,5.946,250.0,-0.802,0.928,12.12,11.814,11.823,0.505,1.524,0.025518,4.508424244506026,11.971,11.746,11.577
76.061,0.037,0.877,4.2,250.0,-1.467,-0.462,11.701,11.645,10.776,0.119,0.932,0.044889,6.761424220724348,11.718,11.659,10.809
31.616,0.216,0.761,5.475,65.947,-1.198,0.992,10.757,10.689,9.911,0.143,0.827,0.030746,5.527529778965562,10.734,10.672,9.851
74.656,0.276,0.903,3.817,250.0,-0.645,1.186,11.323,11.32,8.766,0.003,0.905,0.043823,5.4632840240446265,11.341,11.339,8.827
81.667,-1.731,0.934,2.756,156.163,-1.171,-0.92,10.823,10.822,8.11,0.002,0.935,0.051114,8.625196184166066,10.998,10.997,8.502
81.459,-0.151,0.744,4.573,235.893,-1.367,0.262,11.243,11.144,10.548,0.202,0.842,0.017231,10.935774466747384,11.266,11.16,10.597
36.679,-0.457,0.668,5.115,65.502,-1.514,-1.007,10.801,10.717,10.047,0.176,0.753,0.038943,2.9832297983553437,10.744,10.669,9.941
41.572,0.282,0.587,5.45,74.479,-1.56,1.172,11.007,10.727,10.683,0.474,0.866,0.052737,3.9254756510219586,10.995,10.718,10.666
20.951,-2.442,0.632,4.14,250.0,-0.428,0.66,11.33,11.327,8.951,0.004,0.634,0.021971,8.855895506471239,11.332,11.329,8.96
79.457,0.385,1.057,3.943,174.389,-0.913,1.135,10.883,10.878,8.893,0.01,1.061,0.041644,7.332787979333197,11.046,11.039,9.258
12.512,-0.856,0.864,3.854,250.0,-0.631,0.785,11.599,11.596,9.266,0.005,0.866,0.021208,5.778840467714492,11.596,11.593,9.258
62.723,-0.629,0.821,4.179,250.0,-0.614,0.995,11.15,11.145,9.196,0.011,0.826,0.037674,5.969570569981619,11.193,11.187,9.288
85.4,0.294,0.786,5.866,250.0,-0.209,0.812,11.317,11.288,10.1,0.061,0.813,0.018328,11.09170001362562,11.368,11.329,10.286
37.51,0.043,0.867,3.849,250.0,-1.533,-0.547,11.401,11.375,10.153,0.057,0.892,0.057615,3.922678850515762,11.373,11.349,10.092
56.247,0.585,0.229,4.901,108.204,-1.6,0.57,11.123,10.839,10.805,0.48,0.513,0.060738,3.723556529299566,11.139,10.851,10.824
66.058,-0.24,0.848,3.057,219.962,-1.279,-1.043,11.072,11.07,8.585,0.003,0.849,0.044097,3.887429667315632,11.124,11.122,8.67
2.566,-2.627,1.159,5.683,250.0,-1.446,-1.55,12.204,11.539,12.098,0.783,1.824,0.016752,8.110081886921975,12.04,11.466,11.905
28.163,-0.168,0.827,5.784,97.648,-0.467,-0.847,10.864,10.835,9.665,0.063,0.856,0.028272,5.6815711752585685,10.85,10.823,9.628
2.861,-0.299,0.981,6.245,250.0,-0.027,1.251,11.672,11.595,10.881,0.162,1.057,0.032508,2.9466005263121526,11.59,11.537,10.645
59.727,-0.794,0.703,4.332,43.62,-1.483,0.948,10.528,10.518,8.854,0.021,0.712,0.029031,4.850286544462287,10.517,10.508,8.835
26.277,0.072,0.841,4.697,250.0,-0.478,-2.462,11.337,11.326,9.701,0.023,0.851,0.070808,4.479141772919001,11.332,11.322,9.685
63.699,0.461,0.674,5.311,142.792,-1.326,-2.304,11.153,10.951,10.722,0.371,0.876,0.002094,3.175230693048914,11.164,10.958,10.738
79.838,0.422,0.494,6.234,66.06,-0.943,,10.94,10.671,10.604,0.461,0.763,0.01769,5.53023271566831,10.945,10.673,10.611
2.566,-0.384,1.132,6.537,109.159,-0.134,1.814,11.121,10.929,10.673,0.356,1.323,0.051173,2.322480581239709,10.979,10.864,10.345
56.205,0.466,0.753,4.511,250.0,-0.782,-1.156,11.298,11.282,9.848,0.036,0.769,0.026713,6.591025092398289,11.302,11.285,9.857
29.353,-0.003,0.364,3.539,140.635,-1.186,-7.345,10.952,10.939,9.403,0.028,0.377,0.072124,6.160317053187864,10.961,10.948,9.423
2.6,-0.44,0.932,4.691,250.0,-1.588,0.882,11.67,11.368,11.37,0.501,1.234,0.054069,4.326977722544069,11.551,11.291,11.203
84.615,0.285,0.961,3.55,250.0,-0.734,-0.408,11.561,11.559,8.855,0.002,0.962,0.051186,7.685016717599046,11.601,11.599,8.983
59.553,-0.016,0.834,3.639,209.223,-1.139,-0.945,11.112,11.109,8.989,0.008,0.837,0.043891,3.948698407486897,11.108,11.104,8.979
78.296,0.277,0.716,6.169,61.545,-0.312,-1.041,10.579,10.56,9.199,0.042,0.734,0.025211,6.137817885394176,10.681,10.645,9.569
41.141,0.555,0.703,5.006,119.417,-0.925,1.012,11.014,10.958,10.1,0.122,0.76,0.03857,5.209564457669885,10.944,10.896,9.962
2.574,-1.294,1.184,5.381,250.0,-1.251,-1.044,11.956,11.5,11.769,0.65,1.64,0.037022,5.491542803360199,11.798,11.428,11.557
44.793,0.446,0.539,4.465,230.603,-1.506,1.031,11.322,11.173,10.785,0.29,0.687,0.019085,13.391315931062094,11.295,11.153,10.74
2.777,-2.644,1.043,3.955,190.829,-1.398,1.623,11.155,11.129,9.906,0.056,1.068,0.047695,4.633200306494989,11.095,11.074,9.766
71.918,0.357,0.91,4.235,250.0,-1.499,0.877,11.507,11.445,10.621,0.13,0.971,0.030036,11.746846163212822,11.555,11.484,10.726
86.191,0.243,0.83,4.712,250.0,-1.539,0.23,11.667,11.387,11.341,0.474,1.109,8.9e-05,7.638549295405636,11.729,11.425,11.429
80.043,0.024,0.566,5.232,128.643,-1.6,-20.953,11.657,10.845,11.584,0.846,1.378,0.005383,8.506519351188192,11.654,10.842,11.581
56.29,-0.888,0.858,2.558,250.0,-1.551,-0.938,11.443,11.44,9.172,0.005,0.86,0.011778,20.27571739108338,11.44,11.437,9.168
53.754,0.422,0.576,4.97,61.139,-1.162,1.202,10.666,10.644,9.361,0.05,0.598,0.046401,2.9135487803162987,10.665,10.643,9.36
58.344,0.492,0.388,5.457,56.445,-1.377,0.996,10.823,10.604,10.42,0.395,0.607,0.021561,7.687219978675656,10.831,10.612,10.43
56.204,0.05,0.803,4.078,250.0,-1.555,1.124,11.511,11.456,10.579,0.117,0.857,0.038552,6.094306488020253,11.516,11.46,10.586
2.665,-2.301,0.943,4.891,250.0,-1.546,-1.464,11.856,11.631,11.461,0.403,1.167,0.030485,2.4821419025833213,11.755,11.563,11.307
24.716,0.038,0.817,4.464,152.527,-1.354,1.997,11.053,10.992,10.164,0.129,0.877,0.030818,10.012993035812013,11.054,10.993,10.168
2.601,-1.458,0.69,4.88,250.0,-1.499,0.779,11.84,11.407,11.639,0.631,1.122,0.022811,5.929350964896549,11.709,11.336,11.469
56.416,0.602,0.662,5.647,104.665,-0.573,-1.038,10.897,10.849,9.919,0.105,0.71,0.021021,7.56662245231706,10.898,10.85,9.923
79.933,0.192,1.022,3.303,250.0,-1.516,0.743,11.368,11.361,9.317,0.009,1.026,0.054833,3.681002760076268,11.386,11.378,9.357
86.055,0.203,0.812,4.897,250.0,-1.257,0.317,12.026,11.823,11.598,0.373,1.015,0.037037,12.188685755683489,12.076,11.856,11.675
69.419,0.126,0.963,5.488,250.0,-0.299,-1.696,11.288,11.261,10.057,0.059,0.989,0.033642,5.890134474320165,11.299,11.271,10.09
18.336,-1.862,0.995,2.57,250.0,-1.6,-0.293,11.546,11.543,9.351,0.006,0.998,0.062502,5.76485812646832,11.569,11.565,9.421
78.38,0.219,0.741,3.105,202.999,-1.376,1.019,10.981,10.978,8.849,0.007,0.744,0.043679,5.371037238956773,11.095,11.091,9.068
31.746,-2.975,0.737,4.434,210.689,-1.55,-1.389,11.329,11.125,10.904,0.375,0.942,0.01689,10.906491668580257,11.311,11.112,10.874
46.605,0.462,0.624,6.387,39.3,-0.411,-1.126,10.594,10.508,9.844,0.178,0.709,0.049803,3.252399319547965,10.541,10.466,9.738
18.252,-1.485,0.969,3.987,250.0,-0.474,0.29,11.806,11.804,9.245,0.003,0.971,0.032935,6.217235620307235,11.798,11.795,9.207
19.039,0.435,1.055,4.541,250.0,-1.237,0.579,11.635,11.6,10.504,0.074,1.089,0.045832,5.362707398043061,11.598,11.57,10.385
3.488,-0.041,0.916,4.866,250.0,-1.285,-3.245,11.609,11.505,10.926,0.209,1.018,0.032607,7.214257355108278,11.572,11.479,10.848
58.66,-2.57,0.76,3.559,56.004,-1.097,0.991,10.518,10.515,8.268,0.006,0.763,0.029716,7.159015582266586,10.612,10.609,8.382
75.806,0.174,0.656,6.462,68.433,-0.466,-1.161,10.718,10.675,9.681,0.092,0.698,0.017489,3.502147896800104,10.733,10.686,9.734
64.005,0.119,0.534,4.661,119.757,-1.228,1.002,10.916,10.886,9.722,0.064,0.563,0.041603,3.38380095541266,10.926,10.895,9.749
31.18,-0.087,0.306,5.491,154.291,-0.71,-0.432,11.118,11.006,10.472,0.226,0.417,0.013506,5.387126490047865,11.093,10.99,10.416
77.763,0.175,0.856,5.469,250.0,-0.458,0.823,11.53,11.494,10.421,0.078,0.891,0.031152,7.390203305803439,11.557,11.516,10.508
57.099,0.084,0.719,5.334,250.0,-0.181,-1.133,11.282,11.269,9.728,0.028,0.731,0.052327,3.861953705780893,11.29,11.277,9.76
18.303,0.571,0.161,5.05,77.088,-1.6,-2.398,11.056,10.733,10.776,0.524,0.484,0.041724,4.818362730611284,10.977,10.671,10.681
2.566,0.353,1.296,3.368,250.0,-0.776,1.123,11.612,11.608,9.559,0.009,1.3,0.042041,8.951362289146605,11.541,11.539,9.303
61.557,0.365,0.831,4.551,250.0,-1.357,1.074,11.441,11.329,10.797,0.227,0.943,0.023902,9.61879367944771,11.466,11.348,10.84
68.521,0.101,0.814,3.678,115.356,-1.395,-1.052,10.858,10.854,8.775,0.008,0.817,0.046325,3.502689463389405,10.888,10.884,8.836
2.566,-1.347,0.58,5.405,68.192,-1.399,3.521,11.102,10.767,10.833,0.538,0.915,0.031124,4.8199456209641856,10.968,10.685,10.647
86.531,0.148,0.751,4.465,248.937,-1.004,0.777,11.196,11.164,10.041,0.07,0.783,0.038657,8.624253292803425,11.21,11.176,10.083
72.17,-0.051,0.668,5.452,61.536,-0.522,-0.986,10.589,10.571,9.193,0.04,0.686,0.028854,6.6367675633865115,10.671,10.645,9.422
2.566,-2.772,1.014,5.33,113.494,-1.599,-4.059,11.414,10.976,11.217,0.635,1.452,0.027881,5.415938822843318,11.272,10.881,11.045
57.496,-0.355,0.969,2.691,250.0,-1.428,-0.507,11.462,11.461,8.856,0.002,0.97,0.051338,2.921324533476731,11.47,11.468,8.873
41.969,-0.46,0.387,5.008,68.702,-1.577,-0.974,10.889,10.729,10.378,0.309,0.547,0.018063,7.795423128230838,10.838,10.688,10.304
64.482,0.292,0.156,5.603,48.272,-1.52,-0.944,10.789,10.535,10.434,0.442,0.41,0.027763,3.1699629525653035,10.807,10.547,10.46
61.736,0.359,0.799,3.416,250.0,-1.543,1.143,11.252,11.242,9.584,0.022,0.808,0.033423,5.576445351668959,11.27,11.26,9.62
29.087,-0.6,0.916,4.717,250.0,-1.551,0.154,11.645,11.45,11.203,0.361,1.111,0.051874,3.942283456016054,11.596,11.416,11.126
24.437,-2.939,0.333,3.503,89.548,-0.769,-1.296,10.772,10.769,8.59,0.007,0.336,0.02832,12.500089241994662,10.793,10.789,8.665
67.77,0.255,0.808,2.94,250.0,-0.908,1.274,11.292,11.287,7.995,0.001,0.808,0.022189,12.952555257330934,11.307,11.303,8.044
84.745,-0.052,0.76,4.901,250.0,-0.611,0.258,11.245,11.219,9.999,0.057,0.785,0.052854,4.295589452331282,11.258,11.231,10.042
34.664,0.039,0.757,3.45,44.296,-1.59,-2.55,10.511,10.509,8.097,0.004,0.758,0.057034,3.4728418742347804,10.518,10.516,8.112
4.023,-0.019,0.763,4.715,250.0,-1.088,6.201,11.382,11.281,10.696,0.206,0.863,0.035865,8.256576819445632,11.35,11.257,10.631
73.953,-0.402,0.914,3.782,135.845,-1.288,-0.648,10.925,10.92,8.893,0.009,0.918,0.01848,3.805320539651046,10.95,10.945,8.957
70.027,0.434,0.778,5.873,103.837,-0.072,1.054,10.807,10.791,9.36,0.036,0.794,0.038923,4.631042804581464,10.867,10.844,9.57
75.095,-0.9,0.918,3.283,250.0,-1.474,-0.37,11.42,11.413,9.591,0.015,0.925,0.044425,4.773378208104393,11.439,11.431,9.635
80.865,0.3,1.008,4.257,250.0,-0.96,4.868,11.478,11.468,9.777,0.02,1.016,0.043412,6.772764096405996,11.491,11.48,9.819
86.357,0.346,0.689,5.359,250.0,-0.864,1.174,11.239,11.128,10.587,0.223,0.799,0.027523,5.4271782631849526,11.321,11.193,10.724
52.692,-1.071,0.542,6.519,76.406,-0.064,-1.027,11.038,10.745,10.729,0.491,0.835,0.011016,12.667253351548547,11.01,10.729,10.687
41.211,-0.038,0.858,4.235,250.0,-1.468,-0.69,11.548,11.493,10.614,0.117,0.911,0.04097,5.492481087182714,11.549,11.494,10.617
49.32,0.524,0.653,3.661,46.373,-1.255,0.952,10.57,10.568,8.221,0.004,0.655,0.041247,4.179245695951099,10.537,10.535,8.161
2.585,-1.786,1.092,5.453,250.0,-1.283,-0.613,12.019,11.617,11.799,0.603,1.494,0.012585,8.770003812948344,11.871,11.545,11.594
44.571,-0.016,0.791,6.509,142.895,-0.31,1.108,11.052,10.974,10.258,0.161,0.868,0.011533,5.2583669070285035,11.042,10.968,10.23
84.02,-0.233,1.044,4.683,250.0,-1.599,0.292,11.877,11.664,11.462,0.386,1.256,0.028349,8.59439697758384,11.904,11.684,11.499
31.716,0.451,0.566,5.235,90.496,-1.59,-1.149,11.108,10.828,10.784,0.474,0.845,0.047099,4.0668697370745805,11.056,10.791,10.715
6.496,0.262,0.402,6.851,58.043,-0.098,2.408,10.976,10.673,10.677,0.502,0.704,0.03088,7.24350967711878,10.82,10.622,10.381
66.031,0.33,0.755,5.267,137.81,-0.666,-0.983,10.919,10.9,9.547,0.042,0.774,0.025828,6.980740795410139,10.979,10.955,9.701
39.215,-0.722,0.881,4.525,250.0,-1.6,-0.218,11.671,11.526,11.123,0.283,1.026,0.004908,4.2669546948469925,11.657,11.515,11.102
86.357,0.271,0.728,5.884,173.62,-0.0,-1.268,11.037,10.998,9.97,0.086,0.767,0.020094,11.612639395308287,11.092,11.043,10.12
70.215,0.104,0.58,3.393,60.534,-0.319,-1.117,10.591,10.59,7.755,0.001,0.581,0.060375,7.709398653752869,10.64,10.639,7.867
84.745,0.139,0.964,4.56,250.0,-1.251,-0.215,11.485,11.392,10.769,0.192,1.056,0.099611,5.140265100028128,11.516,11.417,10.824
48.954,0.036,0.848,4.673,118.381,-1.448,-0.988,10.939,10.903,9.828,0.078,0.883,0.046454,2.772424594200171,10.928,10.893,9.807
49.067,0.643,1.088,4.207,250.0,-0.603,1.016,11.645,11.64,9.752,0.013,1.093,0.120529,4.940423185846047,11.607,11.602,9.668
56.612,0.563,0.736,4.366,228.965,-0.749,1.107,11.134,11.128,9.237,0.013,0.742,0.050296,3.701395987842653,11.139,11.133,9.255
2.701,-1.491,0.944,6.094,126.076,-0.135,-2.104,11.035,10.987,10.052,0.104,0.991,0.043816,2.91033785091107,10.947,10.917,9.765
26.909,0.246,0.99,4.409,250.0,-0.928,0.335,11.569,11.557,9.99,0.026,1.001,0.035553,3.567322115787594,11.525,11.515,9.865
63.186,0.383,0.692,5.769,98.574,-0.332,-1.165,10.822,10.797,9.571,0.056,0.717,0.036249,4.146029611905678,10.854,10.824,9.675
84.048,0.121,0.763,6.133,112.6,-0.221,-0.943,10.88,10.854,9.629,0.056,0.788,0.037324,5.767316923405275,10.908,10.877,9.734
59.156,0.227,0.735,4.941,250.0,-1.335,-0.764,11.412,11.243,10.916,0.32,0.903,0.0165,5.93563912496715,11.428,11.253,10.946
22.797,0.03,0.832,5.131,250.0,-0.436,1.788,11.491,11.463,10.266,0.06,0.859,0.066828,4.673413909003753,11.465,11.441,10.183
42.69,-1.068,0.625,4.924,108.156,-0.347,0.977,10.901,10.894,9.106,0.016,0.632,0.027107,5.989458138670496,10.867,10.861,8.997
67.641,0.099,0.963,3.916,250.0,-1.6,-1.393,11.512,11.477,10.406,0.078,0.998,0.02647,5.849897384265748,11.511,11.475,10.403
15.279,-0.221,0.677,4.579,250.0,-1.351,-0.617,11.629,11.519,10.975,0.222,0.786,0.015632,15.7207322315331,11.634,11.522,10.985
4.184,-2.504,0.964,4.146,250.0,-1.32,0.842,11.692,11.662,10.51,0.066,0.994,0.018082,8.722791080501274,11.672,11.643,10.465
45.558,0.358,0.478,4.951,192.102,-1.599,-1.764,11.49,11.081,11.274,0.609,0.886,0.037673,6.207382764644801,11.477,11.072,11.259
73.373,0.107,0.83,5.215,250.0,-0.248,-0.331,11.546,11.522,10.279,0.054,0.854,0.034938,9.851424337780378,11.558,11.532,10.318
64.941,-0.05,0.736,3.776,164.269,-1.483,-1.015,10.987,10.965,9.676,0.049,0.758,0.034927,5.518162306431036,11.036,11.013,9.737
60.475,0.222,0.348,5.589,56.651,-1.6,0.927,10.988,10.609,10.752,0.582,0.726,0.013914,8.465512213831573,10.995,10.613,10.761
18.419,0.293,0.566,4.793,105.78,-1.287,-3.207,10.929,10.869,10.037,0.128,0.626,0.044267,4.358159844730087,10.906,10.85,9.986
41.153,0.398,0.61,5.123,46.73,-1.511,-0.872,10.719,10.566,10.192,0.297,0.764,0.034961,6.115783325778823,10.644,10.498,10.099
18.209,0.651,0.297,5.97,71.084,-1.395,1.028,11.702,10.827,11.64,0.867,1.172,0.006562,15.975204286410737,11.533,10.701,11.464
25.94,0.184,0.608,6.017,58.443,-1.6,-0.819,11.293,10.675,11.173,0.759,1.226,0.020741,6.578632814368157,11.181,10.625,11.038
39.411,0.001,0.688,5.041,250.0,-0.114,-4.713,11.245,11.235,9.57,0.021,0.697,0.030434,10.990532976483053,11.249,11.239,9.587
31.672,0.429,0.647,2.714,122.105,-1.245,1.139,10.948,10.947,7.901,0.001,0.647,0.022299,7.051567844276593,10.91,10.909,7.792
21.045,-0.262,0.769,4.835,119.003,-1.397,-0.468,11.016,10.932,10.259,0.175,0.852,0.026781,7.759682724204552,10.974,10.899,10.171
85.613,0.306,0.978,4.97,96.967,-0.965,1.062,10.784,10.771,9.216,0.027,0.99,0.044946,5.546045973728954,10.836,10.821,9.353
67.973,0.391,0.675,5.45,61.08,-0.608,1.151,10.648,10.586,9.773,0.133,0.737,0.035326,6.669017236366679,10.713,10.643,9.884
54.292,0.439,1.067,4.954,250.0,-0.774,-0.616,11.586,11.554,10.432,0.07,1.099,0.078706,4.105422535580985,11.579,11.548,10.418
46.42,0.35,0.768,5.076,69.013,-1.435,-1.089,10.751,10.713,9.657,0.081,0.804,0.031739,3.701994015773072,10.724,10.69,9.596
2.566,0.665,1.35,5.071,250.0,-0.0,-3.482,11.606,11.57,10.499,0.078,1.386,0.056528,5.313291428938562,11.514,11.494,10.17
63.069,0.441,0.801,5.511,250.0,-0.555,1.102,11.247,11.206,10.189,0.088,0.84,0.029039,6.72232731547837,11.268,11.223,10.246
85.3,0.518,0.91,5.832,87.79,-0.527,-1.045,10.648,10.577,9.823,0.15,0.98,0.046743,6.426237930659169,10.911,10.781,10.323
65.972,0.426,0.547,5.214,59.58,-1.565,-1.06,10.789,10.513,10.462,0.471,0.823,0.040602,6.268950928391239,10.856,10.571,10.537
50.073,0.167,0.373,5.288,47.817,-1.478,-0.879,10.76,10.516,10.393,0.43,0.617,0.024851,7.284860157266131,10.73,10.494,10.352
38.253,0.457,0.911,6.352,238.337,-0.0,1.046,11.212,11.185,9.996,0.061,0.938,0.03649,3.600760207741831,11.175,11.154,9.831
18.211,0.391,0.802,4.244,184.449,-1.516,-0.931,11.221,11.169,10.273,0.113,0.854,0.034744,4.0907857238827905,11.103,11.058,10.097
85.773,-0.053,0.762,5.164,89.907,-0.363,1.021,10.655,10.651,8.656,0.01,0.767,0.038006,4.170095644354914,10.798,10.789,9.088
53.429,0.008,0.733,4.744,250.0,-1.064,0.861,11.327,11.251,10.53,0.16,0.808,0.045647,4.5964420292026915,11.33,11.253,10.535
46.225,-0.049,0.321,5.21,89.55,-1.585,-1.005,11.272,10.846,11.068,0.625,0.747,0.028547,5.86439280462525,11.209,10.786,11.003
74.96,-1.895,0.707,4.603,212.919,-1.164,0.964,11.066,11.007,10.166,0.126,0.765,0.021772,9.383748335609235,11.195,11.117,10.412
55.602,-0.774,0.855,4.355,250.0,-1.496,-0.174,11.803,11.73,10.986,0.153,0.927,0.036183,5.447852451631896,11.804,11.731,10.988
22.229,0.031,0.629,4.621,118.124,-0.073,0.469,10.91,10.908,8.113,0.002,0.63,0.026776,6.759812943967583,10.898,10.896,8.058
85.847,-1.296,1.053,4.802,250.0,-1.049,-0.583,11.93,11.891,10.85,0.083,1.091,0.027059,5.838240036631149,11.966,11.923,10.933
31.598,-0.022,0.977,3.991,250.0,-1.482,0.422,11.454,11.429,10.194,0.055,1.001,0.036782,4.099172817219157,11.444,11.419,10.173
3.081,-1.022,1.022,3.953,250.0,-1.518,1.322,11.67,11.639,10.501,0.068,1.052,0.072424,3.327960425263239,11.626,11.598,10.41
84.088,0.197,0.946,5.626,250.0,-0.234,0.471,11.512,11.494,10.026,0.033,0.961,0.045905,10.112695862222354,11.533,11.513,10.127
53.005,-0.092,0.552,4.593,126.772,-1.6,-0.995,11.063,10.927,10.494,0.27,0.689,0.018903,9.215839189029596,11.058,10.922,10.486
63.82,0.193,0.869,2.821,220.297,-1.056,1.008,11.098,11.097,8.334,0.002,0.87,0.031644,8.721943796571864,11.132,11.13,8.407
84.745,0.133,0.837,5.647,230.645,-0.0,1.103,11.115,11.107,9.326,0.016,0.844,0.053245,2.381315848444542,11.131,11.122,9.389
46.341,0.548,0.639,5.405,52.776,-1.414,-1.027,10.769,10.631,10.203,0.272,0.777,0.036981,4.146457401832122,10.717,10.586,10.133
62.296,0.414,0.765,3.838,117.699,-1.462,-1.011,10.884,10.863,9.566,0.048,0.787,0.038084,7.239298846929153,10.913,10.891,9.612
82.799,0.071,0.812,5.736,250.0,-0.985,0.253,11.848,11.513,11.576,0.536,1.146,0.009213,6.821509705860515,11.861,11.521,11.594
18.256,0.493,0.305,6.343,59.917,-0.893,5.905,11.259,10.69,11.122,0.73,0.873,0.01834,8.955846441874938,11.169,10.635,11.018
84.15,0.184,0.788,3.904,130.946,-0.985,-0.623,10.911,10.906,8.847,0.009,0.792,0.03785,7.969492401924003,10.939,10.935,8.915
80.043,-0.122,0.823,6.282,250.0,-0.0,1.235,12.104,11.608,11.937,0.68,1.318,0.000594,23.250513650203978,12.158,11.63,12.005
80.637,0.049,0.858,5.404,250.0,-0.464,0.217,11.205,11.154,10.247,0.11,0.909,0.04139,6.079158055153425,11.24,11.18,10.347
59.558,-2.762,0.693,3.839,188.694,-0.464,-0.984,11.057,11.055,8.587,0.003,0.694,0.0197,10.551106097778774,11.075,11.073,8.649
36.787,0.577,0.641,6.058,105.194,-0.481,0.943,11.119,10.908,10.705,0.385,0.852,0.020522,8.72604978936825,11.015,10.851,10.513
84.745,-3.0,0.442,6.38,66.64,-0.0,-0.56,10.697,10.684,9.152,0.028,0.454,0.022356,1.799367170570745,10.689,10.676,9.123
85.543,-0.201,0.832,4.835,177.934,-0.729,-0.464,11.019,11.01,9.29,0.019,0.84,0.036252,3.200754843368497,11.052,11.042,9.392
41.472,0.524,0.628,3.8,250.0,-1.372,-0.883,11.309,11.289,9.958,0.045,0.648,0.036271,5.281279722177084,11.281,11.262,9.893
45.911,0.61,0.592,6.362,113.658,-0.079,-0.982,10.97,10.905,10.108,0.137,0.656,0.021173,6.355364730370775,10.933,10.881,9.983
57.671,0.514,0.548,4.388,80.902,-1.509,1.064,10.792,10.746,9.791,0.1,0.594,0.032227,5.062062065749747,10.795,10.749,9.795
85.001,0.294,0.842,4.647,189.937,-1.182,1.087,11.08,11.042,9.988,0.081,0.879,0.035246,7.81771155342382,11.121,11.077,10.098
41.682,0.05,0.447,5.006,114.734,-1.597,2.989,11.176,10.882,10.868,0.492,0.741,0.015981,9.593728523942714,11.18,10.884,10.872
52.489,0.474,0.384,5.646,79.327,-1.324,,11.075,10.736,10.808,0.541,0.722,0.038709,4.588897581207269,11.084,10.742,10.82
37.369,0.363,0.613,4.235,104.584,-1.531,-1.232,10.937,10.898,9.874,0.086,0.652,0.033848,5.017951533903633,10.883,10.846,9.791
18.213,0.609,0.967,6.136,250.0,-0.067,0.972,11.571,11.515,10.648,0.12,1.023,0.028929,5.540285138682415,11.466,11.434,10.31
82.696,0.162,0.507,4.939,250.0,-1.557,0.958,11.796,11.318,11.62,0.667,0.984,0.021665,4.756359393229804,11.801,11.321,11.625
86.698,-3.0,0.804,6.539,250.0,-0.0,0.987,11.535,11.267,11.197,0.459,1.072,0.008455,5.636430743019222,11.764,11.375,11.536
56.641,0.278,0.788,5.363,44.745,-1.361,0.926,10.561,10.518,9.524,0.092,0.83,0.032665,3.788476594814439,10.561,10.519,9.525
18.893,-2.57,0.577,4.576,179.391,-1.358,-0.864,11.195,11.119,10.399,0.16,0.653,0.012649,10.007657325151929,11.119,11.057,10.238
78.219,-0.33,0.887,4.869,52.614,-1.349,-0.996,10.559,10.517,9.522,0.092,0.929,0.051322,5.309340549173144,10.635,10.585,9.677
53.41,0.167,0.668,3.89,103.681,-0.906,-0.966,10.867,10.862,8.9,0.011,0.672,0.031449,6.301698155486933,10.848,10.843,8.864
82.941,0.064,0.889,5.138,250.0,-0.009,0.154,11.18,11.173,9.32,0.014,0.896,0.06131,5.940791984596769,11.21,11.202,9.45
18.21,0.413,0.932,5.533,250.0,-0.398,-1.058,11.807,11.699,11.149,0.22,1.04,0.072987,6.077247761166793,11.664,11.588,10.874
77.328,0.115,0.798,4.271,250.0,-1.192,0.305,11.341,11.319,10.026,0.048,0.819,0.045731,6.341035461706725,11.353,11.329,10.053
73.461,0.127,0.716,4.354,201.802,-1.066,-0.829,11.086,11.072,9.576,0.031,0.729,0.048872,3.879915127732051,11.104,11.089,9.623
2.635,-1.327,1.075,5.03,250.0,-1.46,-1.091,11.705,11.493,11.291,0.385,1.287,0.045894,3.060093993427984,11.612,11.438,11.129
31.829,0.604,0.945,5.89,250.0,-0.259,-0.909,11.352,11.318,10.229,0.075,0.979,0.055892,3.7631148118041104,11.28,11.256,9.986
50.318,0.165,0.647,4.438,231.002,-1.444,-1.176,11.289,11.157,10.704,0.261,0.778,0.036403,6.232266015127505,11.264,11.14,10.658
3.576,-1.873,0.939,3.563,250.0,-1.026,2.374,11.526,11.522,9.427,0.008,0.942,0.064833,3.6845354816511127,11.496,11.492,9.329
59.602,-1.245,0.702,2.453,194.629,-1.588,-1.005,11.069,11.067,8.717,0.004,0.704,0.020309,10.641547789550147,11.087,11.085,8.752
68.743,-0.329,0.684,4.56,212.966,-1.597,0.269,11.356,11.109,10.992,0.433,0.93,0.023789,12.91591067222846,11.371,11.12,11.013
64.044,0.565,0.474,5.232,87.429,-1.48,1.057,11.075,10.726,10.818,0.553,0.824,0.020093,10.560387467652207,11.133,10.78,10.878
25.757,-2.578,0.382,5.428,79.275,-1.414,-0.944,11.386,10.857,11.234,0.704,0.911,0.018916,12.74797414031879,11.242,10.743,11.077
81.484,0.478,0.487,5.38,73.168,-1.519,-0.977,10.942,10.59,10.687,0.556,0.839,0.016601,9.681051378850444,11.119,10.712,10.903
3.978,-0.136,0.877,6.263,250.0,-0.204,2.671,11.515,11.439,10.71,0.157,0.951,0.01311,6.844256739711671,11.488,11.422,10.621
65.998,0.39,0.688,6.522,52.069,-0.07,-1.067,10.632,10.544,9.894,0.183,0.775,0.022746,6.783683976661073,10.689,10.58,10.034
59.873,-0.171,0.772,2.936,215.902,-1.102,-1.049,11.132,11.131,8.34,0.002,0.772,0.033794,5.610606616886834,11.122,11.121,8.312
59.503,0.12,0.737,5.245,86.61,-1.291,0.621,10.846,10.769,10.05,0.16,0.813,0.022138,6.88683723516641,10.856,10.778,10.07
55.307,0.162,0.667,4.34,250.0,-1.487,-0.989,11.381,11.283,10.686,0.202,0.765,0.022664,7.585250114074399,11.375,11.278,10.675
53.279,0.02,0.724,5.211,44.968,-1.43,-1.004,10.601,10.533,9.758,0.144,0.791,0.056608,3.424095076998333,10.587,10.522,9.726
24.496,0.02,0.929,5.37,250.0,-0.419,-9.902,11.544,11.516,10.333,0.062,0.956,0.074967,3.7059675357918898,11.545,11.516,10.335
59.587,0.121,0.896,3.057,250.0,-0.688,1.003,11.559,11.558,8.929,0.002,0.897,0.029167,17.646703483089745,11.574,11.573,8.963
57.511,0.514,0.464,5.428,70.397,-1.295,1.066,10.9,10.694,10.477,0.378,0.67,0.02343,7.500029486584017,10.904,10.697,10.482
85.73,0.352,1.165,4.63,250.0,-0.486,-1.332,11.652,11.645,9.775,0.013,1.171,0.04326,9.145545945700674,11.718,11.71,9.953
58.809,0.376,0.719,5.242,168.154,-0.96,-1.041,11.097,11.023,10.292,0.157,0.793,0.019141,9.551217455012562,11.109,11.032,10.318
49.069,-0.497,0.754,5.233,250.0,-0.163,-1.048,11.304,11.275,10.105,0.063,0.782,0.024047,9.222899582700125,11.27,11.245,10.017
58.334,-0.021,0.677,4.757,184.895,-1.438,-0.554,11.199,11.049,10.662,0.291,0.826,0.021135,4.738549713710273,11.209,11.056,10.68
2.699,-1.16,1.154,6.545,147.856,-0.164,1.174,11.302,11.046,10.95,0.444,1.409,0.026912,7.497967236269085,11.159,10.983,10.682
67.516,0.252,0.844,2.999,117.353,-1.258,0.995,10.83,10.829,8.121,0.002,0.845,0.033673,5.372954710864835,10.892,10.891,8.237
41.54,0.316,0.258,6.176,49.117,-1.358,-1.707,11.186,10.598,11.056,0.742,0.846,0.021554,5.902025982335333,11.116,10.557,10.975
68.14,0.039,0.723,4.342,72.924,-1.536,1.039,10.702,10.682,9.345,0.044,0.742,0.044906,3.8280031811732576,10.732,10.711,9.416
18.378,0.122,0.221,5.528,121.936,-1.6,1.537,11.659,10.937,11.566,0.81,0.942,0.062246,3.355687544517453,11.593,10.893,11.496
45.791,-2.879,0.103,5.22,75.93,-1.6,1.043,11.158,10.639,11.001,0.697,0.622,0.014081,7.359217674935745,11.123,10.612,10.962
80.222,0.323,0.848,5.148,250.0,-0.516,0.493,11.253,11.237,9.786,0.034,0.863,0.074998,3.8769660452115295,11.304,11.284,9.928
59.503,-1.004,0.679,5.109,44.933,-1.453,-0.948,10.587,10.528,9.691,0.127,0.738,0.038193,3.5393544305571045,10.581,10.522,9.681
83.973,0.247,0.198,6.239,53.561,-0.005,-1.224,10.574,10.569,8.437,0.007,0.201,0.043764,3.5244251720578403,10.596,10.591,8.545
18.448,0.043,0.735,2.05,62.783,-1.6,-0.893,10.705,10.705,7.449,0.001,0.735,0.025807,9.559587861807522,10.653,10.653,7.308
80.043,0.012,0.861,5.808,250.0,-0.0,-2.546,11.613,11.474,11.05,0.273,1.0,0.043372,13.682537997585143,11.638,11.486,11.107
28.383,0.358,0.803,5.47,250.0,-1.161,-0.329,11.777,11.3,11.601,0.667,1.28,0.026915,5.189689501506911,11.687,11.249,11.489
45.69,-1.141,0.329,5.52,67.523,-1.559,0.949,11.2,10.603,11.073,0.747,0.925,0.052698,4.084084706716703,11.135,10.553,11.003
82.84,0.421,1.067,4.202,250.0,-0.223,0.265,11.412,11.408,9.295,0.008,1.071,0.100563,9.397328644667114,11.474,11.469,9.505
35.152,-0.043,0.553,3.579,250.0,-1.427,-1.097,11.221,11.206,9.751,0.034,0.568,0.035435,5.565000159978341,11.21,11.196,9.724
21.266,0.011,0.691,5.198,77.605,-1.594,2.135,11.044,10.734,10.752,0.51,1.001,0.025596,11.496195497487832,11.046,10.735,10.753
70.017,0.37,0.749,5.751,128.505,-0.056,-1.101,10.861,10.837,9.582,0.053,0.772,0.039083,5.740631947909151,10.957,10.923,9.838
44.112,0.532,0.581,5.438,183.736,-1.327,-2.606,11.442,11.057,11.209,0.587,0.965,0.046811,3.9463477003476513,11.428,11.05,11.191
28.561,0.014,0.704,5.281,250.0,-0.564,-3.958,11.426,11.382,10.408,0.096,0.748,0.035128,5.273908268958481,11.419,11.376,10.39
82.551,0.345,0.89,3.932,105.143,-0.912,1.268,10.827,10.825,8.247,0.003,0.891,0.036625,3.4939681921598313,10.851,10.849,8.328
62.015,-0.657,0.966,3.737,250.0,-1.269,-0.27,11.449,11.44,9.76,0.02,0.975,0.03288,8.248685440567424,11.456,11.446,9.778
18.283,0.654,0.73,7.151,40.224,-0.041,-1.006,10.795,10.567,10.407,0.408,0.958,0.042607,3.0957349311617586,10.623,10.476,10.083
68.854,0.297,0.814,5.294,155.732,-0.657,-1.192,11.001,10.975,9.767,0.058,0.84,0.027393,7.845651555798169,11.032,11.001,9.853
2.63,-0.681,1.157,5.876,250.0,-0.544,-1.21,12.323,12.029,12.013,0.491,1.45,0.016413,12.373891095643335,12.173,11.961,11.759
53.98,-0.122,0.647,4.655,143.545,-1.488,0.941,11.188,10.978,10.772,0.384,0.858,0.033754,7.371257170919429,11.169,10.962,10.748
80.35,0.327,0.942,5.297,199.135,-0.915,-1.32,11.19,11.017,10.708,0.329,1.116,0.023186,16.01065858420453,11.301,11.096,10.874
85.23,-3.0,1.915,6.451,250.0,-0.237,1.057,12.437,12.286,11.903,0.293,2.065,0.005835,7.777762436272281,12.46,12.305,11.937
73.961,0.137,0.677,4.514,84.433,-0.929,-0.763,10.754,10.747,8.858,0.013,0.682,0.051885,3.590222186549492,10.772,10.766,8.913
21.506,-0.132,0.746,5.595,52.23,-0.601,0.62,10.693,10.625,9.851,0.144,0.813,0.036674,9.105266540276547,10.637,10.581,9.72
85.581,0.204,0.836,4.919,250.0,-1.479,-0.163,11.884,11.527,11.631,0.56,1.192,0.02769,7.637243624002556,11.935,11.562,11.695
64.147,-3.0,0.478,4.777,49.04,-1.49,-0.991,10.642,10.518,10.037,0.248,0.602,0.015118,13.240138348773836,10.667,10.541,10.068
79.944,0.01,0.917,6.423,243.565,-0.121,0.214,11.217,11.167,10.236,0.105,0.965,0.01525,7.570171839582052,11.224,11.172,10.261
83.696,0.262,0.865,4.974,250.0,-0.192,0.577,11.454,11.449,9.422,0.009,0.869,0.090496,4.0098705331082,11.493,11.487,9.561
70.073,0.381,0.618,5.183,97.801,-1.6,1.104,10.992,10.78,10.578,0.386,0.83,0.034433,3.8164490003624896,11.047,10.821,10.655
32.014,0.346,0.429,5.172,151.165,-0.966,-1.041,11.217,11.045,10.732,0.327,0.601,0.04053,4.893163711281001,11.121,10.977,10.571
18.235,0.365,0.459,4.448,38.314,-0.685,-1.306,10.513,10.511,8.164,0.004,0.461,0.032274,4.478121956682916,10.455,10.454,7.956
32.142,0.596,0.573,2.939,100.725,-1.236,0.687,10.893,10.892,8.048,0.001,0.574,0.045404,3.478492314689519,10.832,10.832,7.899
41.546,0.222,0.783,3.963,188.676,-0.826,-1.074,11.103,11.1,8.848,0.006,0.785,0.032875,5.688260769920599,11.075,11.072,8.759
30.056,-0.171,0.81,3.074,250.0,-1.469,0.516,11.33,11.326,9.232,0.008,0.813,0.023176,6.9694333564342905,11.309,11.305,9.187
77.9,-0.727,0.826,4.575,101.284,-1.567,-0.942,10.787,10.703,10.031,0.175,0.91,0.000448,6.695755673711712,10.942,10.835,10.284
86.222,0.247,1.053,5.844,250.0,-0.0,-0.157,11.746,11.694,10.793,0.112,1.105,0.061881,7.040112815153475,11.793,11.727,10.939
80.02,0.036,0.949,4.361,250.0,-1.6,-0.523,11.843,11.727,11.211,0.234,1.065,0.038574,9.266121697185918,11.853,11.735,11.228
78.277,0.16,1.024,4.786,250.0,-0.492,-0.204,11.881,11.867,10.362,0.03,1.037,0.072477,6.324694311224369,11.901,11.885,10.437
54.701,0.164,0.76,6.309,250.0,-0.059,0.923,11.291,11.233,10.386,0.124,0.818,0.033923,4.116503813473044,11.293,11.235,10.392
77.369,0.32,0.846,1.877,250.0,-1.249,-334.931,11.491,11.491,8.245,0.001,0.846,0.020492,11.170238409419136,11.496,11.495,8.252
56.769,0.12,0.676,4.634,250.0,-1.565,-1.122,11.6,11.343,11.249,0.447,0.933,0.03404,6.542198629751783,11.574,11.323,11.214
76.16,0.055,0.763,5.032,121.718,-0.84,0.325,10.918,10.883,9.807,0.077,0.798,0.049516,5.181665221167464,10.942,10.903,9.872
77.91,-0.974,0.609,3.706,196.109,-1.42,-0.899,11.015,10.994,9.674,0.046,0.629,0.026908,15.761129035161163,11.119,11.09,9.929
59.853,0.589,0.812,4.022,250.0,-0.539,1.005,11.169,11.167,8.72,0.004,0.813,0.037626,4.42466137332475,11.189,11.188,8.764
80.936,0.497,0.812,6.115,107.612,-0.107,-1.074,10.784,10.733,9.826,0.11,0.863,0.021977,10.814411394418697,10.967,10.86,10.304
85.23,0.155,0.855,5.973,198.688,-0.068,0.181,11.18,11.065,10.545,0.232,0.97,0.022043,17.37899507026891,11.235,11.095,10.672
25.741,0.353,0.345,6.117,46.53,-0.667,1.086,10.724,10.598,10.122,0.25,0.47,0.037528,3.2626226127884532,10.639,10.537,9.961
3.347,-0.391,0.877,4.429,250.0,-1.31,2.092,11.453,11.408,10.444,0.098,0.922,0.04557,3.564173931589502,11.411,11.371,10.353
53.776,0.482,0.902,5.119,250.0,-0.229,-0.328,11.224,11.216,9.407,0.015,0.909,0.027556,8.89034163788523,11.225,11.217,9.411
84.616,0.347,0.823,6.196,91.519,-0.12,-0.54,10.77,10.745,9.507,0.055,0.847,0.034546,6.8682133938954175,10.836,10.798,9.745
63.809,-0.208,0.527,4.223,137.467,-1.5,0.945,10.962,10.92,9.923,0.091,0.568,0.034627,4.310901672892649,10.989,10.946,9.954
81.675,0.372,0.902,4.238,250.0,-1.55,-16.311,11.799,11.684,11.16,0.23,1.016,0.03351,17.30763671189817,11.834,11.707,11.235
80.151,0.117,0.843,3.8,191.037,-1.258,0.998,11.086,11.067,9.709,0.042,0.862,0.034463,12.716080447525435,11.098,11.079,9.737
36.686,0.542,0.836,4.203,250.0,-1.15,-1.042,11.573,11.539,10.447,0.075,0.87,0.034093,9.381433040591933,11.512,11.484,10.306
74.681,0.229,0.772,4.403,104.322,-1.541,-1.099,10.814,10.781,9.668,0.071,0.805,0.047008,3.944131307726597,10.882,10.846,9.784
84.745,-0.123,0.953,5.725,250.0,-0.0,1.138,11.686,11.657,10.497,0.065,0.982,0.049842,7.181141809535578,11.711,11.674,10.611
45.252,0.196,0.699,6.271,44.938,-0.658,-0.964,10.7,10.564,10.128,0.268,0.834,0.023906,6.621289184501822,10.637,10.52,10.01
64.891,0.1,0.605,4.597,180.593,-1.408,0.345,11.161,11.046,10.525,0.232,0.719,0.02351,8.420979655959194,11.172,11.055,10.545
45.067,0.323,0.727,5.465,90.961,-1.317,-0.96,10.984,10.812,10.495,0.325,0.898,0.012124,10.879435975625524,10.961,10.797,10.455
71.936,-3.0,0.509,5.134,59.77,-1.6,-0.737,10.937,10.571,10.692,0.569,0.874,0.05254,5.772487041271235,11.01,10.612,10.789
2.566,-0.566,0.635,6.318,95.718,-0.022,4.471,11.701,10.934,11.619,0.829,1.401,0.033838,7.098149993428396,11.475,10.813,11.368
85.493,-3.0,0.591,4.896,248.972,-1.6,-0.375,11.84,11.146,11.741,0.797,1.284,0.006631,15.115139960955531,11.893,11.172,11.801
55.818,-3.0,1.977,8.517,65.325,-0.0,-0.039,,10.568,11.452,0.884,2.915,0.044951,5.650904767740262,,10.668,11.608
9.491,-0.078,0.765,2.829,250.0,-1.449,-0.898,11.466,11.462,9.316,0.007,0.768,0.046089,8.571232128172612,11.449,11.445,9.278
2.572,-1.767,1.352,6.431,250.0,-0.532,-1.011,12.353,11.978,12.115,0.578,1.726,0.044907,2.9830543436271366,12.166,11.903,11.824
85.969,0.339,0.889,5.615,100.91,-0.481,1.212,10.775,10.764,9.151,0.024,0.9,0.043667,3.3776685332022183,10.849,10.834,9.357
80.27,0.13,0.87,4.589,250.0,-0.265,-0.659,11.221,11.217,9.145,0.008,0.874,0.060263,6.830229071053071,11.236,11.231,9.218
25.749,-0.247,0.629,5.479,62.915,-1.046,0.224,10.717,10.666,9.763,0.111,0.68,0.039412,2.947682070280386,10.703,10.654,9.73
86.055,0.446,0.554,7.327,69.975,-0.0,1.397,10.863,10.655,10.443,0.38,0.762,0.022818,3.3212409704662837,10.942,10.695,10.579
51.112,-0.128,0.778,4.536,250.0,-1.227,-0.568,11.364,11.326,10.282,0.083,0.816,0.029108,5.003835567414347,11.367,11.327,10.287
73.395,0.05,0.837,3.121,250.0,-1.414,0.349,11.393,11.388,9.328,0.009,0.841,0.114439,3.94182695844498,11.411,11.407,9.372
41.858,0.393,0.636,6.052,55.829,-0.794,-1.102,10.757,10.626,10.169,0.258,0.766,0.023338,6.912427363865272,10.726,10.607,10.103
65.984,0.582,0.72,5.444,57.509,-0.874,0.957,10.623,10.563,9.734,0.129,0.78,0.035087,5.058937108699205,10.69,10.619,9.863
48.657,0.328,0.88,4.491,250.0,-0.737,0.896,11.442,11.426,9.947,0.032,0.894,0.032412,10.402617042166094,11.45,11.434,9.982
24.228,0.438,0.76,6.161,145.16,-0.154,-9.702,11.042,10.979,10.167,0.133,0.822,0.062271,3.4844363022971603,11.02,10.964,10.098
47.261,-0.161,0.322,6.379,59.059,-0.066,0.96,10.672,10.633,9.604,0.086,0.361,0.013481,4.3010946019658665,10.668,10.63,9.592
68.197,-0.237,0.808,4.369,101.569,-1.414,0.259,10.836,10.82,9.4,0.037,0.824,0.025804,5.784663010521542,10.856,10.838,9.442
58.991,-0.626,0.735,3.118,133.685,-1.044,0.887,10.927,10.926,8.092,0.001,0.736,0.035071,5.412220875238625,10.941,10.94,8.128
3.506,-0.09,0.651,4.775,250.0,-1.6,-2.726,11.704,11.255,11.512,0.644,1.1,0.009153,10.320389648222823,11.65,11.222,11.446
66.388,-0.12,0.734,4.549,190.165,-1.483,-1.044,11.157,11.051,10.489,0.215,0.84,0.035189,4.772274119260417,11.177,11.068,10.523
86.349,-1.142,0.446,5.355,65.723,-1.254,0.905,10.621,10.545,9.825,0.16,0.521,0.012895,6.044393198598441,10.785,10.671,10.149
2.973,0.001,0.82,4.944,250.0,-1.595,1.795,12.243,11.85,12.017,0.594,1.212,0.014648,10.54734503573746,12.177,11.808,11.933
45.649,-0.712,0.694,4.842,50.836,-1.572,0.955,10.645,10.514,10.059,0.26,0.825,0.038967,6.57251285698466,10.581,10.452,9.991
33.252,0.274,0.713,4.148,250.0,-1.097,1.615,11.329,11.309,9.966,0.043,0.733,0.052679,4.85099914025688,11.309,11.292,9.894
50.317,-0.008,0.892,3.499,104.534,-1.531,1.444,10.852,10.843,9.099,0.018,0.899,0.054958,6.425575120995164,10.856,10.847,9.108
55.106,-0.279,0.744,3.261,51.618,-1.315,0.94,10.58,10.579,7.8,0.002,0.745,0.052237,3.335612541676402,10.578,10.578,7.798
41.122,0.314,0.289,5.875,62.775,-1.562,-1.202,11.281,10.686,11.153,0.745,0.883,0.015852,4.497178994143686,11.227,10.653,11.091
46.168,0.035,0.907,3.236,250.0,-0.676,1.149,11.228,11.227,8.117,0.001,0.908,0.055448,4.028294713160264,11.225,11.224,8.108
84.083,0.08,0.873,5.465,250.0,-0.248,-0.112,11.544,11.517,10.298,0.057,0.898,0.032876,9.035708215430835,11.567,11.536,10.387
36.625,0.412,0.902,2.984,250.0,-1.377,-1.012,11.377,11.373,9.354,0.009,0.906,0.046976,6.2004955407937485,11.298,11.294,9.225
86.222,0.276,0.882,4.242,250.0,-1.6,0.907,11.655,11.492,11.15,0.313,1.045,0.065733,9.724512449610264,11.687,11.519,11.192
2.608,-2.768,1.241,5.38,250.0,-0.058,2.756,11.448,11.427,10.115,0.046,1.262,0.047757,3.414274591556237,11.374,11.362,9.785
86.39,0.134,0.895,4.827,250.0,-1.486,0.237,12.005,11.727,11.679,0.472,1.172,0.029287,12.14713403088606,12.042,11.75,11.731
53.606,0.341,0.748,6.189,59.61,-0.544,-1.03,10.695,10.646,9.723,0.107,0.797,0.034802,4.6785166396837745,10.679,10.633,9.674
2.566,-2.785,1.001,4.986,156.346,-1.6,3.218,11.312,11.077,10.932,0.417,1.235,0.02665,4.651316063512582,11.199,11.004,10.758
33.062,-0.395,0.779,3.211,250.0,-1.391,-1.001,11.362,11.354,9.601,0.017,0.787,0.024517,11.718928914711013,11.314,11.307,9.502
41.333,0.613,0.785,5.667,231.038,-0.101,1.02,11.27,11.206,10.41,0.138,0.849,0.031992,11.222752397614505,11.198,11.149,10.225
83.875,0.574,0.773,4.894,177.293,-1.488,1.045,11.056,10.817,10.682,0.423,1.011,0.017124,11.012852504879293,11.355,11.049,11.058
26.373,0.579,0.711,5.467,109.225,-0.177,0.981,10.935,10.918,9.523,0.039,0.728,0.030283,8.02058533309074,10.878,10.866,9.282
56.043,-0.127,0.827,5.467,250.0,-0.442,-0.995,11.359,11.319,10.301,0.087,0.867,0.043657,4.133082891359719,11.359,11.319,10.301
39.209,-3.0,0.565,7.097,250.0,-0.0,-1.72,11.989,11.227,11.906,0.827,1.327,0.012216,7.40618642796485,12.0,11.23,11.919
18.227,0.606,0.867,2.873,241.164,-1.383,-0.861,11.237,11.234,8.923,0.005,0.869,0.03034,6.673886448336111,11.168,11.166,8.735
37.868,-0.106,0.766,5.561,250.0,-0.439,-1.18,11.416,11.359,10.498,0.121,0.822,0.02621,7.515562316555655,11.398,11.346,10.446
50.006,-2.724,0.498,4.866,117.572,-0.147,-0.996,10.896,10.892,8.886,0.01,0.502,0.020539,9.998583615422062,10.899,10.895,8.901
76.703,0.363,0.953,6.16,250.0,-0.023,1.208,11.494,11.398,10.789,0.197,1.048,0.032629,9.71059458092911,11.603,11.464,11.037
78.779,0.002,0.637,3.938,250.0,-1.259,0.455,11.31,11.292,9.903,0.039,0.655,0.043843,4.8479240873710205,11.315,11.297,9.917
16.892,0.481,0.537,6.246,49.232,-0.906,-1.514,10.904,10.619,10.586,0.481,0.821,0.024933,6.518133282848271,10.779,10.557,10.379
67.284,0.319,0.654,5.063,116.339,-1.338,-1.074,10.944,10.859,10.19,0.177,0.739,0.023508,6.218965714363277,10.985,10.89,10.274
79.616,0.055,0.875,4.806,250.0,-0.699,0.573,11.481,11.45,10.303,0.066,0.905,0.042784,7.220537281283676,11.502,11.467,10.379
77.537,0.484,0.648,4.856,76.435,-0.114,-0.516,10.694,10.691,8.463,0.006,0.65,0.038688,4.990462745660682,10.732,10.728,8.635
39.215,-0.628,1.072,6.859,250.0,-0.0,-1.723,12.52,11.958,12.38,0.725,1.633,0.005412,8.938880350668686,12.543,11.97,12.408
2.727,-2.554,0.686,4.417,250.0,-1.494,-0.628,11.509,11.293,11.102,0.392,0.902,0.018221,10.206139052659267,11.421,11.235,10.963
28.782,0.538,0.749,6.093,77.332,-0.03,0.774,10.792,10.77,9.477,0.048,0.771,0.057355,3.267980380268636,10.749,10.733,9.312
59.594,0.258,0.765,3.638,250.0,-1.488,-0.98,11.267,11.234,10.121,0.071,0.797,0.026646,8.940989894085138,11.285,11.252,10.145
46.862,0.204,0.709,2.823,105.579,-1.6,-1.093,10.883,10.881,8.662,0.006,0.712,0.040819,4.830834693470032,10.845,10.842,8.608
71.097,0.024,1.008,3.925,250.0,-1.596,-0.84,11.603,11.565,10.513,0.081,1.045,0.079732,4.078088630547563,11.612,11.574,10.528
18.724,-0.591,1.101,2.096,250.0,-1.6,0.478,11.611,11.61,8.551,0.001,1.101,0.022956,2.9326509730289674,11.596,11.594,8.507
80.861,0.342,0.561,5.142,91.875,-1.6,-1.075,10.915,10.746,10.421,0.321,0.73,0.018539,7.975240170188787,10.988,10.8,10.532
18.749,0.26,-0.074,6.063,79.447,-1.258,-0.544,11.67,10.615,11.63,0.912,0.981,0.069267,3.680321222125092,11.517,10.531,11.47
82.761,0.163,0.835,6.369,250.0,-0.069,0.229,11.679,11.617,10.777,0.126,0.893,0.030916,19.810413753847488,11.721,11.649,10.889
58.092,-1.2,0.833,4.08,250.0,-1.448,0.17,11.365,11.323,10.324,0.091,0.875,0.020378,4.707633568433359,11.367,11.325,10.329
75.19,0.622,0.805,3.567,82.487,-0.358,-1.179,10.585,10.585,7.318,0.001,0.805,0.01948,10.071825638115673,10.759,10.759,7.674
62.667,0.162,0.714,5.052,250.0,-0.517,-1.404,11.215,11.196,9.819,0.04,0.732,0.024683,9.506349702184847,11.227,11.208,9.862
56.188,-0.571,0.608,4.341,76.569,-1.225,-1.016,10.733,10.719,9.248,0.033,0.623,0.046595,4.50846257430821,10.744,10.729,9.275
79.85,0.203,0.685,5.958,47.379,-0.303,-1.438,10.54,10.526,9.017,0.03,0.698,0.05304,2.718379777565797,10.559,10.543,9.087
82.157,0.509,0.763,5.374,250.0,-0.0,-1.104,11.064,11.057,9.247,0.015,0.77,0.022311,14.59973517667429,11.249,11.229,9.885
86.22,0.029,1.231,2.627,185.869,-1.543,-1.106,10.938,10.935,8.683,0.006,1.233,0.058519,9.898712173785372,11.067,11.064,8.96
21.356,-2.827,0.66,4.892,226.599,-1.095,0.709,11.227,11.161,10.378,0.142,0.727,0.033508,5.369310616774268,11.197,11.138,10.301
53.695,0.225,1.09,3.824,113.779,-1.572,-1.179,10.893,10.883,9.229,0.022,1.1,0.05578,3.8102886436763934,10.889,10.879,9.221
71.218,-0.406,0.787,3.943,60.547,-0.703,0.88,10.62,10.619,7.532,0.001,0.787,0.046532,2.5371742803943627,10.64,10.639,7.586
84.023,0.099,0.769,5.883,250.0,-0.128,0.365,11.439,11.372,10.593,0.143,0.836,0.006305,11.383889629237556,11.459,11.385,10.651
63.485,0.618,0.903,3.995,250.0,-1.36,0.966,11.547,11.507,10.498,0.089,0.944,0.068466,6.661424240489746,11.587,11.544,10.563
86.017,0.193,0.983,3.466,250.0,-1.214,-0.616,11.531,11.526,9.447,0.008,0.986,0.067786,5.301454935298123,11.568,11.563,9.533
77.988,-1.045,0.813,5.234,101.964,-1.334,-0.987,10.891,10.628,10.548,0.454,1.076,0.017919,14.2519612605802,11.148,10.84,10.853
46.291,0.431,1.068,4.575,250.0,-0.871,1.102,11.573,11.563,9.88,0.02,1.077,0.033547,5.180247849678731,11.538,11.53,9.788
85.011,0.283,0.605,4.377,201.909,-1.457,0.862,11.116,11.062,10.181,0.116,0.659,0.029853,6.672251405172505,11.159,11.098,10.272
54.88,-0.201,0.987,3.974,250.0,-1.6,-0.535,11.465,11.429,10.361,0.079,1.023,0.049191,3.582457219569054,11.468,11.431,10.365
56.269,0.233,0.905,3.983,202.507,-1.522,-0.189,11.125,11.093,9.958,0.068,0.935,0.049829,4.41126738028294,11.124,11.093,9.956
71.989,0.652,0.774,3.403,90.265,-1.465,-0.993,10.653,10.648,8.725,0.012,0.78,0.038833,6.869585125239986,10.797,10.791,8.906
18.277,0.617,0.458,6.379,109.591,-0.082,0.985,10.996,10.936,10.103,0.128,0.518,0.021457,5.685656986086725,10.901,10.867,9.776
86.451,0.241,0.541,5.159,66.832,-1.389,1.007,10.694,10.63,9.825,0.135,0.604,0.024713,5.691295368651353,10.751,10.677,9.939
31.873,0.465,0.685,5.606,47.894,-1.498,1.095,10.731,10.591,10.17,0.275,0.824,0.035341,4.673894517737203,10.672,10.546,10.069
84.636,0.331,0.689,5.37,250.0,-0.393,-0.132,11.45,11.431,10.056,0.04,0.707,0.078757,3.672187446097812,11.503,11.479,10.222
56.173,0.121,0.708,4.384,218.56,-1.583,0.959,11.308,11.132,10.828,0.332,0.883,0.025688,8.042236403460494,11.296,11.123,10.812
26.127,-0.135,0.831,5.9,250.0,-0.04,1.071,11.482,11.416,10.63,0.14,0.896,0.015026,3.920645564437567,11.353,11.309,10.339
18.227,0.508,-0.089,5.884,79.847,-1.277,4.071,11.785,10.644,11.753,0.928,1.052,0.025056,11.789079464589388,11.651,10.557,11.615
56.171,0.233,0.901,3.411,250.0,-1.466,0.971,11.468,11.452,10.025,0.036,0.917,0.032132,11.683080163613216,11.465,11.449,10.02
18.331,0.148,0.609,3.854,213.814,-1.4,-0.567,11.136,11.109,9.908,0.059,0.635,0.037451,6.623296152974372,11.141,11.114,9.923
46.931,0.441,0.821,5.204,180.481,-0.952,-0.995,11.137,11.07,10.291,0.143,0.888,0.034189,4.064318529485033,11.11,11.049,10.223
2.568,0.577,1.266,4.442,250.0,-0.286,-4.68,11.75,11.725,10.499,0.056,1.291,0.052977,8.181661405162455,11.637,11.621,10.201
3.477,-1.969,0.914,5.123,250.0,-0.403,-1.335,11.668,11.641,10.434,0.058,0.94,0.020516,7.004743958976965,11.638,11.616,10.321
25.886,0.593,0.461,3.601,194.092,-0.929,-0.951,11.185,11.176,9.493,0.02,0.469,0.037552,7.17818360253955,11.079,11.072,9.288
36.958,0.091,0.585,5.351,79.505,-1.339,1.015,10.998,10.788,10.583,0.384,0.795,0.030841,4.477666221279845,10.926,10.743,10.462
45.306,-0.352,0.775,3.972,250.0,-0.138,1.289,11.448,11.447,8.883,0.003,0.776,0.047223,6.5382043632340485,11.441,11.439,8.855
27.119,0.263,0.485,3.6,47.87,-1.288,1.501,10.547,10.544,8.295,0.006,0.487,0.038252,6.909488980539925,10.55,10.547,8.304
18.319,-2.974,0.954,6.109,48.591,-1.387,0.958,10.922,10.627,10.616,0.494,1.249,0.022849,4.679432507374321,10.8,10.552,10.438
77.366,0.508,0.775,5.682,87.56,-0.355,-1.004,10.649,10.619,9.476,0.067,0.805,0.021789,10.46901130975035,10.832,10.782,9.872
83.618,0.379,1.091,5.73,250.0,-0.0,-1.38,11.329,11.291,10.25,0.083,1.129,0.023472,14.951153107989304,11.405,11.351,10.465
59.751,0.328,0.923,3.874,250.0,-1.15,0.965,11.358,11.331,10.141,0.061,0.95,0.067815,10.378162392579666,11.376,11.348,10.172
52.972,-0.019,0.302,5.168,69.085,-1.6,-1.066,11.0,10.628,10.759,0.575,0.674,0.032462,6.960014299507972,11.001,10.629,10.761
64.903,0.003,0.86,4.7,250.0,-1.508,0.772,11.584,11.433,11.047,0.291,1.01,0.047615,3.562887520063537,11.586,11.435,11.052
84.023,0.073,0.919,5.511,250.0,-0.0,-0.337,11.539,11.519,10.166,0.042,0.937,0.000777,6.08099379828666,11.548,11.527,10.205
31.6,0.234,0.456,4.77,102.337,-1.169,1.124,10.992,10.921,10.172,0.151,0.527,0.036672,5.047890680845094,10.9,10.837,10.034
57.124,-2.736,0.529,4.925,133.591,-0.701,-1.001,10.949,10.928,9.612,0.046,0.55,0.018756,6.0028733199562,10.961,10.939,9.638
84.83,0.273,0.94,5.447,250.0,-0.336,-0.61,11.712,11.694,10.283,0.037,0.957,0.044914,6.836555595783573,11.745,11.724,10.398
4.193,-2.239,0.401,4.496,109.505,-1.52,-1.494,10.937,10.88,10.028,0.123,0.458,0.03278,3.2983970537758176,10.916,10.862,9.98
47.288,0.119,0.731,4.059,250.0,-1.597,1.012,11.284,11.214,10.449,0.147,0.8,0.026689,9.362997038676514,11.283,11.214,10.448
2.566,-1.33,1.159,6.34,81.236,-1.145,3.323,11.269,10.822,11.078,0.643,1.606,0.026233,3.301119995853342,11.107,10.753,10.853
59.512,-0.984,0.274,5.313,95.917,-1.588,0.979,11.449,10.728,11.358,0.81,0.996,0.026552,7.760203515808225,11.469,10.745,11.379
67.556,-0.194,0.901,4.958,250.0,-0.666,-0.693,11.434,11.422,9.828,0.025,0.912,0.054898,2.7129640184908848,11.424,11.412,9.794
25.738,-1.858,0.789,4.284,166.763,-0.86,-0.907,11.148,11.137,9.538,0.025,0.8,0.019224,8.777686690954326,11.035,11.027,9.312
43.167,-0.14,0.867,5.53,250.0,-0.081,0.925,11.479,11.464,9.994,0.033,0.882,0.030092,7.3409986247675105,11.458,11.445,9.918
77.937,0.015,0.757,5.199,250.0,-1.309,-0.471,11.934,11.564,11.692,0.573,1.127,0.01029,11.733985007429965,11.945,11.57,11.706
84.745,0.139,0.662,4.543,250.0,-1.41,0.298,11.376,11.191,10.917,0.347,0.847,0.027602,6.562656049358688,11.403,11.209,10.957
54.788,-0.402,0.732,5.281,54.141,-0.759,0.772,10.657,10.607,9.691,0.108,0.782,0.052103,5.882076742392285,10.644,10.596,9.66
50.141,-0.025,0.766,4.055,86.773,-1.525,-1.161,10.79,10.779,9.166,0.024,0.776,0.05553,3.0055624438840396,10.787,10.776,9.161
65.783,-0.155,0.774,4.314,250.0,-1.283,-0.172,11.55,11.495,10.615,0.116,0.828,0.033112,8.29468421800642,11.555,11.5,10.627
2.624,-0.813,0.868,5.33,250.0,-1.036,0.629,11.439,11.245,10.995,0.36,1.061,0.030863,4.740935390447839,11.325,11.179,10.778
2.763,-2.925,0.883,4.219,250.0,-1.281,0.912,11.592,11.531,10.707,0.13,0.944,0.052053,4.02204699734347,11.532,11.482,10.567
23.97,0.023,0.74,5.177,250.0,-1.175,-0.932,11.71,11.35,11.46,0.563,1.099,0.017692,12.00448458281506,11.716,11.353,11.469
84.745,0.12,0.906,5.517,250.0,-1.025,0.534,11.959,11.521,11.761,0.635,1.343,0.012681,11.854508448352997,11.987,11.535,11.798
7.915,-1.373,0.941,4.531,250.0,-1.125,-0.777,11.293,11.243,10.33,0.109,0.991,0.023293,5.636565230309422,11.281,11.233,10.301
25.802,0.45,0.855,5.909,250.0,-0.207,8.816,11.642,11.548,10.925,0.192,0.947,0.049675,6.429257144853354,11.615,11.531,10.853
31.794,0.023,0.816,3.812,199.393,-1.326,-0.815,11.173,11.163,9.539,0.023,0.826,0.039386,6.1842256558219955,11.103,11.094,9.406
45.307,0.289,0.607,5.297,207.165,-0.173,1.221,11.136,11.122,9.642,0.032,0.622,0.032493,6.660385690278055,11.117,11.104,9.576
61.38,-1.127,0.666,4.004,213.405,-1.235,-0.955,11.116,11.088,9.897,0.06,0.694,0.028509,7.004271621022175,11.14,11.112,9.942
24.079,-0.03,0.924,5.092,166.639,-0.891,1.262,11.071,11.043,9.857,0.061,0.951,0.063485,2.9612938266932676,11.043,11.018,9.775
50.333,0.165,0.749,3.559,250.0,-0.89,1.148,11.392,11.389,9.127,0.005,0.751,0.05126,3.866733507595055,11.385,11.382,9.11
54.411,-0.091,0.764,4.747,250.0,-1.236,0.916,11.294,11.188,10.63,0.217,0.87,0.02139,7.6625178795226,11.299,11.191,10.64
39.215,0.002,0.848,4.416,250.0,-1.6,4.048,11.283,11.158,10.675,0.247,0.971,0.000601,2.5347117061726685,11.297,11.167,10.706
2.578,-0.081,1.022,6.253,250.0,-0.771,-1.399,12.443,11.967,12.267,0.666,1.498,0.005192,12.830957187572224,12.254,11.893,12.006
50.839,0.337,0.615,4.797,250.0,-1.155,-0.853,11.402,11.242,10.892,0.309,0.776,0.021615,9.854017896024244,11.375,11.222,10.846
58.955,0.334,0.772,3.675,88.283,-1.35,1.176,10.777,10.773,8.686,0.008,0.776,0.047111,4.150959944333483,10.787,10.783,8.706
2.731,-0.807,1.121,6.285,216.516,-0.17,-3.449,11.256,11.18,10.457,0.159,1.196,0.056603,3.231763555767215,11.169,11.12,10.193
2.566,-0.891,1.132,2.373,138.375,-1.6,4.828,11.043,11.042,8.416,0.002,1.133,0.052894,4.006466553769933,10.955,10.954,8.243
18.366,-2.966,0.918,4.669,37.247,-1.595,-0.507,10.546,10.525,9.213,0.046,0.939,0.060608,2.7328139616679583,10.46,10.442,9.067
5.603,-2.134,0.756,4.028,250.0,-1.424,1.51,11.53,11.474,10.61,0.12,0.812,0.015302,9.878886670902848,11.519,11.465,10.586
2.722,-0.06,0.979,4.929,250.0,-1.397,-0.883,11.815,11.574,11.443,0.425,1.219,0.031378,5.680108273574154,11.719,11.513,11.295
45.513,0.627,0.696,5.903,166.971,-0.312,0.987,11.213,11.055,10.696,0.304,0.853,0.024284,9.4103049833697,11.155,11.025,10.566
41.068,-0.19,0.154,3.318,45.092,-1.593,-4.307,10.514,10.507,8.686,0.015,0.161,0.016824,16.478834235891654,10.507,10.501,8.679
25.413,-0.403,0.97,4.904,250.0,-1.462,0.191,11.772,11.539,11.39,0.415,1.203,0.00151,6.463840305114227,11.745,11.521,11.349
36.81,0.093,0.586,4.456,118.302,-0.421,1.255,10.912,10.91,8.567,0.005,0.588,0.031181,7.84859716325709,10.899,10.897,8.517
66.186,0.349,0.726,4.726,119.933,-1.581,-1.03,11.02,10.841,10.548,0.338,0.905,0.041581,6.452103055650356,11.082,10.897,10.622
49.36,0.46,0.656,5.801,203.899,-0.026,-1.096,11.138,11.113,9.884,0.056,0.681,0.026337,7.0512216557966,11.123,11.1,9.836
68.944,0.474,0.783,5.516,86.149,-0.974,1.057,10.818,10.731,10.08,0.183,0.87,0.02231,6.8263573635841315,10.879,10.775,10.206
3.721,-0.736,1.111,3.52,250.0,-1.375,-1.147,11.875,11.867,10.074,0.016,1.118,0.037576,6.511159115685442,11.848,11.84,10.016
2.725,0.002,0.68,5.103,165.676,-1.58,3.294,11.569,11.082,11.397,0.674,1.167,0.011563,10.177435952772903,11.464,11.026,11.266
17.932,-0.464,0.516,4.568,156.572,-0.576,-2.227,11.02,11.008,9.427,0.026,0.528,0.012246,3.5193859011953648,10.997,10.986,9.346
45.344,0.104,0.617,4.395,250.0,-1.58,1.046,11.542,11.361,11.076,0.341,0.798,0.016713,11.01889211751174,11.491,11.321,11.002
25.748,-1.902,0.695,6.574,48.067,-0.284,-0.959,11.025,10.664,10.778,0.565,1.056,0.02154,9.548328869567843,10.832,10.548,10.513
54.174,0.509,0.853,2.961,250.0,-1.082,0.819,11.232,11.23,8.678,0.003,0.854,0.05842,6.292242810771793,11.236,11.233,8.692
75.14,0.471,0.858,5.47,234.559,-0.309,1.045,11.103,11.084,9.732,0.043,0.877,0.032935,7.625482963661818,11.184,11.152,10.023
27.974,0.032,0.86,4.558,250.0,-1.019,-0.274,11.43,11.394,10.321,0.078,0.895,0.06783,4.2526853425437245,11.407,11.374,10.266
83.913,0.166,0.818,4.287,250.0,-0.599,-0.232,11.168,11.165,8.868,0.005,0.82,0.051616,6.254385549234047,11.192,11.188,8.947
35.813,0.173,0.761,6.157,250.0,-0.133,1.111,11.283,11.228,10.353,0.118,0.815,0.021922,8.45533816237167,11.245,11.201,10.225
2.566,0.002,1.041,5.303,192.727,-1.528,0.55,11.654,11.149,11.491,0.687,1.545,0.049329,3.4216850773884624,11.509,11.077,11.309
32.381,0.195,0.829,3.194,250.0,-1.513,0.944,11.342,11.332,9.668,0.021,0.839,0.021028,13.301894560931512,11.28,11.272,9.547
2.792,-3.0,1.055,5.131,250.0,-0.0,-0.973,11.918,11.896,10.611,0.049,1.077,0.061124,5.049277891300565,11.865,11.85,10.374
59.788,-0.21,0.648,3.578,74.678,-1.014,-1.158,10.719,10.718,8.217,0.003,0.649,0.026471,6.9861716627649715,10.722,10.72,8.221
82.355,0.153,0.813,5.474,250.0,-0.422,-1.241,11.273,11.243,10.07,0.063,0.841,0.019716,4.513301860857881,11.299,11.265,10.167
2.985,-0.087,0.666,5.523,112.429,-0.395,-6.317,10.983,10.931,10.036,0.113,0.718,0.022336,8.539430764150275,10.917,10.877,9.852
26.45,-0.012,0.537,5.444,100.59,-0.657,1.167,10.893,10.876,9.454,0.036,0.553,0.057527,2.0538231410856005,10.842,10.83,9.283
39.215,-0.576,0.721,4.842,250.0,-1.525,-0.31,11.579,11.196,11.346,0.585,1.103,0.004977,19.6580866028187,11.586,11.201,11.355
2.722,-0.112,0.897,4.508,250.0,-1.488,-0.952,11.904,11.69,11.494,0.389,1.111,0.042059,8.128995299745558,11.831,11.646,11.369
18.396,0.587,0.674,4.359,250.0,-1.111,0.802,11.303,11.282,9.971,0.047,0.695,0.048739,3.332299859848394,11.24,11.225,9.767
63.434,0.185,0.342,5.246,60.049,-0.906,-1.511,11.276,10.626,11.166,0.776,0.992,0.060933,25.567435830028924,11.288,10.637,11.178
2.574,-0.793,1.216,5.288,250.0,-1.074,0.69,12.192,11.992,11.759,0.369,1.415,0.06015,4.570193625983149,12.058,11.904,11.533
23.817,-0.032,0.705,4.976,250.0,-1.549,0.412,11.745,11.287,11.559,0.652,1.163,0.038044,6.818776503469801,11.724,11.276,11.532
75.139,0.067,0.783,4.494,250.0,-1.267,-0.897,11.178,11.127,10.217,0.109,0.834,0.032525,4.517123880635557,11.235,11.174,10.357
52.517,0.059,0.865,5.386,250.0,-0.76,-0.214,11.554,11.474,10.771,0.165,0.943,0.007025,6.535941442030875,11.555,11.475,10.775
40.087,0.223,0.75,4.673,250.0,-1.471,-0.655,11.504,11.315,11.05,0.352,0.939,0.035524,5.919226919721662,11.457,11.278,10.983
77.827,0.094,0.857,5.53,250.0,-0.385,0.631,11.574,11.53,10.557,0.096,0.9,0.039488,7.249611572533251,11.59,11.542,10.607
75.734,0.31,0.757,3.813,250.0,-0.349,-3.116,11.167,11.166,8.645,0.003,0.758,0.061783,5.276204022550212,11.18,11.178,8.698
72.741,0.091,0.864,4.954,250.0,-0.162,-1.027,11.337,11.329,9.572,0.017,0.872,0.041189,5.567464130672449,11.361,11.352,9.672
59.606,0.523,0.757,3.526,204.602,-0.937,-1.011,11.092,11.088,9.067,0.009,0.761,0.021311,12.130250947849769,11.108,11.104,9.101
36.626,0.246,0.691,3.963,185.657,-1.085,-0.982,11.175,11.162,9.66,0.031,0.704,0.014708,11.807179876772611,11.081,11.069,9.507
77.472,0.28,0.871,4.478,250.0,-1.36,1.234,11.26,11.197,10.382,0.133,0.933,0.043294,5.517290357578333,11.322,11.248,10.512
84.806,0.265,0.87,4.794,250.0,-0.991,-0.937,11.2,11.166,10.06,0.073,0.903,0.036209,6.891396786848118,11.247,11.207,10.177
86.222,0.037,0.741,4.84,250.0,-1.481,0.416,11.429,11.167,11.084,0.452,1.002,0.010163,8.833139427469602,11.457,11.184,11.125
35.54,-0.02,0.492,4.694,54.683,-1.458,1.236,10.651,10.62,9.489,0.069,0.523,0.0407,3.985416502448908,10.629,10.6,9.436
20.818,-0.039,0.849,6.15,250.0,-0.0,0.586,11.707,11.583,11.1,0.247,0.972,0.013148,6.10317759548907,11.676,11.568,11.018
78.93,0.204,0.965,6.225,250.0,-0.001,0.469,11.342,11.314,10.116,0.06,0.992,0.008856,10.69855531693983,11.37,11.337,10.214
50.552,-0.028,0.643,6.121,96.425,-0.485,-0.98,10.88,10.831,9.903,0.106,0.692,0.021232,4.675835579523344,10.862,10.818,9.842
2.569,-1.718,1.431,6.438,250.0,-0.343,0.453,12.451,12.078,12.212,0.576,1.803,0.040541,4.143307697019181,12.261,12.005,11.91
53.492,0.041,1.039,2.711,250.0,-1.029,0.26,11.802,11.8,8.56,0.001,1.039,0.060958,3.9739163188158426,11.805,11.802,8.567
83.923,0.564,0.925,5.81,237.994,-0.04,-1.114,10.993,10.942,10.033,0.109,0.975,0.024648,16.579496027492617,11.316,11.16,10.794
75.733,0.485,0.954,5.726,66.365,-0.021,-1.044,10.575,10.539,9.469,0.078,0.99,0.039247,8.140028370357932,10.733,10.675,9.831
46.836,0.34,0.826,6.21,44.807,-0.425,1.233,10.572,10.538,9.446,0.075,0.86,0.055701,2.7729044121622706,10.552,10.521,9.394
31.599,-0.326,0.428,4.565,113.049,-1.256,0.874,11.005,10.957,10.024,0.105,0.476,0.043228,3.333739487689902,10.912,10.87,9.877
78.887,0.087,0.88,4.067,190.444,-1.384,0.917,11.079,11.057,9.77,0.049,0.902,0.031588,9.081228036771163,11.103,11.079,9.822
70.907,0.087,0.729,4.477,117.684,-1.6,-1.018,10.89,10.816,10.088,0.158,0.804,0.019958,4.40954064876232,10.97,10.89,10.195
63.531,-1.578,0.794,4.153,94.199,-1.482,0.929,10.801,10.787,9.264,0.029,0.807,0.038378,3.3655617436618077,10.821,10.807,9.312
85.847,-0.024,1.139,6.272,250.0,-0.0,1.251,12.003,11.805,11.564,0.365,1.337,0.102324,12.776547744364027,12.047,11.831,11.64
62.615,0.562,0.05,5.705,89.68,-1.589,-1.135,11.69,10.77,11.634,0.88,0.97,0.010701,6.87782727832664,11.704,10.777,11.648
49.373,0.457,0.71,5.977,56.339,-0.374,-2.225,10.633,10.625,8.814,0.015,0.717,0.025148,3.0479683886335667,10.618,10.611,8.765
81.865,-0.025,0.654,5.234,107.864,-0.144,0.91,10.826,10.823,8.534,0.005,0.656,0.051886,3.2794223333589545,10.861,10.858,8.686
59.641,0.476,0.614,6.259,56.266,-0.234,-0.953,10.645,10.604,9.602,0.091,0.655,0.03673,5.6457901391129335,10.654,10.61,9.629
12.714,0.255,0.496,7.238,67.497,-0.001,-3.064,11.552,10.76,11.475,0.838,1.288,0.025985,8.6465563234715,11.282,10.681,11.156
25.266,-0.443,0.783,3.978,126.813,-0.407,0.354,10.931,10.93,8.015,0.001,0.783,0.030041,6.524624127076864,10.924,10.923,7.984
2.57,-0.695,0.7,5.225,61.813,-1.063,3.292,10.793,10.728,9.937,0.139,0.765,0.044041,3.0883070967896327,10.695,10.647,9.71
28.313,0.637,0.819,5.927,250.0,-0.536,-0.964,11.38,11.261,10.757,0.239,0.938,0.059985,3.9422614231820465,11.331,11.23,10.645
80.041,-0.338,0.859,3.399,250.0,-1.6,0.341,11.548,11.53,10.134,0.039,0.876,0.028792,8.792962796729261,11.55,11.533,10.139
2.96,-1.591,0.896,4.506,250.0,-1.036,-3.395,11.516,11.493,10.207,0.049,0.918,0.082844,2.3810501210405377,11.466,11.448,10.068
18.264,-0.342,0.11,6.175,62.074,-1.493,0.955,11.79,10.652,11.757,0.927,1.248,0.011273,9.118589196343065,11.63,10.543,11.593
64.383,0.442,0.715,4.59,156.09,-1.219,-1.157,11.019,10.967,10.068,0.112,0.767,0.03873,5.277438210922796,11.051,10.994,10.14
21.283,-2.468,1.057,7.096,250.0,-0.0,-0.35,12.242,11.842,12.021,0.601,1.456,0.014038,6.941765023093514,12.155,11.815,11.889
66.203,-0.083,0.821,4.405,82.542,-1.402,-0.929,10.758,10.743,9.261,0.032,0.835,0.038892,3.221767070447441,10.772,10.757,9.286
29.759,0.138,0.646,5.871,207.027,-0.023,-5.623,11.121,11.104,9.69,0.037,0.662,0.021674,5.680856119311368,11.122,11.105,9.694
60.337,0.393,0.526,6.727,49.472,-0.007,-1.098,10.61,10.543,9.756,0.14,0.592,0.015734,10.687561096592642,10.632,10.558,9.823
2.772,-1.945,1.02,5.173,250.0,-0.859,1.233,11.594,11.493,10.908,0.206,1.12,0.03582,4.761539426969905,11.513,11.436,10.717
39.212,-0.171,0.641,4.595,164.366,-1.6,2.404,11.181,10.989,10.733,0.357,0.832,0.021541,4.69195650169825,11.21,11.008,10.778
65.14,0.558,0.896,4.106,250.0,-1.003,1.009,11.634,11.619,10.169,0.034,0.911,0.019366,15.171111690181506,11.679,11.661,10.271
24.582,-0.616,0.901,3.222,250.0,-0.835,-0.173,11.472,11.471,8.43,0.001,0.902,0.049405,3.201127532723008,11.448,11.447,8.354
63.216,0.508,0.803,2.975,250.0,-0.927,-1.009,11.156,11.155,8.494,0.002,0.804,0.033415,6.402434797242082,11.196,11.195,8.577
58.888,0.044,1.0,4.6,250.0,-1.522,-0.748,11.637,11.532,10.964,0.213,1.104,0.041332,3.5116308450584435,11.641,11.535,10.97
58.188,0.518,0.62,4.232,249.081,-1.58,1.098,11.314,11.136,10.841,0.336,0.798,0.03212,5.638593304199543,11.336,11.156,10.865
56.261,-0.335,0.928,3.256,209.456,-1.546,1.052,11.12,11.113,9.21,0.012,0.934,0.022181,8.365276013939537,11.123,11.116,9.216
73.726,0.252,0.664,6.54,51.359,-0.295,1.035,10.564,10.532,9.411,0.07,0.695,0.026499,4.177249702870634,10.618,10.574,9.591
60.152,-0.239,0.518,3.451,55.044,-0.864,-1.05,10.574,10.573,7.605,0.001,0.518,0.03865,3.829225817992568,10.603,10.603,7.666
2.886,0.002,0.365,5.176,140.959,-1.6,-2.122,11.757,10.989,11.676,0.83,1.133,0.058096,4.6185188325240505,11.678,10.943,11.589
74.512,0.013,0.801,5.055,250.0,-0.302,-1.117,11.48,11.471,9.742,0.018,0.809,0.032565,6.637957854355999,11.512,11.502,9.86
31.117,0.058,0.635,5.661,108.25,-0.416,107.457,10.89,10.861,9.693,0.064,0.664,0.032622,6.2726494893712195,10.891,10.862,9.697
36.751,-0.839,0.942,3.861,250.0,-1.362,0.994,11.387,11.369,9.983,0.039,0.96,0.020094,7.714300097373122,11.306,11.29,9.852
74.309,0.143,0.874,4.906,250.0,-1.41,-0.316,11.943,11.74,11.511,0.371,1.076,0.013234,15.080640554509754,11.973,11.759,11.561
41.001,-0.09,0.944,3.869,250.0,-1.307,1.005,11.45,11.434,9.988,0.035,0.959,0.035627,7.111756836903316,11.41,11.397,9.885
41.133,0.179,0.702,4.543,250.0,-1.336,1.272,11.477,11.389,10.736,0.182,0.789,0.061969,3.705088455442656,11.418,11.338,10.642
84.745,-1.158,1.046,4.25,250.0,-1.6,0.117,11.676,11.574,10.996,0.209,1.147,0.024912,8.744183155766091,11.696,11.591,11.027
52.61,0.394,0.811,5.451,59.679,-0.719,1.078,10.653,10.641,9.092,0.027,0.823,0.059484,2.735126273840687,10.646,10.634,9.067
78.843,0.394,0.894,2.799,250.0,-1.296,-1.264,11.257,11.255,8.82,0.004,0.896,0.065131,4.851069237446357,11.289,11.287,8.879
24.433,0.241,0.327,2.415,131.331,-1.6,-6.807,10.954,10.951,8.797,0.007,0.33,0.030268,12.94414932164494,10.936,10.932,8.771
19.538,-1.935,0.501,4.23,129.86,-1.118,1.332,10.996,10.991,8.98,0.01,0.505,0.039415,2.212760720415869,10.93,10.926,8.819
74.472,0.362,0.505,5.617,71.961,-0.308,1.337,10.662,10.638,9.373,0.051,0.528,0.044221,4.427663285828949,10.739,10.705,9.607
18.219,0.432,0.617,2.995,184.661,-1.083,-1.569,11.115,11.113,8.578,0.003,0.618,0.036237,6.287668707032357,11.062,11.061,8.424
56.396,0.607,-0.102,5.41,91.225,-1.588,1.064,11.493,10.64,11.427,0.86,0.751,0.024911,8.382888676693051,11.494,10.641,11.429
2.605,-0.393,1.231,6.288,250.0,-0.321,-0.773,11.829,11.554,11.499,0.468,1.505,0.045893,4.164698876450101,11.666,11.485,11.197
51.159,0.52,0.538,3.917,93.022,-1.6,-1.09,10.843,10.828,9.383,0.035,0.554,0.036534,3.5596928987826555,10.817,10.801,9.347
69.628,-0.004,0.861,3.39,172.165,-1.492,-0.698,11.027,11.022,9.013,0.01,0.866,0.051041,3.602339200996492,11.038,11.033,9.042
79.073,0.185,0.756,3.831,127.276,-1.306,-0.855,10.906,10.898,9.154,0.018,0.764,0.048219,4.561493022557792,10.928,10.919,9.203
80.043,0.026,0.753,4.48,250.0,-1.6,48.308,11.473,11.255,11.068,0.394,0.97,0.032347,7.785582904729397,11.462,11.246,11.054
85.581,-0.381,1.077,2.629,250.0,-1.6,-0.152,11.743,11.738,9.677,0.009,1.08,0.030063,9.393308610010022,11.783,11.778,9.751
53.14,-0.289,1.131,4.548,250.0,-0.281,-1.055,11.318,11.312,9.491,0.015,1.137,0.091752,7.033285384083693,11.294,11.288,9.419
25.74,-0.838,0.687,6.448,60.098,-0.159,-0.946,10.934,10.737,10.495,0.364,0.883,0.034005,6.380252441080707,10.775,10.636,10.211
41.103,0.135,0.875,4.757,250.0,-1.597,-0.599,11.615,11.352,11.269,0.452,1.137,0.045733,3.763947799058107,11.606,11.346,11.258
47.269,-1.359,0.437,5.552,65.672,-0.815,0.935,10.769,10.673,10.064,0.197,0.533,0.013887,4.634167089034796,10.748,10.658,10.023
50.233,-0.809,0.624,4.094,203.739,-0.768,0.815,11.1,11.096,9.042,0.009,0.628,0.031716,5.84493121120133,11.102,11.098,9.05
51.876,0.082,0.47,4.726,63.929,-0.041,1.092,10.689,10.68,8.976,0.019,0.479,0.053643,6.70965028686894,10.668,10.66,8.918
77.569,0.039,0.575,4.811,79.816,-1.442,-0.998,10.742,10.711,9.57,0.067,0.605,0.035933,2.6034614832251792,10.778,10.744,9.647
60.498,-0.347,0.754,3.429,250.0,-1.595,0.963,11.431,11.411,10.086,0.045,0.774,0.025755,8.609502876409076,11.442,11.422,10.103
3.098,-0.901,0.941,4.35,250.0,-1.452,-1.537,11.296,11.239,10.38,0.122,0.997,0.047175,3.4083143906833593,11.256,11.205,10.294
76.349,-0.045,0.849,4.643,187.109,-1.504,-0.933,11.098,11.032,10.243,0.14,0.915,0.023574,3.1440687510911207,11.135,11.063,10.313
86.56,0.262,0.852,6.856,132.362,-0.0,-1.016,10.956,10.903,9.999,0.111,0.902,0.013915,6.569303195828291,11.02,10.94,10.237
18.225,-1.028,0.833,6.293,151.46,-0.486,1.009,11.45,11.102,11.191,0.551,1.18,0.027796,5.219504677531087,11.264,10.983,10.942
85.911,0.284,0.756,4.515,97.587,-0.905,1.033,10.774,10.771,8.439,0.005,0.758,0.046224,4.038367734626594,10.827,10.823,8.6
6.58,-1.2,0.827,4.478,250.0,-0.796,1.15,11.317,11.303,9.818,0.032,0.841,0.030925,9.510728382220451,11.315,11.301,9.811
84.379,0.135,0.664,5.397,250.0,-0.895,-0.199,11.955,11.458,11.788,0.682,1.161,0.010966,18.139776962929226,11.996,11.478,11.839
38.677,0.374,0.71,5.477,223.829,-0.676,1.054,11.241,11.171,10.411,0.148,0.78,0.025631,6.6465096222739275,11.194,11.136,10.286
83.093,0.427,0.935,4.792,144.652,-0.927,-1.055,10.811,10.785,9.571,0.058,0.961,0.040079,5.796263923305123,11.002,10.968,9.875
18.263,-2.215,0.983,5.176,71.069,-1.565,-0.953,10.901,10.781,10.283,0.241,1.103,0.050002,3.16603294391277,10.802,10.701,10.12
2.665,-1.884,1.065,4.942,250.0,-1.427,-3.302,11.827,11.619,11.406,0.38,1.272,0.05198,3.012805035529936,11.728,11.556,11.241
18.578,-2.63,0.71,5.009,250.0,-1.141,-0.932,11.484,11.392,10.763,0.19,0.801,0.043805,2.2875607546723145,11.365,11.291,10.56
85.484,0.165,0.778,5.514,250.0,-0.749,-0.166,11.427,11.312,10.791,0.231,0.893,0.022558,7.476959561437396,11.46,11.333,10.86
60.115,0.583,0.738,5.071,205.085,-1.109,1.037,11.262,11.08,10.797,0.343,0.92,0.030667,7.462943450487115,11.287,11.098,10.834
54.601,0.44,0.51,5.828,221.853,-0.283,,11.189,11.108,10.418,0.169,0.59,0.061007,3.6289888885013792,11.191,11.11,10.424
26.056,-1.853,0.651,3.325,179.54,-1.14,0.769,11.108,11.105,8.922,0.007,0.654,0.054697,3.005261990619279,11.038,11.036,8.741
68.075,0.1,0.844,4.884,99.744,-1.221,1.025,10.838,10.745,10.124,0.193,0.937,0.003381,6.9028901489612515,10.928,10.829,10.238
75.021,-0.143,0.891,3.279,61.708,-1.591,1.005,10.587,10.584,8.449,0.007,0.894,0.057094,6.2352415988182175,10.65,10.647,8.549
45.981,-1.397,0.598,4.775,57.037,-1.264,-0.934,10.695,10.663,9.549,0.071,0.63,0.036105,4.1128169454584205,10.646,10.616,9.468
63.837,0.475,0.557,6.172,62.627,-0.025,1.122,10.646,10.561,9.896,0.177,0.642,0.031127,5.4220458986238915,10.693,10.596,9.993
2.566,-1.041,0.544,5.665,54.001,-1.425,1.96,11.079,10.708,10.838,0.574,0.915,0.035825,3.297933126510859,10.927,10.595,10.655
79.449,0.31,0.829,3.782,150.394,-0.39,-9.388,10.975,10.974,7.806,0.001,0.83,0.046927,4.181434827100255,10.984,10.983,7.834
82.41,0.411,0.843,5.212,250.0,-0.408,-1.769,11.468,11.453,9.927,0.029,0.856,0.038531,5.93351400931652,11.492,11.476,10.013
64.235,-0.083,0.838,4.306,216.048,-1.305,-0.152,11.136,11.11,9.884,0.056,0.863,0.040317,3.785595808464488,11.143,11.116,9.901
62.115,0.096,0.954,3.048,250.0,-1.251,-1.172,11.587,11.585,9.032,0.003,0.956,0.086974,3.3263844887857785,11.596,11.594,9.054
37.894,-1.289,0.762,5.171,50.999,-0.962,0.174,10.598,10.581,9.178,0.038,0.779,0.022958,5.714293797377977,10.588,10.571,9.146
37.95,0.482,0.753,4.435,117.038,-0.526,1.134,10.921,10.919,8.372,0.003,0.754,0.021312,5.623969117462574,10.895,10.893,8.271
2.575,-3.0,1.217,5.037,250.0,-1.6,-0.581,12.627,12.181,12.435,0.642,1.664,0.009226,9.723191393557176,12.498,12.102,12.274
65.864,-2.272,0.629,5.733,111.406,-0.388,0.961,10.858,10.822,9.766,0.081,0.666,0.01325,7.172624033821819,10.918,10.873,9.912
62.034,-0.046,0.849,5.438,250.0,-0.421,-0.887,11.431,11.405,10.192,0.058,0.875,0.044522,3.474248546715806,11.443,11.415,10.228
49.013,0.315,0.552,6.41,67.807,-0.068,1.234,10.723,10.684,9.647,0.084,0.59,0.024103,5.197767766036439,10.722,10.683,9.64
65.021,-2.997,0.878,5.217,56.088,-1.6,0.352,10.685,10.582,10.007,0.21,0.98,0.022962,3.3192623327211765,10.719,10.61,10.062
79.448,0.138,0.732,4.895,81.709,-1.568,1.066,10.778,10.716,9.891,0.13,0.793,0.028381,2.9526385723251387,10.821,10.753,9.973
77.791,0.469,0.728,6.057,100.689,-0.124,-1.067,10.765,10.736,9.565,0.063,0.756,0.020455,8.479479659644776,10.882,10.835,9.89
51.58,-0.049,0.69,5.271,250.0,-0.474,-0.152,11.307,11.27,10.206,0.079,0.726,0.029442,7.984087511429952,11.305,11.269,10.202
84.023,0.105,0.89,4.286,250.0,-1.6,-0.538,11.735,11.568,11.238,0.318,1.057,0.054475,8.438387309977266,11.766,11.593,11.281
25.834,0.478,0.376,3.953,76.756,-0.753,-1.252,10.811,10.81,8.118,0.002,0.377,0.027851,3.3755323607432164,10.731,10.73,7.92
85.23,0.155,0.632,5.503,146.199,-1.058,1.127,11.222,10.958,10.88,0.455,0.896,0.010022,6.943458939692932,11.264,10.971,10.954
41.215,-0.028,0.577,5.422,79.714,-1.591,-0.931,11.144,10.785,10.894,0.562,0.936,0.023524,6.145778850733803,11.075,10.745,10.8
50.665,-0.645,0.605,4.882,158.118,-1.341,0.777,11.102,11.007,10.388,0.194,0.698,0.011135,18.245194705581188,11.107,11.012,10.399
83.588,-0.33,0.913,4.416,250.0,-1.163,0.662,11.248,11.227,9.897,0.045,0.933,0.03371,4.174830294400125,11.312,11.287,10.038
41.463,-0.04,0.831,3.267,241.848,-0.725,-0.487,11.169,11.168,7.971,0.001,0.832,0.052545,3.298256480553106,11.158,11.156,7.929
68.894,-1.209,0.913,6.834,250.0,-0.0,1.352,11.684,11.48,11.255,0.374,1.116,0.001111,4.940828429640289,11.668,11.472,11.225
85.652,0.245,0.942,4.243,250.0,-1.426,-0.192,11.562,11.47,10.841,0.19,1.034,0.046703,13.458828443956095,11.614,11.512,10.934
2.581,-1.274,1.303,5.691,250.0,-1.055,-4.194,12.123,11.855,11.786,0.461,1.571,0.015724,5.9209772771068705,11.984,11.782,11.554
41.108,-0.229,0.834,3.302,250.0,-1.23,0.939,11.306,11.303,9.112,0.006,0.837,0.048764,3.55036592324066,11.252,11.249,8.997
62.491,0.164,0.872,5.091,51.32,-1.068,-0.692,10.578,10.567,8.941,0.023,0.882,0.040022,4.44145341796308,10.586,10.574,8.964
81.828,-0.288,1.084,4.051,180.484,-0.89,1.007,10.844,10.838,8.957,0.013,1.09,0.04557,8.016296963781457,11.062,11.052,9.417
72.694,0.121,0.735,4.526,87.361,-1.587,-1.008,10.742,10.651,10.018,0.189,0.826,0.029918,7.809309751038068,10.875,10.779,10.17
85.327,0.275,0.963,3.669,153.252,-0.979,-1.43,10.965,10.963,8.362,0.003,0.965,0.035286,5.982167470539381,10.998,10.995,8.46
80.845,0.171,0.868,5.131,80.515,-0.714,0.953,10.539,10.512,9.327,0.061,0.895,0.023023,12.76776060758436,10.791,10.749,9.755
30.307,0.036,0.64,4.858,250.0,-1.6,-2.073,11.862,11.514,11.6,0.549,0.986,0.010294,14.46444139232068,11.868,11.518,11.609
75.095,0.228,0.87,4.485,106.009,-1.284,-1.049,10.779,10.747,9.636,0.072,0.902,0.024687,10.7212643673056,10.895,10.855,9.838
2.566,-2.175,0.937,3.898,250.0,-0.633,-2.872,11.566,11.546,10.216,0.045,0.957,0.064755,5.027052036826731,11.436,11.421,9.967
63.938,0.296,0.849,5.469,221.577,-0.529,-1.097,11.123,11.106,9.684,0.036,0.865,0.039254,3.2933297008565994,11.144,11.125,9.757
83.59,0.223,0.48,3.613,244.329,-0.493,3.009,11.13,11.126,9.105,0.009,0.484,0.043016,7.206728540178684,11.151,11.147,9.164
19.659,0.156,0.832,5.467,210.721,-0.47,1.076,11.177,11.153,9.889,0.052,0.855,0.057866,3.5200696645361074,11.123,11.106,9.698
45.838,0.041,0.712,5.595,180.382,-0.211,-0.641,11.085,11.063,9.768,0.048,0.733,0.023441,9.571878838487333,11.08,11.058,9.747
2.566,-0.639,1.151,5.543,76.782,-1.309,-3.41,10.963,10.827,10.393,0.269,1.287,0.049887,2.054194640328384,10.839,10.73,10.186
60.01,0.142,0.617,3.296,71.98,-1.324,1.051,10.688,10.686,8.087,0.003,0.618,0.027278,6.875643677979344,10.708,10.706,8.13
50.224,0.449,0.491,4.522,64.122,-0.751,1.087,10.686,10.67,9.249,0.037,0.507,0.036022,6.187816623280069,10.649,10.633,9.183
39.171,0.466,0.411,5.441,46.776,-1.6,0.935,10.784,10.521,10.441,0.454,0.673,0.037923,4.114285734412852,10.725,10.475,10.366
17.529,0.428,0.85,6.352,47.209,-0.502,-2.038,10.632,10.586,9.63,0.1,0.896,0.064965,2.3634021524337947,10.579,10.542,9.48
64.18,0.315,0.968,3.725,149.584,-1.404,-1.163,10.975,10.969,9.082,0.013,0.973,0.026004,5.957878570755476,10.993,10.986,9.126
21.677,0.008,0.601,4.816,230.371,-1.6,-2.468,11.754,11.141,11.632,0.756,1.214,0.008486,11.490254239531032,11.749,11.139,11.626
2.612,-2.984,1.028,6.623,250.0,-0.597,-8.473,12.596,11.619,12.548,0.895,2.005,0.008693,7.716904434465792,12.381,11.579,12.306
62.697,0.207,0.594,5.841,57.255,-0.113,1.441,10.626,10.607,9.241,0.041,0.613,0.048184,3.884621461765593,10.638,10.618,9.279
58.783,-0.773,0.566,3.422,94.937,-1.6,-1.054,10.793,10.785,9.079,0.019,0.574,0.048701,5.4909013307499395,10.819,10.809,9.146
52.726,0.391,-0.053,5.62,69.361,-1.568,-1.026,11.523,10.664,11.459,0.862,0.806,0.008284,14.325177972538032,11.493,10.637,11.427
64.499,0.365,0.794,4.027,250.0,-0.843,-1.284,11.178,11.172,9.251,0.012,0.799,0.048235,5.230940864476113,11.2,11.194,9.329
60.653,-3.0,0.717,6.491,154.414,-0.0,-0.82,11.153,10.977,10.676,0.333,0.893,0.012416,13.192244303345603,11.206,10.999,10.785
41.566,0.569,0.692,6.296,78.065,-0.008,1.003,10.943,10.792,10.409,0.292,0.842,0.035355,10.357035675443427,10.855,10.737,10.229
42.085,-0.625,0.872,4.904,250.0,-0.22,0.104,11.189,11.185,9.093,0.008,0.876,0.015941,8.38073460698303,11.188,11.184,9.09
18.5,0.536,0.846,6.605,42.96,-0.317,1.015,10.592,10.555,9.501,0.081,0.883,0.037647,3.174498827625607,10.525,10.502,9.229
51.918,0.47,0.886,6.507,130.41,-0.075,0.958,10.983,10.934,9.999,0.104,0.934,0.046826,3.6613131231281306,10.976,10.929,9.98
84.87,0.133,0.79,4.768,250.0,-1.407,-0.373,11.457,11.313,10.905,0.281,0.933,0.015431,7.584030000222213,11.476,11.326,10.937
86.728,-0.091,1.066,4.752,81.967,-1.294,1.01,10.565,10.51,9.642,0.119,1.121,0.047546,7.458029495333678,10.827,10.755,10.009
31.697,0.037,0.262,5.491,64.007,-1.461,-0.969,11.113,10.647,10.931,0.658,0.727,0.024588,5.850992957484888,10.992,10.553,10.796
70.905,0.385,0.793,4.704,126.481,-1.359,1.452,10.938,10.903,9.794,0.072,0.826,0.033819,5.399115974527504,10.959,10.922,9.85
18.939,0.593,0.89,5.453,250.0,-1.035,-0.985,11.724,11.548,11.242,0.331,1.065,0.037112,4.587097355414391,11.696,11.534,11.186
63.582,-1.678,0.71,5.782,147.771,-0.02,-1.011,10.979,10.936,9.95,0.093,0.753,0.020934,9.468359468502127,11.03,10.979,10.07
21.332,-0.16,0.799,3.963,250.0,-1.24,-1.257,11.49,11.471,10.106,0.041,0.817,0.032868,9.36885652632117,11.487,11.468,10.098
86.222,0.298,0.939,4.369,250.0,-1.034,0.14,11.631,11.597,10.501,0.074,0.973,0.072007,8.710859087785918,11.682,11.642,10.619
6.132,-0.65,0.982,3.28,250.0,-1.164,1.408,11.626,11.622,9.371,0.006,0.985,0.022749,6.888746449190948,11.619,11.615,9.352
2.762,-2.708,0.746,4.969,80.237,-1.586,1.433,10.989,10.811,10.515,0.336,0.923,0.04697,3.9864175553972303,10.905,10.747,10.391
42.071,0.478,0.841,4.793,250.0,-1.003,-1.29,11.378,11.345,10.232,0.072,0.873,0.051166,3.5599407429126213,11.346,11.316,10.155
73.683,0.409,0.603,4.888,195.456,-1.511,-1.018,11.304,11.038,10.963,0.457,0.868,0.017939,7.1921441219303865,11.372,11.082,11.059
81.309,0.103,0.865,4.922,250.0,-1.3,0.292,11.491,11.38,10.835,0.222,0.974,0.019676,8.2639746508715,11.505,11.39,10.862
36.616,-3.0,1.582,6.658,250.0,-0.756,1.034,12.188,12.008,11.716,0.337,1.761,0.015711,6.2784045258057555,12.14,11.977,11.634
46.179,0.189,0.629,4.94,134.718,-1.577,1.038,11.144,10.96,10.681,0.345,0.812,0.018448,5.802708533109151,11.122,10.944,10.646
75.217,-0.245,0.93,3.539,250.0,-1.248,-0.282,11.343,11.337,9.447,0.013,0.936,0.052554,4.88285250756937,11.361,11.354,9.491
52.82,-0.27,0.685,4.62,136.458,-1.584,0.94,11.037,10.952,10.286,0.178,0.77,0.026816,3.302757366205143,11.029,10.944,10.273
35.016,0.424,0.829,2.684,250.0,-1.291,0.959,11.268,11.266,8.675,0.003,0.83,0.025831,6.799108236956009,11.242,11.24,8.608
69.184,0.569,0.705,4.045,126.332,-1.519,1.026,10.849,10.807,9.819,0.093,0.747,0.030312,8.675607973593655,10.965,10.919,9.965
85.427,0.372,0.832,6.68,154.7,-0.059,-1.045,10.947,10.92,9.707,0.058,0.858,0.025099,5.864761903530613,11.04,11.0,9.979
2.805,-2.057,0.61,3.944,250.0,-1.306,4.068,11.346,11.323,10.043,0.05,0.632,0.022662,6.5836894468345575,11.29,11.271,9.897
83.003,-0.372,1.063,5.366,250.0,-0.135,0.241,11.424,11.418,9.286,0.007,1.066,0.056124,3.833121199507675,11.436,11.43,9.342
79.393,0.143,0.785,6.143,250.0,-0.07,0.644,11.379,11.341,10.283,0.08,0.821,0.01196,12.132376594197364,11.402,11.358,10.358
62.662,-0.242,0.86,4.212,132.181,-0.321,0.608,10.93,10.928,7.803,0.001,0.86,0.031696,5.60802925820765,10.941,10.939,7.854
84.713,0.227,0.841,4.88,250.0,-0.354,-0.776,11.425,11.409,9.971,0.035,0.857,0.042005,10.102096027618536,11.455,11.435,10.086
59.519,0.29,0.703,4.538,250.0,-1.568,0.954,11.557,11.255,11.256,0.501,1.005,0.020326,13.20611330278312,11.572,11.265,11.277
50.221,-0.286,0.794,5.077,250.0,-0.677,-0.165,11.363,11.315,10.375,0.103,0.841,0.025709,8.646188062053685,11.374,11.323,10.411
85.575,0.004,0.838,5.258,187.273,-1.093,1.35,11.476,11.054,11.269,0.621,1.259,0.015768,24.686158417465816,11.508,11.074,11.307
74.923,-1.754,0.665,5.422,63.103,-0.933,0.948,10.64,10.581,9.739,0.126,0.723,0.01897,10.272951517528169,10.737,10.655,9.971
32.851,0.416,0.74,3.517,45.003,-1.097,-0.981,10.553,10.552,7.447,0.001,0.741,0.030691,4.426963405803186,10.522,10.521,7.344
60.79,-0.94,0.531,3.894,80.886,-0.909,0.947,10.728,10.725,8.596,0.007,0.535,0.031604,5.024024311988336,10.753,10.749,8.644
62.716,0.156,0.511,3.886,239.882,-1.547,0.478,11.177,11.116,10.288,0.129,0.571,0.059763,3.823302197961847,11.198,11.136,10.321
76.24,-0.388,0.756,5.152,173.517,-1.245,-0.721,11.09,11.012,10.301,0.163,0.834,0.012536,6.522147237865369,11.13,11.044,10.378
34.662,-2.96,0.491,4.135,250.0,-1.311,-1.017,11.254,11.22,10.13,0.075,0.525,0.028725,4.145096799802532,11.257,11.222,10.136
78.379,0.31,0.797,4.185,55.972,-0.633,-0.918,10.58,10.578,7.484,0.001,0.797,0.038374,4.790229745650777,10.61,10.608,7.581
29.341,-2.994,0.909,7.042,250.0,-0.0,0.8,11.384,11.225,10.868,0.305,1.067,0.022876,4.9766752874385425,11.332,11.198,10.752
2.732,0.002,0.591,5.157,221.372,-1.363,-0.941,11.883,11.165,11.791,0.809,1.31,0.003938,5.151663772070484,11.76,11.108,11.65
18.491,0.566,1.062,7.111,82.339,-0.0,-0.893,10.852,10.814,9.778,0.084,1.1,0.044233,3.032213040715601,10.78,10.758,9.463
56.35,0.182,0.337,5.672,45.759,-1.478,-0.823,10.798,10.516,10.477,0.478,0.619,0.008153,13.961915351265915,10.816,10.527,10.503
75.006,0.349,0.955,4.396,250.0,-0.902,-0.955,10.98,10.951,9.78,0.063,0.984,0.021505,15.57416136180408,11.243,11.203,10.187
80.043,-3.0,0.784,6.329,250.0,-0.0,-1.107,11.841,11.612,11.453,0.409,1.012,0.030604,6.571740736766532,11.817,11.595,11.42
67.327,-0.115,0.619,5.013,62.485,-1.517,0.962,10.813,10.588,10.419,0.404,0.844,0.024043,14.43555128263939,10.889,10.651,10.514
26.934,-0.546,0.769,4.494,144.285,-1.6,0.223,11.129,10.971,10.611,0.304,0.927,0.020538,10.579473645463183,11.128,10.971,10.61
45.257,-2.989,0.533,3.682,112.117,-1.596,-1.07,10.925,10.899,9.692,0.059,0.559,0.024993,8.347242285319721,10.898,10.873,9.658
25.374,-1.079,0.935,4.378,250.0,-1.6,-0.697,11.871,11.718,11.342,0.296,1.087,0.014256,9.283803213558889,11.854,11.706,11.313
85.23,0.172,0.853,6.523,250.0,-0.012,-0.655,11.612,11.511,10.92,0.203,0.952,0.010073,6.694290386259261,11.64,11.528,10.993
86.56,0.393,2.0,7.182,103.57,-0.41,-1.726,10.824,10.751,9.885,0.12,2.055,0.065526,4.042711098883266,10.934,10.847,10.11
30.4,-1.038,0.823,3.276,49.201,-1.168,0.337,10.559,10.558,7.321,0.001,0.824,0.057212,2.670777342481317,10.559,10.558,7.32
22.437,0.028,0.728,4.692,250.0,-1.577,0.236,11.846,11.568,11.519,0.472,1.006,0.015269,16.460462433893866,11.834,11.56,11.502
65.277,0.543,1.107,3.923,250.0,-0.938,0.839,11.506,11.5,9.618,0.013,1.112,0.016358,19.43808388117077,11.554,11.547,9.714
75.608,0.137,0.68,5.024,86.679,-0.939,-1.107,10.751,10.739,9.178,0.027,0.691,0.050789,2.594353662546076,10.789,10.775,9.267
60.03,0.336,0.674,6.63,49.996,-0.0,1.22,10.591,10.557,9.464,0.075,0.708,0.032356,2.9828531814256367,10.6,10.565,9.493
56.166,0.075,0.711,5.453,51.068,-0.567,-0.935,10.661,10.579,9.897,0.172,0.793,0.022016,13.58597396928888,10.652,10.572,9.882
2.657,-2.402,0.82,4.267,238.657,-0.831,-1.203,11.22,11.213,9.405,0.015,0.827,0.046088,2.732239369722446,11.159,11.154,9.175
75.642,-0.042,1.044,3.333,250.0,-0.806,-0.957,11.131,11.13,8.523,0.002,1.045,0.04852,7.868908712631594,11.225,11.223,8.784
59.992,0.401,0.604,5.693,107.389,-0.044,1.134,10.851,10.839,9.269,0.026,0.615,0.025221,7.445771551151193,10.873,10.859,9.36
81.396,0.19,0.767,4.214,112.566,-1.27,0.944,10.869,10.852,9.442,0.037,0.783,0.057198,4.783216484426104,10.892,10.873,9.494
18.76,-1.639,1.167,4.433,250.0,-1.599,-0.386,12.035,11.972,11.159,0.133,1.23,0.041322,4.145811059016608,11.994,11.937,11.081
62.514,0.272,0.803,4.832,133.524,-0.366,1.107,10.926,10.922,8.831,0.008,0.807,0.030951,6.940199177659427,10.947,10.942,8.92
62.705,-0.496,0.959,3.701,250.0,-1.347,0.234,11.573,11.559,10.059,0.031,0.972,0.056484,4.559354751342032,11.579,11.564,10.071
32.623,0.303,0.541,4.842,126.898,-0.563,-0.798,10.969,10.965,8.905,0.009,0.544,0.044011,2.403913889080152,10.92,10.917,8.741
59.511,0.369,0.688,5.13,250.0,-0.607,-1.365,11.308,11.282,10.079,0.059,0.715,0.052921,3.480318226823909,11.321,11.293,10.118
57.409,-2.923,0.462,6.116,64.42,-0.204,1.013,10.708,10.648,9.816,0.128,0.522,0.016214,7.278216433247413,10.728,10.663,9.866
39.494,0.037,0.887,3.759,250.0,-0.692,0.973,11.477,11.475,8.897,0.003,0.888,0.086167,2.946104715136769,11.468,11.466,8.865
60.308,0.382,0.718,4.108,197.708,-1.12,-1.004,11.075,11.063,9.51,0.027,0.73,0.039425,4.269729408645998,11.093,11.081,9.545
37.152,0.156,0.67,3.685,84.54,-1.6,2.92,10.779,10.767,9.205,0.027,0.682,0.038153,4.195875506485972,10.777,10.765,9.201
64.291,0.427,0.801,5.911,122.612,-0.248,1.009,10.9,10.859,9.845,0.088,0.841,0.023679,6.995567820939569,10.958,10.909,9.983
22.429,0.054,0.729,4.584,154.933,-1.004,-1.277,11.051,11.027,9.764,0.052,0.752,0.053001,4.147487180702593,11.012,10.991,9.669
52.71,-0.193,0.958,4.528,250.0,-1.066,-0.332,11.757,11.72,10.661,0.08,0.994,0.029374,6.10953612232255,11.764,11.726,10.678
58.99,-0.381,0.875,3.174,250.0,-1.172,0.563,11.41,11.407,8.895,0.003,0.877,0.05049,3.3364338631238497,11.421,11.419,8.93
2.896,-0.46,0.511,6.462,96.435,-0.004,10.634,11.154,10.862,10.843,0.488,0.802,0.009851,3.765514797550974,11.002,10.789,10.589
57.769,-2.584,0.717,5.322,235.602,-0.336,-1.01,11.167,11.14,9.943,0.06,0.744,0.016355,12.247780541807268,11.19,11.16,10.018
78.865,0.296,0.945,2.613,116.477,-1.465,-2.666,10.877,10.875,7.885,0.001,0.945,0.069835,3.651766051004481,10.889,10.887,7.917
37.453,0.519,0.663,5.395,60.255,-0.115,1.317,10.694,10.69,8.642,0.009,0.667,0.044877,2.891132395644888,10.641,10.638,8.472
26.194,-0.365,0.568,5.106,114.062,-1.39,1.104,11.115,10.96,10.589,0.298,0.722,0.031736,3.653760750194619,11.011,10.877,10.432
85.23,0.166,1.01,5.63,250.0,-0.003,0.421,11.773,11.735,10.694,0.083,1.047,0.049567,10.33981564932859,11.797,11.753,10.772
26.958,0.021,0.641,3.626,73.54,-0.969,0.487,10.728,10.727,8.172,0.003,0.642,0.044508,4.275314464048749,10.715,10.714,8.133
55.465,0.338,0.906,4.473,250.0,-1.413,0.572,11.814,11.719,11.107,0.196,1.001,0.067661,6.121065995392762,11.821,11.724,11.118
84.652,0.177,0.76,3.783,250.0,-1.312,0.308,11.255,11.243,9.687,0.027,0.772,0.069157,3.987019302096701,11.281,11.267,9.749
36.84,-2.998,0.536,4.905,48.278,-1.579,-1.13,10.704,10.6,10.035,0.214,0.641,0.029492,5.330631672545691,10.653,10.551,9.975
73.376,0.294,0.822,4.982,64.479,-1.14,1.113,10.651,10.638,9.07,0.026,0.834,0.046772,2.5024347258302506,10.677,10.663,9.145
86.121,-0.018,0.945,3.453,136.444,-1.523,1.075,10.911,10.907,8.652,0.006,0.948,0.055668,2.629707324627428,10.951,10.947,8.747
52.756,0.009,0.59,4.76,250.0,-1.45,-1.944,11.684,11.17,11.525,0.693,1.103,0.0024,15.380614055458585,11.719,11.187,11.568
62.728,-2.677,0.575,4.682,69.036,-1.6,-1.007,10.81,10.658,10.28,0.295,0.727,0.026111,8.888667945182535,10.842,10.69,10.314
2.633,-0.811,0.87,4.953,250.0,-1.569,-0.719,12.127,11.677,11.936,0.645,1.32,0.025028,7.756494095021181,12.011,11.616,11.787
79.933,0.458,0.553,5.328,68.969,-1.328,-1.101,10.796,10.563,10.414,0.415,0.785,0.03765,10.993324791047767,10.956,10.689,10.618
39.215,-2.972,0.683,5.858,238.033,-0.0,0.776,11.174,11.132,10.142,0.093,0.725,0.004829,4.25091396826677,11.183,11.138,10.176
54.193,-1.517,0.211,5.33,71.271,-1.6,-1.037,11.081,10.527,10.939,0.721,0.765,0.019255,7.772971563178082,11.084,10.529,10.942
56.365,-2.972,0.799,3.16,250.0,-1.48,1.17,11.303,11.291,9.753,0.028,0.812,0.018536,13.233967078623458,11.319,11.306,9.774
74.11,0.141,0.938,4.071,250.0,-1.061,0.702,11.5,11.489,9.818,0.021,0.947,0.014302,7.792282583848778,11.514,11.502,9.86
81.594,0.162,0.874,4.99,250.0,-0.587,0.746,11.19,11.178,9.569,0.024,0.885,0.060366,4.1924067162587875,11.22,11.206,9.673
85.847,0.233,0.749,4.835,250.0,-1.291,0.236,11.732,11.516,11.326,0.392,0.965,0.020731,14.643442542112188,11.785,11.55,11.407
78.272,0.041,1.024,4.509,250.0,-1.467,0.97,11.546,11.415,10.96,0.26,1.154,0.027495,12.258211184808053,11.58,11.444,11.01
60.416,0.664,0.79,6.434,217.362,-0.001,-1.239,11.191,11.099,10.468,0.189,0.881,0.012282,4.808918252119711,11.214,11.115,10.522
52.697,-1.524,0.567,6.207,128.646,-0.089,0.99,11.002,10.926,10.205,0.159,0.643,0.024619,4.357205154672672,10.995,10.921,10.187
52.991,0.489,0.753,6.439,250.0,-0.137,55.526,11.328,11.252,10.52,0.156,0.827,0.016424,13.597066817237316,11.335,11.256,10.539
85.847,0.224,0.965,6.032,250.0,-0.009,0.524,11.807,11.768,10.725,0.083,1.003,0.039029,8.67584870475904,11.845,11.797,10.85
25.759,0.433,0.713,6.556,171.716,-0.468,-1.377,11.291,11.084,10.867,0.377,0.919,0.016746,6.658691848060304,11.199,11.039,10.686
4.407,-2.079,0.956,4.253,250.0,-1.447,1.153,11.781,11.724,10.863,0.121,1.012,0.032273,6.602343084755954,11.773,11.718,10.844
68.505,0.026,0.729,2.932,120.426,-1.378,0.978,10.804,10.802,8.444,0.004,0.731,0.037673,6.194299842887189,10.901,10.899,8.575
63.07,0.322,0.675,4.937,109.061,-0.379,1.021,10.845,10.833,9.3,0.028,0.687,0.037563,5.931424710616091,10.876,10.862,9.381
47.901,-0.571,0.53,4.088,95.328,-1.513,0.959,10.846,10.82,9.598,0.056,0.555,0.034526,5.138421636899532,10.836,10.811,9.578
2.651,-2.319,0.948,4.993,250.0,-1.536,1.053,12.059,11.719,11.794,0.543,1.288,0.023081,5.613088884280899,11.951,11.655,11.644
69.35,-0.0,0.798,4.71,151.81,-1.378,0.755,11.026,10.967,10.122,0.125,0.856,0.028342,5.274197814377074,11.051,10.989,10.17
55.899,0.383,0.802,5.825,69.791,-0.074,1.309,10.701,10.694,8.796,0.012,0.807,0.032619,5.177620450564786,10.701,10.694,8.795
58.404,0.212,0.41,4.878,172.39,-1.583,1.23,11.402,11.033,11.159,0.572,0.779,0.028803,6.522832463798832,11.398,11.03,11.155
2.575,-3.0,1.167,5.531,250.0,-1.373,-2.478,12.277,11.839,12.079,0.635,1.604,0.032362,5.250241552339925,12.126,11.76,11.882
18.361,0.088,0.273,7.251,46.305,-0.0,-1.781,11.12,10.58,10.972,0.711,0.813,0.019347,6.241164475182233,10.935,10.533,10.715
18.28,0.536,0.408,6.824,112.85,-0.224,-2.493,11.544,10.956,11.415,0.742,0.996,0.026252,4.635367761078238,11.367,10.871,11.2
53.854,0.546,0.626,5.811,98.806,-0.036,1.018,10.855,10.834,9.536,0.048,0.647,0.039451,4.1122101537107865,10.844,10.824,9.499
72.822,0.238,0.927,5.869,250.0,-0.175,1.035,11.394,11.368,10.126,0.054,0.951,0.027983,7.192363141565506,11.427,11.395,10.261
46.229,0.141,0.719,5.64,89.378,-0.311,-1.087,10.845,10.796,9.87,0.106,0.767,0.048715,5.220600759639974,10.832,10.787,9.826
65.855,-2.844,0.861,4.543,250.0,-0.542,-1.053,11.622,11.605,10.214,0.039,0.878,0.014027,11.62678533001663,11.672,11.653,10.313
85.103,0.184,0.8,6.083,240.43,-0.303,0.883,11.196,11.152,10.17,0.094,0.843,0.028037,9.082361793589294,11.22,11.169,10.247
66.021,0.264,0.727,3.568,116.594,-1.178,-1.047,10.825,10.822,8.677,0.007,0.73,0.020735,8.537141366187145,10.894,10.891,8.789
2.759,-2.999,0.36,6.261,132.589,-1.386,-7.612,11.917,10.775,11.883,0.928,1.5,0.012906,1.4967038473048346,11.764,10.718,11.721
2.849,-0.003,0.693,5.403,250.0,-1.221,1.795,12.288,11.679,12.166,0.754,1.303,0.018425,7.723602020101313,12.182,11.624,12.041
18.707,-0.207,0.641,6.405,215.313,-0.165,-1.022,11.186,11.12,10.33,0.139,0.706,0.016392,3.098177698691222,11.171,11.109,10.289
84.027,0.063,0.842,6.538,250.0,-0.117,-0.363,11.306,11.228,10.515,0.162,0.919,0.00368,14.57942453261814,11.347,11.252,10.629
81.745,-0.133,0.884,4.279,95.191,-1.498,-0.995,10.758,10.744,9.243,0.031,0.898,0.042969,3.268487247755342,10.828,10.811,9.399
74.768,0.002,0.722,4.426,250.0,-1.6,-1.741,11.488,11.312,11.009,0.332,0.897,0.045891,4.290045536397527,11.494,11.316,11.017
2.608,-3.0,1.001,4.943,250.0,-1.6,2.006,11.953,11.578,11.715,0.578,1.376,0.023071,3.1821589655859266,11.829,11.502,11.553
2.818,-0.068,0.858,4.968,250.0,-1.376,-2.271,11.792,11.576,11.385,0.392,1.074,0.031828,3.4842234256843945,11.712,11.526,11.252
52.239,0.397,0.948,5.516,167.261,-0.652,2.886,11.052,11.029,9.735,0.048,0.969,0.043419,3.454972888927337,11.046,11.024,9.718
38.367,0.047,0.215,5.17,76.132,-1.582,-1.537,10.976,10.736,10.529,0.383,0.425,0.05186,2.5664666438858093,10.963,10.725,10.509
85.847,0.231,0.923,4.786,250.0,-1.497,2.006,11.622,11.393,11.233,0.409,1.151,0.051306,4.460219718256493,11.649,11.417,11.264
72.466,0.005,0.409,5.299,78.933,-0.94,1.053,11.07,10.705,10.825,0.569,0.774,0.033403,17.2569174833852,11.16,10.741,10.952
50.541,0.314,0.871,5.218,106.73,-0.886,-1.173,10.903,10.864,9.839,0.086,0.91,0.05459,4.470740945134026,10.893,10.855,9.81
20.155,0.209,0.98,6.12,250.0,-0.323,0.668,11.971,11.762,11.553,0.382,1.189,0.063014,6.594421215218663,11.943,11.751,11.495
62.733,0.405,0.594,4.894,92.363,-1.423,-0.979,10.868,10.773,10.159,0.196,0.688,0.024841,7.07924153932522,10.903,10.801,10.221
4.915,-0.786,0.883,3.958,250.0,-0.453,-0.638,11.497,11.495,9.025,0.003,0.884,0.028545,7.093983132797692,11.486,11.483,8.98
10.352,-0.172,0.466,5.035,46.029,-1.365,-2.493,10.578,10.533,9.563,0.097,0.51,0.030713,5.3840489526099695,10.575,10.53,9.558
84.023,0.105,0.804,4.309,250.0,-1.6,0.549,11.79,11.614,11.312,0.333,0.98,0.00953,9.729562168948409,11.826,11.636,11.375
48.488,-0.29,0.582,4.85,72.239,-1.208,-0.916,10.754,10.719,9.644,0.078,0.617,0.022569,7.834212411355101,10.741,10.707,9.613
41.246,0.314,0.938,4.052,250.0,-0.451,-1.049,11.524,11.521,9.359,0.007,0.941,0.031492,10.282480918575237,11.485,11.483,9.192
59.748,0.644,0.474,5.351,51.602,-1.538,-0.987,10.762,10.556,10.339,0.377,0.68,0.019453,7.886301565777797,10.784,10.576,10.364
35.572,0.027,0.927,4.456,250.0,-1.191,-0.288,11.378,11.353,10.118,0.055,0.952,0.056246,3.8426207213961177,11.371,11.346,10.101
78.205,-2.42,1.164,6.64,118.328,-1.034,0.895,12.018,10.897,11.371,0.748,1.764,0.039066,8.669852778893654,12.018,10.898,11.374
28.895,-2.749,0.958,3.719,250.0,-1.005,-0.155,11.522,11.519,9.196,0.005,0.96,0.053993,2.7551462419318864,11.491,11.488,9.088
70.281,0.038,0.803,4.906,250.0,-0.508,0.323,11.393,11.373,10.045,0.045,0.823,0.067448,4.000464981509232,11.398,11.377,10.061
2.566,-2.515,1.612,4.305,250.0,-0.441,1.722,12.026,12.018,10.241,0.016,1.619,0.028787,10.095384555291204,11.962,11.958,9.955
79.52,0.111,0.938,4.664,250.0,-1.31,-0.292,11.589,11.492,10.886,0.198,1.034,0.035238,7.198071118110011,11.61,11.508,10.928
39.57,-0.051,0.856,4.914,250.0,-0.983,0.889,11.514,11.446,10.67,0.143,0.923,0.033311,8.284108496664322,11.521,11.452,10.688
52.882,-1.041,0.795,4.148,65.972,-1.496,-0.97,10.696,10.68,9.234,0.035,0.81,0.021592,9.02991063861358,10.688,10.672,9.224
72.543,-0.77,0.79,3.841,133.674,-0.459,0.952,10.852,10.85,8.39,0.003,0.792,0.022129,13.560070311447513,10.946,10.943,8.643
2.796,-0.008,0.946,6.263,250.0,-0.426,-1.179,12.216,11.831,11.984,0.587,1.33,0.006977,12.543346419190945,12.077,11.778,11.773
51.695,0.277,0.745,4.798,250.0,-1.6,0.62,11.501,11.263,11.124,0.421,0.983,0.045748,3.9156037492279383,11.498,11.26,11.12
41.875,0.52,0.745,6.246,66.323,-0.299,-1.153,10.754,10.706,9.771,0.104,0.793,0.048256,3.2821533515736054,10.714,10.674,9.656
86.357,0.299,0.775,4.675,250.0,-0.0,-1.403,11.3,11.29,9.664,0.023,0.785,0.05474,10.903381208224326,11.329,11.316,9.803
76.061,0.173,0.789,4.589,250.0,-1.45,-0.972,11.233,11.115,10.606,0.236,0.906,0.017684,7.211030633804032,11.333,11.179,10.806
45.286,0.41,0.766,4.475,135.364,-1.572,-0.93,11.048,10.982,10.194,0.14,0.832,0.047733,3.783863833289458,11.004,10.943,10.118
20.089,-0.209,0.838,2.182,250.0,-1.599,-0.806,11.508,11.506,8.807,0.002,0.839,0.061035,3.351767994614273,11.45,11.449,8.699
3.411,-0.173,0.879,4.75,192.012,-1.016,-1.218,11.143,11.111,9.999,0.072,0.911,0.047004,3.8929765933211735,11.102,11.074,9.89
53.308,-0.115,0.832,4.808,250.0,-0.598,-1.042,11.287,11.278,9.595,0.02,0.841,0.044728,3.602439447934456,11.276,11.268,9.563
65.779,0.444,0.854,5.142,250.0,-0.045,0.912,11.341,11.334,9.442,0.013,0.86,0.031426,8.446979007260062,11.379,11.372,9.586
56.987,0.251,0.975,5.877,250.0,-0.283,-0.761,11.539,11.51,10.321,0.061,1.002,0.036485,5.826020634257145,11.542,11.513,10.332
28.31,-0.063,0.543,4.771,98.785,-0.787,-0.762,10.867,10.842,9.607,0.055,0.568,0.026207,10.4462901053835,10.85,10.828,9.542
86.789,-0.148,0.988,4.808,80.279,-0.962,-0.631,10.698,10.686,9.121,0.026,0.999,0.042805,3.99633545359009,10.761,10.747,9.256
80.394,0.311,0.959,3.964,134.395,-1.321,-0.263,10.92,10.912,9.136,0.016,0.966,0.044208,3.86381858054261,10.95,10.941,9.206
3.11,-2.954,1.059,2.813,250.0,-1.018,-2.078,11.581,11.579,8.785,0.002,1.06,0.041414,6.291694797980953,11.555,11.554,8.685
66.792,0.599,0.756,6.568,54.592,-0.221,-1.068,10.65,10.56,9.923,0.187,0.846,0.015748,8.89626095775607,10.709,10.598,10.059
86.205,0.315,0.879,3.51,200.264,-1.41,0.141,11.055,11.037,9.649,0.039,0.896,0.048599,14.200313841278492,11.116,11.096,9.773
85.581,0.06,0.925,4.368,250.0,-1.572,0.149,11.671,11.556,11.036,0.232,1.04,0.035182,10.15259642078471,11.7,11.579,11.081
20.378,0.441,1.022,4.041,250.0,-1.016,-0.515,11.498,11.489,9.785,0.019,1.031,0.09139,4.065344126965537,11.459,11.451,9.659
25.582,0.015,0.738,5.055,105.657,-1.539,-2.669,10.985,10.851,10.405,0.264,0.871,0.021856,6.354728426656541,10.988,10.854,10.411
84.019,0.275,0.824,3.712,82.504,-1.34,-0.834,10.722,10.719,8.32,0.004,0.826,0.058315,2.758218589602856,10.76,10.757,8.387
86.015,0.304,1.306,4.83,196.2,-0.326,1.127,10.758,10.748,9.118,0.023,1.316,0.035007,16.50252079208611,11.108,11.091,9.68
77.525,0.317,0.842,5.074,81.318,-1.191,0.997,10.731,10.637,10.024,0.196,0.937,0.028374,12.611378643609571,10.874,10.753,10.258
25.869,0.478,0.355,4.919,187.843,-1.599,-0.998,11.686,11.132,11.543,0.721,0.908,0.019125,9.110664653035643,11.61,11.062,11.466
84.501,0.181,0.864,5.423,146.427,-0.604,1.131,10.994,10.969,9.714,0.053,0.887,0.02693,8.038266889948126,11.005,10.979,9.753
49.187,0.283,0.696,3.593,112.215,-1.566,-3.421,10.881,10.873,9.158,0.019,0.704,0.058877,4.111469972726017,10.881,10.872,9.157
52.115,0.121,0.867,5.558,174.11,-0.502,-0.829,11.1,11.039,10.218,0.131,0.928,0.05016,5.850349115993683,11.098,11.037,10.212
42.617,-0.042,0.785,4.081,250.0,-1.277,0.388,11.222,11.194,10.003,0.061,0.812,0.049892,4.530947687431384,11.224,11.196,10.009
19.126,-2.343,0.957,6.863,250.0,-0.0,0.614,11.792,11.561,11.406,0.411,1.187,0.025336,5.882617922392188,11.705,11.533,11.218
50.16,0.636,0.572,6.036,149.169,-0.0,1.124,11.129,11.01,10.509,0.24,0.691,0.022315,6.253217065397156,11.081,10.976,10.414
55.225,-0.117,0.798,4.887,112.014,-1.46,-0.294,10.943,10.869,10.132,0.155,0.871,0.04349,3.382721433051241,10.947,10.872,10.139
49.521,-0.249,0.696,5.505,152.906,-0.327,-0.983,11.042,11.013,9.849,0.064,0.725,0.026973,6.371629043491379,11.017,10.991,9.787
85.777,0.189,0.779,4.757,250.0,-0.414,-0.888,11.351,11.346,9.243,0.008,0.783,0.051632,6.2470071216440335,11.37,11.365,9.328
59.861,-0.34,0.705,2.765,118.414,-0.718,1.012,10.891,10.89,7.729,0.001,0.705,0.032115,6.487038778918035,10.892,10.892,7.733
85.23,0.139,0.693,5.342,149.873,-0.918,-0.68,11.089,10.969,10.472,0.241,0.813,0.017606,10.698015132975728,11.117,10.987,10.528
80.043,0.075,0.939,6.015,250.0,-0.0,-31.171,11.716,11.655,10.822,0.128,0.999,0.055071,5.6356053978371055,11.725,11.662,10.852
54.37,-0.205,0.605,4.844,42.978,-1.439,0.757,10.541,10.512,9.348,0.064,0.634,0.026009,5.6022142096816046,10.531,10.502,9.33
81.035,-0.72,0.94,3.22,135.123,-1.48,-0.949,10.803,10.799,8.737,0.009,0.943,0.036646,6.390462105876566,10.948,10.943,8.987
85.556,0.2,0.791,4.675,250.0,-1.493,-0.159,11.797,11.579,11.392,0.394,1.009,0.038148,7.918609516147572,11.842,11.609,11.458
37.507,0.037,0.837,4.537,249.084,-1.599,-0.347,11.463,11.176,11.147,0.484,1.124,0.040519,6.376282673672582,11.447,11.165,11.126
62.795,0.119,0.714,4.468,160.804,-1.556,-1.168,11.06,10.989,10.235,0.15,0.784,0.047313,3.659466278668377,11.078,11.005,10.262
37.768,0.362,0.755,6.673,46.887,-0.157,1.085,10.629,10.57,9.73,0.126,0.813,0.026556,4.877122817488037,10.583,10.538,9.578
46.447,-0.11,0.45,4.809,56.273,-1.548,0.941,10.679,10.629,9.719,0.11,0.5,0.026071,6.363106879077995,10.659,10.61,9.683
2.566,0.6,1.037,4.782,139.077,-0.034,3.036,11.034,11.01,9.758,0.053,1.061,0.028666,9.116074961247588,10.973,10.96,9.44
2.697,-3.0,1.189,5.986,250.0,-0.0,1.052,11.87,11.834,10.77,0.079,1.225,0.036286,2.798577591325277,11.798,11.776,10.487
86.468,0.132,0.843,3.716,250.0,-1.552,1.022,11.407,11.38,10.178,0.059,0.869,0.070737,5.084784428656955,11.449,11.419,10.263
25.064,0.123,0.924,5.635,250.0,-0.001,0.646,11.78,11.625,11.257,0.3,1.079,0.084419,10.453120796412644,11.815,11.645,11.325
43.496,0.097,0.74,5.865,250.0,-0.126,-1.325,11.315,11.281,10.189,0.075,0.774,0.0242,6.480469759263701,11.305,11.273,10.152
72.002,0.22,0.787,4.524,206.843,-0.9,0.986,11.042,11.018,9.759,0.052,0.81,0.02039,14.293702543926996,11.142,11.111,9.976
81.166,-0.363,0.762,2.939,204.776,-1.54,0.173,11.073,11.069,8.891,0.007,0.765,0.045486,3.949271497656373,11.098,11.095,8.94
84.456,0.007,0.673,4.669,250.0,-1.569,0.137,11.739,11.442,11.432,0.494,0.969,0.012128,16.691799801292575,11.767,11.46,11.471
18.246,-2.453,0.669,6.151,61.311,-0.832,0.89,10.895,10.72,10.415,0.331,0.844,0.029311,3.635042403177979,10.802,10.644,10.287
70.723,-0.089,0.564,2.864,170.961,-1.292,1.129,11.014,11.012,8.56,0.004,0.566,0.053646,4.874134392232699,11.028,11.026,8.596
83.949,0.176,0.948,5.429,250.0,-0.082,1.062,11.454,11.447,9.549,0.012,0.953,0.043232,3.833336917093061,11.478,11.471,9.638
64.28,0.218,0.849,6.279,182.625,-0.102,1.083,11.07,11.036,9.932,0.073,0.882,0.034911,3.825701523614616,11.092,11.054,10.011
62.782,0.524,0.47,5.454,58.619,-1.595,1.047,10.96,10.565,10.736,0.597,0.865,0.028873,6.269616581031582,11.002,10.601,10.781
82.799,0.055,0.844,5.292,250.0,-1.188,-0.271,11.832,11.57,11.486,0.452,1.105,0.010023,10.543007842813894,11.847,11.578,11.508
64.095,-0.118,0.678,3.68,58.905,-1.033,-1.016,10.609,10.608,7.793,0.002,0.679,0.022656,5.029257948542824,10.629,10.628,7.844
38.887,-0.338,0.966,5.181,250.0,-0.804,-0.196,11.707,11.635,10.886,0.151,1.037,0.003881,7.343325034163329,11.686,11.622,10.816
13.634,-0.004,1.051,4.271,250.0,-1.599,-0.53,11.828,11.746,11.06,0.171,1.133,0.039968,5.915398626834631,11.828,11.746,11.06
63.446,0.565,0.763,4.691,250.0,-1.006,0.98,11.24,11.167,10.428,0.154,0.836,0.042029,6.007450775135511,11.278,11.197,10.513
66.656,0.463,0.526,5.046,80.411,-1.581,1.091,10.933,10.717,10.527,0.392,0.742,0.019352,10.824792956778523,10.973,10.749,10.578
77.876,-0.054,0.888,3.36,139.925,-1.559,-1.002,10.798,10.788,9.18,0.024,0.899,0.027612,13.05866640829055,10.973,10.961,9.426
46.287,0.462,0.761,4.528,101.541,-1.495,-1.074,10.913,10.874,9.845,0.085,0.8,0.044291,3.3628719137575263,10.872,10.835,9.779
85.847,0.241,0.952,4.518,250.0,-1.344,-0.205,11.695,11.566,11.106,0.257,1.082,0.073459,6.882325128079061,11.744,11.603,11.184
75.959,0.251,0.957,3.507,113.503,-1.216,1.085,10.785,10.782,8.546,0.006,0.96,0.040627,6.055120389078251,10.881,10.878,8.761
57.711,-0.448,0.945,4.223,250.0,-1.392,-0.4,11.537,11.477,10.639,0.127,1.004,0.041616,6.683819151684527,11.552,11.49,10.673
47.415,0.174,0.896,6.067,250.0,-0.0,-0.589,11.282,11.238,10.263,0.096,0.94,0.029546,3.1022075053914366,11.269,11.228,10.22
68.459,0.256,0.989,5.468,250.0,-0.082,0.556,11.296,11.286,9.63,0.022,0.998,0.052482,4.625319785138454,11.314,11.303,9.691
71.981,0.005,0.996,4.451,250.0,-0.413,1.033,11.634,11.63,9.521,0.008,1.0,0.062569,6.1519532819716245,11.741,11.736,9.781
36.728,-2.999,0.653,3.386,193.388,-1.207,-1.097,11.091,11.083,9.371,0.019,0.661,0.026621,10.999454754937632,11.088,11.08,9.364
18.279,-1.362,0.826,5.547,101.587,-1.532,-0.918,11.111,10.902,10.693,0.381,1.035,0.037787,2.205471419733471,11.009,10.836,10.525
45.564,0.602,0.615,6.062,58.262,-0.498,-0.962,10.802,10.665,10.235,0.271,0.752,0.023498,6.927585382605544,10.742,10.624,10.116
56.173,0.575,0.787,3.897,250.0,-0.508,0.984,11.218,11.213,9.205,0.01,0.791,0.024462,13.55666616946829,11.214,11.21,9.197
66.175,0.405,0.9,5.14,156.974,-0.892,1.278,10.993,10.967,9.74,0.056,0.925,0.044566,3.7022520476035776,11.027,10.999,9.816
36.83,0.535,0.453,5.355,47.282,-1.509,0.841,10.779,10.602,10.306,0.336,0.63,0.038416,4.08686835176027,10.692,10.526,10.193
37.604,-3.0,0.66,4.569,250.0,-1.6,-0.391,11.367,11.185,10.899,0.341,0.841,0.013284,3.1440957937380283,11.337,11.164,10.852
25.767,-2.896,0.158,5.459,123.262,-0.0,1.715,11.098,10.981,10.467,0.234,0.274,0.021813,9.728496433756778,10.996,10.906,10.262
81.332,-0.119,0.732,4.006,250.0,-0.268,-0.176,11.443,11.44,9.126,0.005,0.734,0.02532,14.391328815838984,11.457,11.454,9.193
35.781,0.609,0.627,5.682,211.348,-1.207,98.177,11.552,11.12,11.35,0.63,1.058,0.027967,3.7784345423354897,11.516,11.101,11.303
36.665,0.018,0.962,6.641,76.036,-0.0,1.45,10.842,10.708,10.263,0.264,1.095,0.0034,11.144829534607885,10.873,10.727,10.327
78.295,0.035,0.819,3.866,87.889,-0.845,0.885,10.747,10.746,7.986,0.002,0.82,0.022364,3.393447423779224,10.783,10.781,8.076
2.566,0.447,0.78,4.64,134.157,-1.579,3.528,11.304,11.06,10.936,0.429,1.023,0.030618,5.962888561753995,11.163,10.941,10.766
74.926,0.499,0.82,4.171,91.418,-1.588,-1.092,10.7,10.666,9.575,0.075,0.854,0.019275,11.835104093553758,10.837,10.798,9.76
2.937,-0.002,0.828,6.027,250.0,-0.269,2.551,11.574,11.461,10.928,0.226,0.94,0.039952,3.276020972089318,11.498,11.413,10.744
34.317,-0.8,0.897,2.493,223.096,-1.52,0.214,11.149,11.147,8.459,0.002,0.898,0.042959,3.654871400597231,11.13,11.128,8.421
85.022,0.199,0.743,5.063,250.0,-1.423,0.255,11.778,11.332,11.585,0.642,1.188,0.010799,7.828806358698546,11.831,11.36,11.652
75.862,-0.459,0.985,3.73,250.0,-1.359,0.52,11.644,11.633,9.982,0.022,0.995,0.054433,3.947003256562916,11.654,11.643,10.007
45.247,0.642,0.666,5.994,169.453,-0.587,-0.95,11.301,11.069,10.918,0.413,0.898,0.008325,10.269902317787574,11.23,11.034,10.789
39.215,0.002,0.866,4.119,250.0,-1.6,-25.901,11.65,11.564,10.902,0.179,0.951,0.055424,5.952167021133865,11.661,11.574,10.919
41.978,0.099,1.019,5.415,250.0,-0.07,-0.67,11.465,11.452,9.938,0.03,1.032,0.065522,4.165624053871277,11.457,11.444,9.91
69.063,0.233,0.867,4.23,128.37,-0.972,-0.977,10.868,10.852,9.415,0.035,0.883,0.043002,7.952989917400456,10.943,10.923,9.586
86.517,0.55,0.863,6.922,185.948,-0.005,-1.653,10.975,10.942,9.799,0.067,0.893,0.023413,12.921887827217594,11.148,11.074,10.325
2.566,-1.87,1.07,6.207,216.753,-0.001,4.856,11.611,11.229,11.379,0.585,1.452,0.034456,4.969771221949416,11.386,11.121,11.045
62.612,0.235,0.86,4.968,116.394,-1.457,1.125,10.963,10.883,10.189,0.168,0.94,0.044446,3.248316091829328,10.968,10.887,10.198
84.7,0.244,0.964,4.8,250.0,-0.168,0.176,11.546,11.54,9.601,0.011,0.969,0.056345,9.363509694205035,11.585,11.577,9.768
71.998,-0.321,0.92,3.969,250.0,-1.444,-1.107,11.354,11.337,9.899,0.035,0.935,0.048038,3.7279618245967714,11.38,11.362,9.968
81.942,0.29,0.826,3.81,87.742,-0.795,0.423,10.759,10.758,8.242,0.003,0.828,0.051426,6.982540057551329,10.783,10.782,8.303
42.009,0.027,0.887,5.762,250.0,-0.19,-0.253,11.512,11.48,10.358,0.07,0.919,0.037422,4.204550966181723,11.509,11.477,10.346
85.581,0.206,0.954,5.758,250.0,-0.0,0.162,11.542,11.477,10.686,0.139,1.019,0.040025,15.298768379770184,11.58,11.502,10.799
66.04,0.277,0.604,4.982,88.293,-1.594,-1.012,10.894,10.763,10.309,0.26,0.735,0.024119,6.792773339761304,10.924,10.784,10.363
3.475,0.002,0.707,4.98,250.0,-1.437,-1.801,12.208,11.718,12.038,0.677,1.197,0.016774,16.038035328425263,12.157,11.69,11.976
2.765,-2.795,1.041,4.822,250.0,-1.238,2.158,11.692,11.567,11.087,0.249,1.165,0.041443,3.7496352880990305,11.61,11.508,10.931
15.173,-0.44,0.854,4.803,250.0,-0.275,1.424,11.673,11.659,10.133,0.029,0.867,0.04124,9.074446408670973,11.668,11.655,10.116
39.215,-3.0,0.758,6.154,250.0,-0.0,1.14,11.319,11.245,10.511,0.156,0.832,0.006805,5.12533027548978,11.326,11.25,10.533
68.325,0.084,0.817,4.683,153.694,-0.43,-2.512,10.999,10.994,9.006,0.01,0.822,0.02464,5.906882096300571,10.998,10.993,9.004
82.799,-3.0,0.89,4.445,250.0,-1.6,0.118,11.671,11.474,11.231,0.364,1.086,0.009346,14.077391744179636,11.701,11.492,11.282
73.742,-0.635,0.471,4.841,149.773,-1.208,-0.701,11.059,10.983,10.263,0.16,0.547,0.026115,6.563823944897184,11.06,10.983,10.263
50.485,0.29,0.758,4.604,250.0,-1.373,-0.931,11.312,11.242,10.479,0.147,0.827,0.029878,5.465569272096143,11.303,11.234,10.461
69.337,0.361,0.791,5.954,191.475,-0.114,1.136,11.06,11.049,9.412,0.023,0.801,0.026581,6.764671993988561,11.096,11.081,9.58
2.697,0.002,1.005,6.179,250.0,-0.468,0.897,12.128,11.811,11.842,0.518,1.322,0.023955,5.448523368697765,11.983,11.748,11.602
73.149,-0.2,0.99,3.419,250.0,-1.332,0.208,11.457,11.452,9.392,0.009,0.994,0.053805,4.098556985337471,11.469,11.463,9.423
84.745,0.069,0.801,4.99,250.0,-1.33,0.419,11.75,11.493,11.398,0.445,1.057,0.034762,5.887363528068785,11.775,11.51,11.434
72.134,0.557,0.741,4.136,116.729,-0.343,1.014,10.765,10.764,8.048,0.002,0.742,0.036279,4.888339466546552,10.888,10.887,8.347
84.745,0.133,0.94,5.766,250.0,-0.242,0.477,11.785,11.712,10.973,0.154,1.012,0.035767,9.54040077310281,11.812,11.73,11.045
85.847,0.222,0.698,6.669,54.057,-0.388,-1.247,10.655,10.575,9.877,0.167,0.777,0.009274,5.413580639079333,10.684,10.594,9.95
86.246,0.277,0.813,4.218,206.749,-1.343,0.916,11.027,11.007,9.67,0.044,0.832,0.051789,3.7568180023192577,11.124,11.099,9.857
86.357,0.138,0.853,4.496,79.796,-1.6,-1.053,10.724,10.689,9.606,0.076,0.888,0.051064,3.6207803418126825,10.783,10.745,9.703
66.538,0.323,0.816,4.619,250.0,-1.422,1.144,11.374,11.296,10.579,0.161,0.893,0.018415,9.316763247144513,11.403,11.319,10.64
2.583,-0.734,1.118,5.337,250.0,-1.338,0.669,12.119,11.658,11.935,0.654,1.579,0.036669,5.722526517324192,11.967,11.58,11.738
11.287,0.556,0.358,5.262,53.952,-1.596,-4.347,10.873,10.563,10.58,0.509,0.667,0.038379,5.4784607928563185,10.775,10.481,10.467
85.538,0.326,1.061,5.38,250.0,-0.577,-1.021,11.387,11.344,10.353,0.093,1.104,0.043119,5.937095146721347,11.504,11.444,10.611
52.711,0.572,0.434,4.804,136.495,-1.574,-1.038,11.24,10.963,10.914,0.472,0.712,0.035053,5.116945119368971,11.215,10.94,10.885
9.881,-0.007,0.81,4.113,174.841,-1.506,-1.31,11.092,11.058,9.953,0.073,0.843,0.010847,7.863554619361666,11.079,11.046,9.924
23.669,0.002,0.58,6.326,219.728,-0.288,1.683,11.369,11.138,10.984,0.412,0.811,0.002326,7.343969963535457,11.337,11.126,10.923
83.888,0.101,0.806,4.971,86.463,-1.566,-0.994,10.788,10.525,10.445,0.454,1.069,0.043025,9.32481808379728,11.077,10.775,10.776
32.929,-2.576,0.376,4.125,45.896,-1.398,0.928,10.608,10.602,8.772,0.015,0.382,0.035265,3.085655044473401,10.537,10.531,8.651
31.608,-0.759,0.423,5.15,140.892,-0.038,1.009,11.008,11.001,9.224,0.016,0.431,0.025418,6.338693604290526,10.966,10.96,9.042
50.132,0.292,0.77,3.72,135.538,-1.46,-0.367,10.952,10.944,9.19,0.017,0.777,0.05339,3.7477843869545753,10.952,10.943,9.189
70.051,0.441,0.563,3.535,86.807,-0.656,-43.689,10.767,10.766,7.904,0.001,0.564,0.050797,4.65086238952679,10.777,10.776,7.944
49.1,0.035,0.432,5.106,87.771,-1.595,-1.098,11.101,10.815,10.784,0.482,0.718,0.03479,4.759322355219843,11.053,10.779,10.722
33.311,0.063,0.678,4.821,250.0,-1.518,0.775,11.516,11.25,11.176,0.457,0.943,0.020638,8.387707647154754,11.456,11.213,11.086
84.533,0.608,0.141,6.402,143.754,-0.673,,11.445,10.597,11.377,0.857,0.987,0.048336,3.251500000042157,11.465,10.606,11.399
23.166,0.013,0.885,5.747,213.136,-0.127,-0.297,11.17,11.145,9.911,0.055,0.909,0.050769,4.855785534619519,11.132,11.112,9.779
19.721,-1.415,0.496,5.043,87.318,-1.598,0.188,10.987,10.825,10.48,0.311,0.658,0.015886,5.923983397867343,10.924,10.78,10.374
49.159,0.624,0.768,2.762,188.972,-1.172,-0.994,11.116,11.115,8.406,0.002,0.769,0.018121,9.767012264233491,11.076,11.075,8.337
19.795,0.335,1.008,5.802,250.0,-0.025,-0.889,11.847,11.812,10.728,0.076,1.042,0.060173,6.01544475105832,11.83,11.799,10.656
41.608,0.388,0.638,5.542,52.653,-1.581,0.974,10.778,10.619,10.264,0.306,0.797,0.024618,3.7999282983423663,10.73,10.584,10.183
39.215,-3.0,0.991,4.802,250.0,-1.373,-0.174,11.714,11.555,11.199,0.306,1.15,0.001004,4.83083522094216,11.733,11.565,11.237
59.364,-0.205,0.631,3.787,170.636,-1.493,-1.038,11.035,11.019,9.59,0.036,0.647,0.038569,3.915502627049998,11.043,11.026,9.607
62.785,-1.623,0.657,5.443,64.217,-0.646,-0.893,10.671,10.647,9.401,0.054,0.681,0.035412,3.7460700884326306,10.688,10.662,9.449
56.166,-2.326,0.814,4.703,68.07,-1.486,0.982,10.749,10.693,9.83,0.121,0.87,0.030538,4.766256726138808,10.74,10.684,9.817
39.215,-3.0,0.309,7.104,100.906,-0.0,1.777,11.646,10.856,11.569,0.838,1.099,0.015431,5.980039010901642,11.6,10.83,11.519
79.406,0.311,0.806,5.143,250.0,-0.205,0.972,11.295,11.285,9.63,0.022,0.815,0.052566,4.48362298121222,11.326,11.314,9.729
82.799,0.063,0.878,5.512,250.0,-0.717,-0.259,11.695,11.541,11.167,0.297,1.031,0.01659,9.398497090648547,11.717,11.554,11.212
19.841,-1.273,1.047,3.168,250.0,-1.6,0.289,11.628,11.622,9.747,0.013,1.053,0.065076,4.190290352994316,11.618,11.612,9.722
76.528,-0.378,0.579,4.401,195.858,-1.542,-1.274,11.229,11.059,10.739,0.324,0.749,0.020815,11.285077381659576,11.258,11.085,10.774
2.597,-0.213,0.859,5.057,250.0,-1.57,-1.068,12.112,11.603,11.951,0.69,1.367,0.033977,5.4807392795782945,11.978,11.53,11.787
2.625,-0.041,0.988,6.6,174.893,-0.608,-1.592,11.588,11.118,11.408,0.66,1.457,0.010168,4.672045880738778,11.398,11.045,11.144
56.169,-0.599,0.625,4.968,69.587,-1.027,-0.97,10.728,10.692,9.635,0.081,0.662,0.034131,5.666523409818823,10.729,10.693,9.637
59.466,-0.001,0.238,3.69,46.118,-1.324,-2.376,10.541,10.536,8.539,0.01,0.242,0.029465,8.082373929973377,10.536,10.532,8.528
2.735,-0.922,0.996,5.653,250.0,-0.845,0.988,12.11,11.882,11.719,0.407,1.223,0.023523,4.040965813805553,12.005,11.825,11.532
76.804,0.065,0.717,5.244,128.08,-0.727,1.513,10.942,10.92,9.613,0.047,0.738,0.026895,6.420404398820643,10.949,10.927,9.635
28.716,0.429,0.734,4.633,250.0,-1.533,-0.25,11.455,11.288,10.956,0.317,0.9,0.052459,3.5964002542550357,11.423,11.267,10.9
86.055,0.146,0.898,4.001,250.0,-1.6,0.21,11.383,11.301,10.616,0.171,0.979,0.042454,10.019685292683535,11.407,11.32,10.659
55.625,0.449,0.605,5.335,114.007,-1.243,1.067,11.002,10.876,10.403,0.252,0.731,0.023568,3.5254831647342706,11.005,10.878,10.408
33.18,-3.0,0.399,6.405,250.0,-0.815,0.668,12.801,11.291,12.787,0.969,1.909,0.008895,9.935085421396495,12.648,11.223,12.632
72.226,-0.142,0.596,5.577,54.455,-0.748,-0.968,10.553,10.513,9.501,0.089,0.636,0.039883,3.849114557672152,10.65,10.599,9.697
86.596,0.201,1.277,3.989,192.354,-1.303,-1.155,10.963,10.938,9.703,0.055,1.301,0.060263,9.77395865147882,11.114,11.077,10.033
49.064,0.483,0.629,5.162,155.576,-1.274,0.977,11.298,11.028,10.964,0.463,0.899,0.016196,8.828052997988038,11.252,10.998,10.897
71.687,0.507,0.577,5.274,92.405,-1.252,-1.053,10.934,10.709,10.539,0.403,0.801,0.035247,6.149036834706308,11.04,10.799,10.668
66.951,0.101,0.936,3.902,220.452,-0.885,-7.012,11.12,11.117,8.719,0.004,0.937,0.050429,3.493087919758762,11.127,11.124,8.741
79.647,0.604,0.636,6.192,250.0,-0.394,,11.857,11.454,11.637,0.604,1.038,0.039382,7.200941357476428,11.875,11.461,11.663
82.675,0.06,0.327,4.974,85.534,-1.598,-1.56,10.949,10.766,10.481,0.342,0.509,0.012019,14.52492398424536,10.958,10.773,10.496
71.483,0.401,0.838,5.735,140.907,-0.133,-1.011,10.927,10.915,9.278,0.022,0.848,0.02171,9.791889728548538,10.981,10.965,9.488
7.16,-0.023,0.512,2.48,250.0,-0.977,3.092,11.174,11.173,8.301,0.001,0.512,0.037615,5.572777152068776,11.169,11.168,8.29
72.49,-0.108,0.662,4.287,216.886,-1.526,-0.623,11.205,11.115,10.472,0.185,0.751,0.006235,10.544582400942732,11.221,11.128,10.502
65.873,0.246,0.775,4.481,171.908,-1.584,-1.045,11.137,11.006,10.55,0.259,0.906,0.021481,9.92881729672657,11.175,11.039,10.604
18.199,-0.696,1.07,3.759,250.0,-1.6,1.152,11.45,11.413,10.346,0.079,1.106,0.029915,8.166215178274285,11.459,11.423,10.36
19.296,0.304,0.867,5.001,250.0,-1.009,3.61,11.646,11.563,10.883,0.173,0.95,0.051548,4.465982679230351,11.633,11.555,10.847
24.511,0.018,0.773,4.665,250.0,-1.6,-1.834,11.766,11.434,11.493,0.534,1.105,0.031025,10.860528266119736,11.776,11.439,11.507
84.745,0.131,0.833,6.083,46.573,-0.576,-0.273,10.639,10.523,10.007,0.234,0.948,0.009024,8.903485115516382,10.655,10.535,10.039
36.788,-2.97,1.163,6.269,250.0,-1.033,-1.104,12.387,11.831,12.246,0.722,1.718,0.023163,5.1024853584404335,12.374,11.824,12.229
31.616,-0.739,0.928,6.137,250.0,-0.0,0.153,11.643,11.595,10.656,0.103,0.975,0.027786,8.273676675261907,11.63,11.586,10.607
48.41,-0.679,0.294,4.699,60.907,-1.454,-0.84,10.678,10.641,9.579,0.08,0.33,0.027165,4.5144179570927045,10.678,10.642,9.58
67.558,0.489,0.553,5.187,110.049,-1.434,1.042,11.163,10.804,10.913,0.562,0.912,0.028438,7.356296076270496,11.247,10.864,11.015
30.884,0.165,0.417,5.69,45.667,-1.6,1.162,10.919,10.543,10.681,0.579,0.792,0.035392,3.95699543731452,10.849,10.505,10.586
60.501,0.311,0.688,5.08,46.651,-1.586,1.072,10.581,10.526,9.647,0.117,0.741,0.058959,2.444110088560705,10.593,10.537,9.666
3.326,0.002,0.802,4.602,250.0,-1.6,1.166,11.773,11.495,11.447,0.473,1.079,0.026243,4.930703728462259,11.743,11.474,11.405
61.819,0.128,0.833,4.523,250.0,-1.6,1.127,11.414,11.235,10.942,0.337,1.012,0.045861,3.6789337610753368,11.411,11.232,10.939
85.397,0.172,0.806,4.054,250.0,-1.596,0.195,11.374,11.262,10.729,0.227,0.918,0.034668,10.50768939398991,11.409,11.289,10.79
58.89,0.221,0.726,4.251,204.165,-1.573,1.273,11.184,11.084,10.497,0.206,0.826,0.042178,4.959731710944138,11.193,11.091,10.512
31.7,-0.563,0.75,4.159,140.788,-1.541,0.984,11.103,11.055,10.126,0.105,0.798,0.019081,10.174208026028433,11.008,10.964,9.991
38.61,0.003,0.738,4.609,250.0,-1.183,-0.351,11.374,11.303,10.547,0.149,0.808,0.024217,8.520332674362402,11.373,11.302,10.545
3.474,-1.572,0.782,3.737,93.255,-1.39,-4.455,10.835,10.829,9.017,0.015,0.788,0.0478,4.140814843905985,10.81,10.804,8.955
76.878,0.133,0.692,5.379,65.527,-1.339,-1.005,10.711,10.611,10.019,0.204,0.791,0.032515,3.725392465250429,10.78,10.67,10.132
4.874,0.665,0.11,4.674,62.878,-1.6,,10.778,10.554,10.382,0.402,0.333,0.031555,10.921435861524335,10.744,10.52,10.348
61.07,0.173,0.536,4.975,72.691,-0.314,1.108,10.7,10.682,9.301,0.04,0.553,0.029292,10.60383943759459,10.729,10.71,9.372
36.616,-0.799,1.49,5.428,250.0,-1.381,-0.778,12.367,12.229,11.802,0.272,1.628,0.035594,5.6252767162452235,12.291,12.171,11.673
86.759,0.288,0.634,5.388,60.017,-1.583,1.001,10.952,10.526,10.748,0.625,1.06,0.153729,13.688999590477788,11.074,10.636,10.878
2.572,-0.038,1.335,6.0,250.0,-0.859,-1.535,11.765,11.347,11.556,0.618,1.753,0.019334,3.859661191038322,11.58,11.262,11.295
28.164,0.007,0.824,4.464,250.0,-1.569,0.474,11.75,11.627,11.141,0.246,0.947,0.030047,6.634599886230473,11.743,11.621,11.13
56.357,0.089,0.385,5.639,56.396,-1.58,-0.991,10.977,10.626,10.721,0.554,0.736,0.019631,6.80444209886051,10.956,10.611,10.694
31.654,0.358,0.66,5.312,146.245,-0.414,1.013,11.093,11.069,9.819,0.053,0.684,0.033471,4.296824234215647,10.988,10.97,9.581
80.196,0.239,0.607,4.946,79.898,-1.596,-0.999,10.759,10.641,10.134,0.237,0.725,0.017529,8.436052126753108,10.902,10.746,10.381
41.157,-0.083,0.493,5.537,70.92,-0.527,0.959,10.78,10.749,9.614,0.068,0.523,0.023275,6.199993234960362,10.725,10.7,9.472
22.992,-0.398,1.046,5.909,250.0,-0.0,1.352,11.706,11.67,10.602,0.079,1.081,0.04334,4.507021802355663,11.677,11.647,10.482
63.724,0.347,0.722,4.203,147.946,-0.895,1.055,10.939,10.933,9.091,0.014,0.728,0.037557,4.735443382410976,10.982,10.975,9.173
68.656,0.206,0.702,4.073,87.288,-1.378,1.053,10.709,10.676,9.575,0.073,0.735,0.03205,9.354665914814468,10.813,10.779,9.693
48.281,-0.162,0.883,3.52,222.666,-0.967,-0.55,11.132,11.13,8.628,0.003,0.885,0.027903,3.7292902268078456,11.129,11.126,8.616
59.873,-0.29,0.734,5.04,62.052,-1.147,-0.942,10.685,10.632,9.744,0.115,0.787,0.044533,4.969912760503092,10.703,10.649,9.772
3.558,-3.0,1.088,5.446,250.0,-1.376,-6.673,12.016,11.49,11.863,0.703,1.614,0.058299,4.41082453709486,11.962,11.453,11.801
48.099,0.57,0.662,5.235,250.0,-0.88,-0.947,11.306,11.219,10.558,0.179,0.748,0.019503,8.504225698871677,11.275,11.196,10.494
79.54,0.507,0.776,5.458,174.02,-0.827,-1.066,10.927,10.863,10.059,0.136,0.84,0.020907,7.391749861186739,11.139,11.042,10.443
77.996,-0.224,0.565,4.742,77.668,-1.535,-0.945,10.736,10.7,9.621,0.077,0.6,0.039149,2.6078607084418493,10.773,10.734,9.694
2.619,-3.0,0.901,4.218,201.622,-1.6,7.881,11.329,11.176,10.8,0.296,1.054,0.020956,8.638822054781564,11.228,11.099,10.64
69.868,-0.157,0.766,4.399,108.755,-0.511,-0.946,10.79,10.786,8.668,0.008,0.769,0.041456,5.381326051640203,10.865,10.861,8.853
19.096,0.109,0.987,4.362,250.0,-1.245,0.595,11.407,11.354,10.46,0.113,1.039,0.045938,8.13324499385605,11.407,11.354,10.46
68.991,0.475,0.374,5.569,62.754,-1.534,1.018,11.023,10.536,10.852,0.674,0.861,0.035683,5.968797738502894,11.129,10.637,10.96
39.552,0.126,0.853,4.975,250.0,-0.7,-1.047,11.371,11.351,10.009,0.043,0.873,0.063906,3.59688023216231,11.354,11.335,9.952
85.229,-0.259,0.705,5.102,250.0,-1.251,0.68,11.686,11.253,11.487,0.632,1.138,0.038796,6.768117402926053,11.772,11.335,11.575
86.462,0.337,0.837,5.128,129.257,-1.349,-1.014,10.947,10.852,10.234,0.194,0.931,0.018821,8.188579930829919,11.051,10.931,10.431
19.617,-3.0,0.911,6.127,250.0,-0.005,-1.931,11.304,11.262,10.263,0.091,0.953,0.031122,4.255327647997708,11.28,11.244,10.172
78.725,0.273,1.012,5.663,250.0,-0.234,-0.952,11.212,11.195,9.768,0.036,1.028,0.048331,4.636584174473131,11.252,11.232,9.891
59.521,0.532,0.785,3.42,96.472,-1.385,-1.029,10.811,10.807,8.781,0.009,0.789,0.019534,10.690658458357378,10.823,10.819,8.801
38.88,-0.333,1.082,2.881,250.0,-1.006,-0.662,11.67,11.669,8.617,0.001,1.082,0.063295,3.875440292846675,11.652,11.651,8.563
72.196,0.102,0.809,4.511,80.262,-0.192,0.986,10.645,10.642,8.516,0.007,0.813,0.045775,8.227440831683815,10.752,10.747,8.83
86.698,0.564,0.915,4.382,126.57,-1.6,-1.367,10.875,10.756,10.254,0.24,1.034,0.052004,7.696224916214712,11.044,10.917,10.445
84.745,0.045,0.924,5.615,250.0,-0.863,-0.161,11.63,11.385,11.265,0.432,1.17,0.009107,16.896316924972247,11.665,11.404,11.319
49.453,-0.207,0.759,4.039,208.892,-1.472,0.985,11.19,11.122,10.351,0.145,0.827,0.053251,5.86677898563129,11.163,11.099,10.299
84.07,0.413,0.589,4.676,136.552,-1.132,-1.686,10.944,10.916,9.731,0.061,0.617,0.019518,7.611390665725499,10.982,10.951,9.805
86.698,0.387,1.018,6.479,175.911,-0.0,-1.197,11.006,10.976,9.604,0.041,1.036,0.040209,6.931941874971946,11.09,11.049,9.924
85.581,-0.166,0.957,5.446,250.0,-0.0,0.123,11.517,11.502,10.036,0.033,0.972,0.017084,5.227547419509467,11.538,11.52,10.12
84.745,-3.0,0.073,5.349,219.463,-1.518,0.999,12.033,10.596,12.017,0.963,1.511,0.016356,9.133653575501723,12.096,10.63,12.081
80.043,0.002,0.453,3.451,179.363,-1.6,4.556,10.931,10.905,9.678,0.056,0.478,0.005064,3.269644066250885,10.93,10.905,9.677
86.005,-0.305,0.791,5.521,108.557,-0.696,0.893,10.81,10.794,9.338,0.034,0.805,0.026718,5.217924774693355,10.887,10.864,9.604
25.946,-0.777,0.72,3.487,62.419,-1.6,-0.991,10.691,10.666,9.434,0.055,0.745,0.04122,21.559528700742316,10.676,10.651,9.415
64.491,0.173,0.664,4.775,82.136,-1.505,-1.057,10.783,10.733,9.812,0.107,0.713,0.025165,5.676179753011255,10.811,10.757,9.877
25.635,0.386,0.486,2.678,250.0,-1.559,29.978,11.22,11.211,9.523,0.02,0.495,0.045968,7.9081021759750065,11.186,11.177,9.482
33.261,-2.984,0.741,4.665,250.0,-1.6,-0.646,11.71,11.366,11.447,0.547,1.084,0.082058,4.954000136435997,11.687,11.353,11.416
31.665,0.611,0.096,6.025,45.582,-1.538,1.172,11.402,10.554,11.336,0.858,0.944,0.015459,8.112646570830993,11.286,10.48,11.212
84.023,-3.0,1.679,6.331,250.0,-0.499,-1.061,12.559,12.423,11.985,0.267,1.814,0.043443,6.977425087229178,12.564,12.427,11.996
80.043,-0.413,0.849,4.129,250.0,-1.6,-0.174,11.516,11.449,10.667,0.142,0.916,0.014975,6.321634036597083,11.514,11.447,10.663
68.969,0.022,0.951,4.488,250.0,-0.298,0.539,11.467,11.464,9.284,0.007,0.954,0.073093,4.529823497273057,11.472,11.468,9.302
51.565,0.559,0.86,6.555,197.681,-0.002,-1.293,11.113,11.082,9.943,0.068,0.891,0.025072,2.7730121848692995,11.111,11.08,9.935
50.687,0.085,0.84,5.054,250.0,-0.697,0.295,11.261,11.223,10.181,0.083,0.877,0.043727,4.847825033363162,11.264,11.225,10.19
2.566,-1.537,0.737,6.762,93.693,-0.001,5.03,11.548,10.935,11.427,0.756,1.35,0.037937,3.6559049616271033,11.287,10.805,11.114
86.467,0.44,0.843,5.74,250.0,-0.362,0.935,11.221,11.064,10.701,0.303,1.0,0.041506,5.579648625130702,11.472,11.277,11.031
83.605,0.081,1.038,4.262,250.0,-1.115,-0.331,11.622,11.609,10.001,0.024,1.048,0.090113,3.937466556652901,11.638,11.625,10.048
80.904,0.417,0.831,3.44,147.971,-1.027,1.27,10.87,10.868,8.265,0.002,0.832,0.048875,4.402416859459769,10.978,10.977,8.433
56.299,0.156,1.007,5.488,250.0,-0.062,-3.184,11.487,11.477,9.763,0.019,1.016,0.046658,5.221465015423963,11.495,11.485,9.797
80.83,0.34,0.595,5.294,65.318,-1.599,-1.065,10.884,10.535,10.625,0.552,0.944,0.026398,13.708868056930136,11.069,10.668,10.848
65.858,-0.79,0.785,4.092,57.932,-0.852,-0.965,10.561,10.559,8.31,0.006,0.788,0.042924,4.880838908839262,10.625,10.622,8.436
25.795,0.237,0.631,5.266,195.671,-0.884,-1.001,11.288,11.178,10.638,0.224,0.741,0.019885,6.643325541541947,11.168,11.084,10.415
85.574,0.488,1.255,5.914,190.794,-0.081,-1.168,10.933,10.879,9.994,0.115,1.308,0.140939,7.016874277489413,11.171,11.068,10.498
85.865,0.361,0.814,3.023,85.97,-1.569,-1.039,10.72,10.718,7.937,0.002,0.815,0.052208,4.28104200891244,10.776,10.774,8.053
49.134,-0.103,0.591,3.111,175.792,-1.281,-1.108,11.061,11.059,8.745,0.005,0.593,0.020231,10.126429915129158,11.051,11.049,8.724
67.462,0.477,0.448,5.248,61.632,-1.596,1.132,10.916,10.587,10.642,0.532,0.777,0.014696,16.855512843445588,10.982,10.646,10.714
31.823,0.049,0.971,4.894,250.0,-0.417,-1.998,11.476,11.464,9.833,0.023,0.981,0.020092,8.7285258216504,11.478,11.467,9.843
66.226,-0.167,0.75,3.626,144.692,-1.221,1.083,10.925,10.919,9.025,0.013,0.756,0.044722,5.28241600889637,10.973,10.966,9.128
2.566,-2.095,1.186,4.019,250.0,-0.134,2.558,11.343,11.338,9.434,0.012,1.191,0.035655,8.697768225380042,11.223,11.22,9.111
36.241,0.111,0.847,1.703,250.0,-1.6,-2.682,11.44,11.439,8.472,0.001,0.848,0.036906,10.423742223506649,11.447,11.446,8.487
68.443,0.13,0.951,4.385,250.0,-1.144,0.307,11.33,11.311,9.936,0.04,0.969,0.049846,3.857935805674133,11.35,11.329,9.987
62.333,-3.0,0.567,6.217,52.317,-0.0,0.978,10.611,10.549,9.732,0.132,0.628,0.019128,8.335801318949777,10.655,10.582,9.846
50.397,0.32,0.755,4.096,63.732,-0.862,-1.369,10.665,10.664,7.948,0.002,0.756,0.027382,4.574018494115993,10.661,10.659,7.932
86.636,-0.608,0.935,2.907,63.114,-1.6,-0.642,10.529,10.528,7.826,0.002,0.935,0.078231,4.165936631024101,10.656,10.655,7.986
84.473,0.394,0.773,6.662,244.455,-0.0,5.249,11.242,11.144,10.541,0.199,0.87,0.035053,4.2303188161641545,11.265,11.158,10.601
2.568,-2.409,0.921,6.155,54.506,-1.105,-2.849,11.007,10.686,10.725,0.522,1.242,0.037653,3.505575473546259,10.854,10.598,10.502
49.864,0.312,0.795,5.327,166.77,-0.473,0.582,11.055,11.032,9.773,0.052,0.818,0.052696,4.1323554675083605,11.04,11.018,9.728
48.428,0.086,0.791,5.017,250.0,-0.591,-0.638,11.334,11.303,10.171,0.069,0.822,0.019737,8.729531487062726,11.342,11.31,10.196
49.924,-0.148,0.819,4.776,238.228,-1.262,-0.742,11.312,11.176,10.742,0.269,0.955,0.017794,11.485759777518629,11.295,11.164,10.709
56.202,-0.06,0.844,5.735,45.776,-1.199,-0.945,10.56,10.525,9.429,0.074,0.878,0.045825,2.7676325931736026,10.563,10.528,9.437
3.106,-0.419,0.692,4.547,104.235,-1.224,-2.15,10.913,10.888,9.668,0.057,0.718,0.049315,3.344329358434007,10.867,10.845,9.558
62.722,0.474,0.888,4.107,201.222,-0.826,1.041,11.061,11.057,8.967,0.008,0.892,0.036322,4.5397866724717595,11.095,11.09,9.053
41.666,0.232,0.486,2.998,70.002,-1.351,-1.491,10.71,10.709,8.045,0.002,0.487,0.035209,6.629852241174422,10.696,10.695,8.011
85.581,0.201,0.926,5.156,250.0,-0.0,0.249,11.829,11.803,10.577,0.056,0.951,0.051408,11.320775216585195,11.862,11.83,10.706
74.934,0.332,0.816,4.358,172.984,-0.239,-1.004,10.882,10.879,8.748,0.007,0.819,0.021465,15.907563531346042,11.048,11.042,9.148
62.736,0.442,0.75,4.351,236.341,-1.279,1.035,11.186,11.113,10.374,0.154,0.823,0.040415,6.3278383369854385,11.224,11.146,10.44
86.636,-3.0,1.627,5.649,250.0,-0.617,-0.956,12.016,11.954,11.138,0.133,1.689,0.037733,7.010299315124037,12.165,12.082,11.403
26.066,0.491,0.929,3.568,250.0,-0.719,1.092,11.422,11.421,8.826,0.003,0.93,0.024527,8.676987847174049,11.38,11.379,8.676
60.552,-1.126,0.634,4.316,119.25,-0.618,-0.97,10.893,10.875,9.501,0.041,0.652,0.033672,14.997759960670187,10.918,10.898,9.558
52.106,0.556,0.943,6.343,99.879,-0.265,1.187,10.86,10.841,9.46,0.04,0.961,0.038091,3.838239590901016,10.85,10.832,9.424
49.343,-0.008,0.711,4.802,235.151,-1.01,0.573,11.207,11.146,10.314,0.128,0.771,0.028719,7.132539054502295,11.214,11.152,10.332
74.753,0.436,0.779,6.347,55.863,-0.488,-1.061,10.591,10.529,9.71,0.132,0.84,0.023371,5.25564576008541,10.691,10.607,9.932
39.215,-0.761,0.829,4.375,250.0,-1.6,-0.158,11.72,11.603,11.089,0.234,0.945,0.000363,6.923980010023401,11.716,11.601,11.081
54.909,-0.148,0.975,3.174,250.0,-1.335,-0.354,11.499,11.494,9.448,0.009,0.978,0.040059,9.395600795317751,11.498,11.494,9.446
77.987,-2.902,0.674,6.15,98.935,-0.959,0.919,11.412,10.653,11.329,0.826,1.434,0.019375,11.282193440675275,11.65,10.826,11.58
3.956,-0.758,1.032,4.04,250.0,-1.579,1.886,11.732,11.675,10.816,0.121,1.088,0.03653,5.45133625128057,11.723,11.667,10.797
4.843,-2.966,0.797,5.725,250.0,-0.219,1.198,11.408,11.317,10.684,0.189,0.888,0.019957,8.914720698205779,11.388,11.304,10.633
52.83,0.592,0.653,4.869,94.063,-1.543,-1.029,10.988,10.828,10.476,0.308,0.813,0.038255,5.313701560205514,10.963,10.806,10.446
2.707,-0.056,0.902,5.991,250.0,-0.818,1.48,12.162,11.631,12.01,0.705,1.433,0.000872,6.394018374666153,12.008,11.575,11.807
4.337,-2.997,0.468,5.769,167.81,-1.22,10.211,11.551,10.874,11.447,0.789,1.144,0.008386,2.9476005366911227,11.511,10.856,11.402
63.79,0.501,0.543,5.209,65.809,-1.455,1.08,10.86,10.632,10.471,0.408,0.771,0.017542,13.07066809170638,10.905,10.671,10.525
85.581,-0.057,1.324,4.406,250.0,-1.595,-0.536,11.796,11.69,11.128,0.215,1.429,0.022882,15.2679364912666,11.82,11.714,11.151
76.06,-2.963,0.842,5.457,157.773,-0.328,-0.985,10.88,10.851,9.699,0.066,0.871,0.013218,12.30644407034223,11.051,11.007,10.036
85.581,0.188,0.772,5.023,250.0,-1.455,-0.263,11.859,11.509,11.601,0.553,1.121,0.015388,22.461423337200987,11.904,11.545,11.652
65.204,0.002,0.996,4.831,250.0,-0.464,0.432,11.546,11.523,10.251,0.051,1.019,0.064207,7.326792337949737,11.566,11.54,10.322
84.851,0.175,0.987,2.81,250.0,-1.524,0.426,11.346,11.342,9.09,0.006,0.99,0.082348,4.4763921292543944,11.369,11.366,9.143
73.836,0.014,1.032,4.051,250.0,-1.535,0.804,11.452,11.42,10.271,0.066,1.061,0.043393,4.1322605610897964,11.486,11.452,10.339
56.959,-2.193,0.616,5.498,209.56,-0.386,-0.979,11.138,11.096,10.102,0.092,0.658,0.022056,7.862253255523141,11.156,11.11,10.153
3.448,-3.0,0.85,5.504,250.0,-0.0,1.018,11.494,11.48,9.975,0.03,0.864,0.000927,3.8338895457892783,11.465,11.454,9.835
65.861,0.106,0.939,4.439,250.0,-0.235,-1.022,11.391,11.387,9.314,0.008,0.943,0.03707,11.623234316215672,11.43,11.425,9.469
45.328,0.124,0.63,5.016,62.779,-1.53,-1.148,10.773,10.679,10.061,0.194,0.723,0.035836,5.800849505545708,10.736,10.653,9.977
49.296,-0.174,0.654,4.183,250.0,-1.6,-1.158,11.536,11.414,10.925,0.245,0.776,0.029622,7.6621286880069475,11.495,11.379,10.865
29.464,-0.01,0.799,3.873,250.0,-0.746,-1.281,11.394,11.389,9.406,0.01,0.803,0.030325,10.421491013791831,11.398,11.393,9.42
51.863,0.268,0.366,5.218,101.107,-1.6,-1.235,11.263,10.832,11.062,0.629,0.796,0.042237,4.779411721307799,11.261,10.83,11.059
18.919,-1.287,1.037,2.195,250.0,-1.6,-0.471,11.537,11.536,9.072,0.003,1.038,0.055695,7.451828555829896,11.499,11.497,8.96
83.562,0.524,0.453,4.989,124.992,-1.498,1.136,11.103,10.74,10.855,0.566,0.815,0.027997,8.906043529575859,11.296,10.912,11.064
73.86,0.288,0.83,5.462,92.476,-1.299,-1.092,10.854,10.761,10.131,0.19,0.921,0.019814,5.050393467900569,10.909,10.802,10.24
86.785,-0.054,0.792,3.478,250.0,-1.383,0.998,11.163,11.158,9.202,0.011,0.796,0.024131,3.492072834469178,11.287,11.28,9.425
32.063,-0.845,1.056,3.374,250.0,-1.189,0.379,11.246,11.244,8.925,0.005,1.058,0.045054,3.119403482250082,11.241,11.238,8.91
79.099,-0.044,0.861,4.477,124.691,-0.929,-1.016,10.929,10.893,9.828,0.079,0.897,0.046158,11.885347165926609,10.957,10.915,9.92
22.44,-0.597,0.782,4.581,250.0,-1.348,0.187,11.482,11.391,10.756,0.188,0.872,0.021478,8.170566505054424,11.443,11.362,10.675
65.874,0.516,0.788,4.305,73.034,-1.533,0.989,10.669,10.636,9.532,0.073,0.82,0.027969,8.71748255033955,10.745,10.712,9.621
71.963,-0.007,0.8,4.54,140.087,-1.275,-0.984,10.939,10.915,9.663,0.053,0.824,0.044885,3.3439740800618885,10.981,10.954,9.744
4.557,-0.024,0.892,3.619,250.0,-1.6,-3.609,11.276,11.246,10.103,0.067,0.922,0.000573,5.49300071841556,11.269,11.239,10.087
45.104,-3.0,0.837,4.629,250.0,-1.6,-0.839,11.734,11.487,11.37,0.433,1.084,0.002528,8.976426382318337,11.724,11.483,11.352
86.055,0.259,0.991,5.62,250.0,-0.692,-0.086,11.949,11.776,11.464,0.328,1.164,0.026868,10.696924550564098,12.015,11.815,11.582
65.583,-0.482,0.981,4.149,250.0,-1.592,0.986,11.494,11.43,10.627,0.136,1.045,0.017111,13.283101045163315,11.522,11.454,10.68
2.567,0.478,0.813,6.251,60.722,-0.169,-2.194,10.779,10.701,9.998,0.165,0.891,0.048046,1.8622734043372655,10.686,10.64,9.682
81.637,-0.287,0.922,4.218,250.0,-0.42,0.898,11.178,11.176,8.478,0.002,0.923,0.047936,3.67213914817338,11.197,11.195,8.542
13.081,-0.315,0.797,5.052,250.0,-0.963,1.769,11.262,11.191,10.432,0.148,0.866,0.01099,7.332108707544284,11.26,11.19,10.428
36.998,0.248,0.823,5.026,137.629,-1.119,1.052,11.03,10.982,10.041,0.103,0.87,0.019599,6.328067390879326,10.997,10.954,9.956
86.494,-2.798,0.573,4.667,147.975,-1.6,0.967,11.075,10.892,10.61,0.343,0.756,0.024048,7.85944397656826,11.175,10.979,10.735
79.256,0.558,0.844,6.098,250.0,-0.133,,11.474,11.365,10.814,0.22,0.952,0.038034,6.521911814963966,11.494,11.377,10.866
84.591,0.257,0.975,3.862,250.0,-0.031,-0.169,11.58,11.579,8.284,0.001,0.975,0.051856,6.442373896211495,11.623,11.621,8.477
78.652,0.003,0.925,4.961,250.0,-0.653,0.132,11.445,11.42,10.197,0.056,0.95,0.005497,9.17265386357325,11.449,11.423,10.208
41.117,-2.282,0.617,4.853,47.188,-0.704,0.943,10.57,10.552,9.172,0.04,0.635,0.03116,5.501192508622957,10.497,10.482,9.029
58.294,0.248,0.636,5.511,55.739,-1.593,-1.082,10.846,10.598,10.483,0.434,0.883,0.019637,6.239434736616521,10.859,10.607,10.503
32.298,-0.319,0.582,6.328,57.254,-0.474,0.976,10.765,10.668,10.063,0.198,0.678,0.026309,4.974624364940419,10.69,10.617,9.877
54.593,-0.535,0.909,5.435,250.0,-0.003,0.791,11.6,11.57,10.414,0.065,0.938,0.049555,6.26963261423511,11.605,11.574,10.434
74.921,0.314,0.743,5.997,70.412,-0.224,-0.999,10.588,10.553,9.469,0.076,0.778,0.028915,7.488196560192982,10.754,10.697,9.844
62.201,0.431,0.683,5.991,48.862,-0.252,-0.992,10.574,10.529,9.56,0.097,0.727,0.04083,4.498911137914908,10.605,10.556,9.637
86.222,0.306,1.011,6.28,250.0,-0.0,-0.457,12.376,11.92,12.188,0.649,1.466,0.012559,21.152133612508752,12.523,11.984,12.375
34.04,-2.997,0.805,6.557,250.0,-0.001,0.876,11.419,11.341,10.638,0.165,0.884,0.007821,3.248591150139848,11.371,11.311,10.485
78.356,0.247,0.835,6.432,74.69,-0.462,-1.028,10.717,10.688,9.504,0.062,0.863,0.025901,3.5922605246320445,10.758,10.72,9.655
86.357,0.487,0.331,7.145,103.373,-0.0,3.712,11.099,10.808,10.786,0.487,0.621,0.037054,3.1627214292715613,11.162,10.838,10.881
42.608,-0.207,0.724,4.619,250.0,-1.233,0.225,11.404,11.326,10.619,0.164,0.802,0.018934,5.825492561128694,11.41,11.33,10.635
72.038,0.004,0.809,5.43,238.419,-0.807,1.303,11.237,11.162,10.43,0.157,0.883,0.017946,9.182745667058452,11.242,11.165,10.444
2.58,-0.087,0.88,5.148,250.0,-1.511,-0.556,11.874,11.362,11.715,0.693,1.393,0.035246,3.3453556553245014,11.729,11.288,11.533
73.691,-0.027,1.029,2.379,250.0,-1.393,1.774,11.49,11.488,8.565,0.001,1.029,0.062352,5.013300467869586,11.493,11.492,8.573
60.817,-0.497,0.995,3.968,250.0,-1.363,-0.194,11.68,11.66,10.317,0.043,1.015,0.036254,6.536204524493277,11.688,11.667,10.333
84.132,0.201,0.874,4.895,250.0,-0.598,0.811,11.878,11.84,10.785,0.081,0.911,0.078484,12.11232828645187,11.902,11.86,10.858
2.809,-0.005,0.81,4.962,250.0,-1.587,-1.725,12.011,11.666,11.748,0.547,1.154,0.007321,5.296013311217459,11.923,11.612,11.631
47.515,-0.037,0.706,4.383,66.704,-0.995,0.776,10.68,10.674,8.825,0.014,0.712,0.030433,7.505983459610627,10.683,10.677,8.835
2.577,-2.925,0.91,5.355,250.0,-1.6,-0.725,12.559,11.782,12.48,0.833,1.687,0.012776,6.176606202230003,12.412,11.712,12.315
58.048,-0.024,0.89,5.717,78.266,-0.245,-0.663,10.754,10.736,9.352,0.04,0.908,0.058312,4.225630743061725,10.756,10.737,9.359
57.94,0.296,1.154,4.55,250.0,-0.456,1.052,11.863,11.857,9.93,0.012,1.159,0.064527,5.775012543107703,11.872,11.866,9.961
63.32,0.355,0.845,3.944,48.95,-1.057,1.011,10.525,10.523,8.194,0.005,0.847,0.025538,8.48948320099758,10.557,10.555,8.265
66.867,0.636,0.65,5.689,88.519,-0.917,-1.108,10.841,10.733,10.182,0.22,0.758,0.029056,8.985100068835955,10.911,10.786,10.308
84.128,0.052,0.626,4.638,115.354,-1.36,0.434,10.885,10.854,9.704,0.066,0.656,0.044002,3.1381172588796167,10.916,10.882,9.776
28.13,0.163,0.256,5.774,131.789,-0.989,-2.406,11.584,10.649,11.53,0.884,1.191,0.032615,6.245476645319321,11.608,10.662,11.555
49.071,0.451,0.212,5.214,71.509,-1.52,1.077,10.806,10.711,10.095,0.195,0.306,0.040412,1.7695866833085174,10.794,10.702,10.071
18.21,-1.231,0.517,6.556,51.979,-0.701,0.585,11.09,10.623,10.908,0.659,0.984,0.006533,11.448354232709455,11.009,10.579,10.808
85.905,0.262,0.878,4.046,250.0,-1.072,0.727,11.17,11.162,9.354,0.015,0.885,0.06114,4.281289940526132,11.227,11.218,9.487
36.866,0.613,1.072,5.804,250.0,-0.158,-1.035,11.78,11.7,11.001,0.167,1.152,0.063153,4.8010851487288075,11.695,11.637,10.787
27.356,-0.046,0.954,5.569,250.0,-0.403,0.218,11.579,11.472,10.917,0.218,1.061,0.049328,8.213572521810919,11.52,11.437,10.757
49.884,0.449,0.741,5.192,153.014,-0.985,-1.099,11.058,11.01,10.07,0.103,0.788,0.020818,7.8818018282830336,11.042,10.996,10.035
18.215,0.218,0.783,4.68,250.0,-0.733,-1.729,11.33,11.318,9.746,0.026,0.794,0.059113,3.032800536190181,11.291,11.281,9.601
31.614,0.619,1.141,4.818,250.0,-0.717,-0.919,11.533,11.492,10.494,0.091,1.182,0.076159,9.732466038946344,11.466,11.429,10.376
69.691,0.269,0.62,5.821,55.96,-0.096,-0.832,10.577,10.571,8.661,0.012,0.626,0.041398,3.878119821747557,10.615,10.608,8.794
68.252,0.024,0.768,5.103,250.0,-0.907,0.221,11.479,11.374,10.807,0.213,0.872,0.021237,11.348824196424175,11.495,11.385,10.842
66.125,-0.53,0.979,3.9,250.0,-1.244,-0.648,11.343,11.332,9.704,0.023,0.989,0.037286,4.766421163055807,11.374,11.361,9.785
18.289,0.302,0.388,5.893,78.756,-1.486,-1.038,11.596,10.804,11.52,0.839,1.18,0.018451,8.604796812777579,11.451,10.74,11.357
21.641,-0.893,0.918,3.339,250.0,-0.645,-0.57,11.415,11.414,8.558,0.001,0.918,0.031527,8.380679457633965,11.385,11.384,8.431
2.808,0.002,0.71,5.442,141.88,-1.6,2.514,11.539,11.015,11.383,0.7,1.232,0.010848,6.349204820799688,11.444,10.966,11.266
41.65,0.304,0.773,4.382,250.0,-1.491,0.977,11.632,11.517,10.997,0.232,0.888,0.027471,9.646046800915771,11.576,11.47,10.908
86.718,0.044,0.929,5.022,84.959,-1.1,0.989,10.696,10.685,9.035,0.022,0.938,0.0352,4.395668377349895,10.784,10.77,9.261
72.912,0.412,0.719,6.103,69.276,-0.031,1.077,10.652,10.626,9.427,0.06,0.746,0.025039,7.240778264011581,10.728,10.691,9.63
53.272,-2.991,0.651,4.159,219.082,-1.6,-1.018,11.312,11.115,10.649,0.255,0.779,0.057405,5.400307828812217,11.31,11.113,10.645
2.814,-2.111,1.095,4.716,250.0,-1.6,-1.432,11.921,11.612,11.628,0.509,1.404,9.4e-05,5.635720303734801,11.833,11.546,11.516
9.332,-0.017,0.486,4.912,250.0,-1.6,-0.58,11.833,11.256,11.698,0.735,1.063,0.01067,24.16420407085081,11.835,11.258,11.701
50.64,0.306,0.658,5.763,53.465,-0.258,1.069,10.634,10.61,9.369,0.054,0.682,0.039427,3.8570413079559143,10.613,10.591,9.304
33.157,0.29,0.759,3.601,100.263,-1.388,-1.052,10.862,10.858,8.803,0.009,0.762,0.022442,7.841791360037869,10.838,10.834,8.749
76.512,0.105,0.821,5.607,250.0,-0.325,0.404,11.411,11.387,10.12,0.051,0.844,0.041669,5.278733965086661,11.429,11.402,10.185
31.613,-1.958,0.269,5.694,81.948,-1.332,-0.978,11.495,10.836,11.387,0.781,0.928,0.012589,9.42362739099637,11.39,10.754,11.276
86.758,0.295,0.606,6.007,72.23,-0.478,1.039,10.63,10.603,9.393,0.058,0.632,0.022388,7.354529813759467,10.761,10.707,9.82
2.593,-1.136,1.075,5.636,250.0,-1.023,1.301,11.99,11.614,11.753,0.579,1.451,0.020806,6.778633947004118,11.833,11.539,11.524
84.968,0.24,1.02,5.934,250.0,-0.084,-0.581,11.727,11.704,10.399,0.047,1.041,0.039999,10.88081271550362,11.758,11.729,10.519
85.581,0.19,1.037,5.642,250.0,-0.0,-0.341,11.833,11.816,10.388,0.036,1.053,0.056113,5.848428193271262,11.862,11.841,10.51
81.618,0.409,0.98,5.575,250.0,-0.365,4.197,11.196,11.174,9.882,0.049,1.001,0.086891,4.539305160870561,11.217,11.191,9.955
74.958,-0.6,0.769,4.118,117.791,-1.359,-0.967,10.789,10.767,9.48,0.049,0.791,0.036919,5.631422634019402,10.915,10.89,9.658
85.529,-0.378,0.964,2.845,250.0,-1.564,0.109,11.618,11.613,9.634,0.01,0.969,0.060509,8.762606787537582,11.648,11.642,9.696
2.566,-1.463,1.339,6.837,250.0,-0.0,-4.898,12.353,11.817,12.203,0.709,1.875,0.031199,5.1121997784997495,12.101,11.717,11.87
86.749,-0.952,0.945,4.225,223.53,-1.6,0.847,11.129,10.979,10.595,0.293,1.095,0.028068,7.254845314319139,11.304,11.123,10.835
69.759,0.261,0.766,5.903,118.022,-0.566,1.045,10.9,10.871,9.686,0.061,0.793,0.041304,2.8411318838796764,10.923,10.892,9.757
45.293,0.557,0.729,5.711,250.0,-0.018,1.593,11.572,11.442,10.987,0.259,0.86,0.061894,7.164463920639768,11.511,11.397,10.874
65.657,0.282,0.513,4.901,113.515,-1.473,-1.012,10.968,10.832,10.397,0.269,0.649,0.030703,4.499236214932694,11.021,10.876,10.475
80.043,0.034,0.584,6.321,250.0,-0.336,-0.744,11.554,11.221,11.283,0.535,0.917,0.040273,4.078918419368427,11.54,11.213,11.262
3.244,-0.021,0.874,4.919,250.0,-1.077,2.569,11.718,11.599,11.093,0.238,0.992,0.032634,7.868561386674751,11.664,11.563,10.978
79.731,-0.196,1.006,4.543,79.267,-0.697,0.968,10.547,10.536,8.957,0.026,1.017,0.032985,14.219234041773774,10.761,10.743,9.372
47.904,0.074,0.862,4.062,250.0,-0.289,-0.174,11.47,11.468,8.903,0.003,0.864,0.096783,3.5717736256574293,11.462,11.46,8.869
55.584,0.422,0.518,6.067,65.17,-0.549,1.231,10.764,10.655,10.106,0.22,0.626,0.02759,4.834439252442933,10.789,10.668,10.175
59.872,0.498,0.571,5.139,77.466,-1.598,-1.014,11.031,10.713,10.747,0.519,0.889,0.034265,8.724178986093357,11.053,10.734,10.77
41.232,0.429,0.15,5.441,91.312,-1.598,1.008,11.668,10.864,11.594,0.843,0.954,0.018072,10.018659175078238,11.585,10.794,11.508
63.263,-0.407,0.676,5.242,47.189,-0.865,-0.979,10.562,10.503,9.668,0.127,0.735,0.022547,11.006853875361651,10.605,10.54,9.745
71.952,0.259,0.716,4.832,46.856,-1.519,-1.113,10.549,10.524,9.295,0.056,0.741,0.053602,2.71046600630646,10.565,10.539,9.329
18.222,-2.426,0.743,5.419,47.851,-1.562,0.876,10.76,10.632,10.168,0.256,0.872,0.044234,2.786689322650044,10.656,10.547,10.004
67.425,-2.684,0.766,4.837,58.59,-1.507,0.535,10.634,10.58,9.701,0.117,0.82,0.038624,4.8733874378019575,10.689,10.627,9.815
31.737,0.56,0.381,4.852,174.402,-1.591,-1.22,11.481,11.101,11.247,0.583,0.761,0.019126,8.514393802466344,11.396,11.039,11.144
41.852,0.647,0.113,6.585,57.35,-0.608,1.025,11.417,10.668,11.189,0.768,0.747,0.01568,8.213848052396049,11.335,10.618,11.061
68.724,-0.127,0.882,2.676,250.0,-1.087,-0.876,11.264,11.263,8.356,0.001,0.883,0.054061,5.087831817911895,11.301,11.3,8.469
85.581,-0.036,1.102,4.148,250.0,-0.758,0.34,11.583,11.578,9.614,0.011,1.107,0.081772,4.662822764959332,11.617,11.611,9.714
56.079,-3.0,0.519,5.826,76.508,-0.0,-0.955,10.811,10.715,10.112,0.2,0.616,0.016497,15.940671456876853,10.835,10.73,10.167
86.366,-0.806,0.877,3.543,94.948,-1.6,0.863,10.742,10.738,8.513,0.006,0.88,0.035756,4.519681965854929,10.817,10.813,8.667
61.571,0.33,0.777,3.849,223.048,-0.988,-0.828,11.133,11.127,9.09,0.009,0.781,0.032404,7.01479782194865,11.141,11.136,9.113
66.092,0.629,0.701,4.29,64.048,-1.206,-1.003,10.596,10.589,8.789,0.016,0.707,0.041378,4.302940217888465,10.668,10.661,8.9
85.364,0.146,0.825,5.322,173.726,-1.1,0.245,11.121,11.013,10.46,0.219,0.932,0.01873,7.602473554241796,11.165,11.043,10.548
48.25,0.41,0.722,3.134,87.655,-1.514,1.121,10.795,10.792,8.424,0.004,0.724,0.027652,7.288703671863362,10.784,10.782,8.4
37.464,-0.119,1.017,5.346,250.0,-0.151,1.209,11.706,11.692,10.195,0.031,1.031,0.057111,5.469179476388687,11.71,11.695,10.211
56.176,-0.064,0.859,4.196,250.0,-1.22,-1.013,11.539,11.5,10.475,0.086,0.899,0.041195,6.533321841121673,11.533,11.494,10.465
42.845,-1.614,0.515,3.194,193.725,-0.397,-0.977,11.055,11.052,8.912,0.007,0.518,0.028614,18.542976375653684,11.08,11.076,9.058
81.376,-0.015,0.996,5.017,250.0,-0.648,0.495,11.554,11.51,10.535,0.096,1.04,0.055288,5.00055760280023,11.575,11.526,10.597
74.913,-2.291,0.734,4.083,234.438,-1.548,0.916,11.117,11.035,10.352,0.172,0.816,0.012171,23.036155155508723,11.25,11.163,10.509
52.141,0.545,0.844,4.244,83.471,-1.093,0.953,10.773,10.769,8.686,0.008,0.848,0.040316,4.576298869062793,10.767,10.763,8.668
68.592,0.03,0.992,4.079,250.0,-1.539,-0.225,11.792,11.736,10.875,0.121,1.048,0.03589,7.092845223475996,11.814,11.755,10.914
80.043,0.036,0.815,4.884,250.0,-1.376,0.644,11.731,11.528,11.302,0.373,1.017,0.022108,5.102358889914285,11.754,11.543,11.338
41.173,0.307,0.506,6.127,49.855,-0.766,0.993,10.903,10.634,10.566,0.461,0.774,0.020268,7.638307958872623,10.802,10.563,10.428
81.114,0.587,0.798,5.669,151.899,-0.707,1.008,10.97,10.743,10.578,0.406,1.024,0.01759,18.15513683951964,11.361,10.992,11.118
39.215,-0.624,0.945,3.981,250.0,-1.6,-0.603,11.459,11.423,10.348,0.078,0.98,0.002646,2.545761891269427,11.45,11.415,10.324
2.566,-2.887,1.03,5.48,139.971,-1.6,-4.837,11.655,11.06,11.527,0.746,1.625,0.041304,3.3250682113646164,11.5,10.956,11.354
45.917,-0.173,0.29,4.709,62.8,-1.6,1.385,10.791,10.656,10.219,0.268,0.425,0.017231,13.603769321444602,10.788,10.653,10.215
85.23,0.168,0.925,5.447,250.0,-0.0,-0.208,11.374,11.325,10.396,0.105,0.973,0.039874,14.26830940969285,11.408,11.351,10.491
82.24,0.182,0.818,5.509,84.804,-1.007,1.015,10.715,10.645,9.884,0.148,0.888,0.03147,4.304610581974445,10.863,10.768,10.159
53.166,0.394,1.16,6.062,243.484,-0.075,0.905,11.184,11.165,9.782,0.04,1.177,0.053858,4.540002107158573,11.183,11.165,9.779
2.566,0.145,1.254,5.959,250.0,-0.136,-3.809,11.418,11.342,10.623,0.16,1.33,0.042745,2.7489419013074285,11.312,11.27,10.282
18.57,-0.03,0.901,4.783,250.0,-1.6,-0.724,12.123,11.8,11.843,0.525,1.224,0.022987,11.00597262999583,12.133,11.806,11.856
85.239,0.364,0.793,5.298,250.0,-0.117,1.088,11.176,11.167,9.448,0.019,0.802,0.048008,6.496523604744928,11.205,11.194,9.57
18.339,0.002,0.621,6.767,212.382,-0.0,-2.252,11.553,11.149,11.336,0.605,1.025,0.04152,4.322714566925696,11.391,11.098,11.082
27.877,0.502,0.572,4.94,181.982,-1.315,1.297,11.45,11.134,11.163,0.517,0.887,0.043137,12.83010177384879,11.352,11.058,11.043
59.553,0.328,0.7,5.44,56.628,-0.622,0.999,10.653,10.598,9.728,0.119,0.755,0.031614,10.15276897878626,10.67,10.613,9.761
25.756,-0.155,0.79,5.152,237.517,-0.858,0.966,11.353,11.261,10.635,0.191,0.882,0.022537,8.017857667379383,11.23,11.159,10.408
21.787,-0.832,0.887,4.958,250.0,-1.6,1.651,11.791,11.442,11.533,0.552,1.236,0.064365,4.386541204089145,11.768,11.43,11.5
79.882,-0.442,0.874,6.555,83.384,-0.05,-0.953,10.672,10.628,9.655,0.096,0.918,0.017268,9.760995728283952,10.848,10.763,10.097
82.897,0.049,0.817,5.757,250.0,-0.073,0.135,11.486,11.456,10.289,0.064,0.845,0.027037,11.574084031257948,11.504,11.471,10.353
71.14,0.418,0.833,4.899,133.413,-1.321,-1.064,10.967,10.886,10.197,0.17,0.914,0.028613,9.713584324200596,11.042,10.943,10.351
36.731,0.633,0.726,5.983,91.019,-0.098,0.998,10.946,10.863,10.188,0.175,0.809,0.039192,5.8232840377864425,10.854,10.794,9.967
82.407,0.161,0.79,5.059,250.0,-0.906,0.684,11.187,11.157,9.994,0.064,0.819,0.026911,3.097303357452286,11.211,11.178,10.058
19.341,0.022,0.496,5.405,250.0,-1.205,0.663,11.862,11.324,11.713,0.71,1.033,0.026907,7.023819044360367,11.752,11.279,11.573
56.691,0.256,0.961,5.674,209.98,-0.354,1.294,11.136,11.112,9.858,0.053,0.984,0.023542,9.677611731382022,11.144,11.118,9.885
51.389,0.017,0.842,4.442,250.0,-1.021,-0.546,11.481,11.463,10.076,0.039,0.859,0.058498,3.84927311436288,11.482,11.464,10.079
46.17,-2.79,0.701,4.451,167.032,-0.967,-0.994,11.11,11.061,10.139,0.107,0.75,0.017448,19.842875819505352,11.077,11.03,10.083
69.709,0.242,1.098,5.5,110.446,-0.479,-1.671,10.862,10.85,9.273,0.026,1.109,0.065114,3.7988432108308334,10.881,10.868,9.328
47.022,0.544,0.582,6.133,56.65,-0.0,-1.45,10.647,10.616,9.484,0.069,0.613,0.045541,3.771464444253653,10.645,10.614,9.473
84.3,0.298,0.839,3.829,149.607,-1.468,-0.759,10.953,10.937,9.499,0.035,0.855,0.052086,4.718624728695897,10.997,10.979,9.582
78.476,0.433,0.888,5.227,80.122,-1.098,-1.07,10.708,10.659,9.733,0.106,0.937,0.024348,9.478899282226768,10.82,10.748,10.002
63.442,0.548,0.239,5.536,68.342,-1.586,1.043,11.331,10.574,11.247,0.825,0.996,0.022279,13.07188695236928,11.436,10.677,11.353
2.759,-1.412,0.952,4.97,133.397,-1.6,2.689,11.128,10.994,10.548,0.264,1.085,0.000323,1.7857545057053557,11.049,10.936,10.405
86.222,-1.735,0.934,5.077,250.0,-1.154,0.085,11.595,11.488,10.928,0.216,1.039,0.016269,5.99040340683492,11.647,11.522,11.04
72.277,0.16,0.882,4.969,176.717,-0.415,-0.963,10.96,10.925,9.85,0.078,0.917,0.048121,9.962814296138736,11.094,11.042,10.151
86.288,0.16,1.14,3.991,250.0,-0.652,-1.042,11.213,11.21,8.992,0.006,1.143,0.05348,7.519114205034047,11.339,11.335,9.318
20.957,-0.836,1.006,5.365,250.0,-0.263,-0.957,11.477,11.454,10.168,0.049,1.028,0.063445,5.108722338408355,11.457,11.438,10.073
53.431,0.13,0.546,5.014,61.492,-1.6,-1.236,10.688,10.539,10.148,0.289,0.694,0.029432,4.238658974339495,10.686,10.538,10.145
81.005,0.042,0.753,6.341,229.071,-0.041,0.254,11.194,11.131,10.314,0.132,0.814,0.017357,10.290795969938811,11.221,11.149,10.396
85.581,0.183,0.912,4.999,250.0,-1.411,-0.243,11.786,11.568,11.378,0.393,1.128,0.024085,4.554659045409667,11.829,11.595,11.446
53.434,-0.969,0.684,5.324,56.421,-1.136,-0.961,10.733,10.628,10.069,0.216,0.79,0.041913,5.574620580271255,10.715,10.612,10.039
53.493,0.562,0.518,6.124,119.38,-0.0,-1.053,11.134,10.905,10.745,0.409,0.746,0.015192,13.782887107846884,11.118,10.899,10.717
85.927,0.331,1.094,3.888,127.564,-1.463,-1.349,10.874,10.867,8.793,0.008,1.098,0.072259,2.371632647572712,10.929,10.922,8.903
43.6,0.258,0.798,6.502,72.785,-0.301,-1.099,10.755,10.734,9.403,0.045,0.818,0.036475,3.252782189554004,10.729,10.71,9.313
2.639,-3.0,1.27,4.568,250.0,-1.554,-1.468,11.846,11.7,11.301,0.285,1.416,0.000209,3.065198692989744,11.761,11.639,11.147
80.758,0.161,0.785,5.599,250.0,-0.414,0.631,11.547,11.501,10.542,0.099,0.83,0.043819,5.322445217451777,11.573,11.522,10.613
85.341,0.418,1.094,3.296,250.0,-1.374,1.144,11.153,11.149,8.914,0.006,1.097,0.024881,7.45188246469425,11.29,11.286,9.173
32.447,0.175,0.464,3.942,52.589,-1.159,-10.096,10.571,10.564,8.781,0.016,0.471,0.044336,5.876340774601823,10.573,10.566,8.786
3.985,-3.0,1.09,5.787,250.0,-0.001,-0.957,11.954,11.917,10.867,0.082,1.128,0.028059,5.377177619764566,11.929,11.896,10.779
74.958,0.565,0.614,5.231,68.082,-1.557,1.002,10.828,10.508,10.545,0.522,0.934,0.035759,7.578516547793878,11.007,10.666,10.743
63.926,0.339,0.51,2.793,184.088,-1.448,16.027,11.065,11.062,8.853,0.006,0.512,0.020433,10.27479501206597,11.067,11.064,8.857
35.956,-0.455,0.747,3.524,230.24,-1.145,-1.001,11.189,11.184,9.182,0.01,0.752,0.053827,3.770524821858987,11.138,11.134,9.052
2.566,-2.614,1.298,5.36,181.076,-0.819,-4.03,11.424,11.179,11.059,0.431,1.543,0.064379,5.814362609184722,11.249,11.056,10.804
26.945,0.428,0.656,4.205,146.362,-1.6,2.535,11.132,11.029,10.459,0.212,0.76,0.030909,6.650671824544807,11.07,10.97,10.384
7.966,-0.013,0.611,3.839,156.819,-1.47,4.026,11.051,11.029,9.732,0.048,0.633,0.03228,4.448171481423559,11.015,10.995,9.656
2.602,-1.445,1.145,5.316,250.0,-1.165,-0.848,11.776,11.544,11.394,0.414,1.377,0.046537,3.7741101999687494,11.648,11.467,11.179
71.408,0.117,0.929,3.378,250.0,-1.576,-0.488,11.292,11.277,9.807,0.033,0.943,0.058046,5.569462443343745,11.307,11.291,9.838
45.22,0.282,0.633,4.812,115.448,-1.406,1.028,11.031,10.925,10.369,0.218,0.739,0.018976,8.884200953465514,10.986,10.887,10.295
18.308,-2.99,0.445,6.778,116.303,-0.426,0.963,11.969,11.012,11.918,0.89,1.402,0.01594,4.908500402289333,11.708,10.879,11.638
76.731,0.383,0.654,5.843,59.004,-0.16,1.073,10.578,10.572,8.695,0.013,0.659,0.045814,2.9861427879483515,10.639,10.629,8.949
67.417,0.415,0.854,4.726,250.0,-1.256,-1.01,11.336,11.224,10.69,0.226,0.966,0.040596,6.1316271049246325,11.397,11.271,10.797
32.483,-0.039,0.786,5.726,250.0,-0.416,-0.252,11.472,11.386,10.723,0.178,0.871,0.024905,7.015378879672651,11.476,11.388,10.733
43.493,0.275,0.945,3.812,75.262,-1.348,-1.07,10.737,10.732,8.807,0.012,0.95,0.040578,4.569333122687166,10.728,10.722,8.79
59.13,-0.637,0.897,4.516,250.0,-1.256,-0.416,11.6,11.544,10.682,0.121,0.953,0.015676,8.153959295700025,11.6,11.543,10.681
73.175,0.155,0.525,6.08,56.99,-0.405,1.056,10.605,10.577,9.396,0.062,0.553,0.025162,5.684536068346533,10.65,10.615,9.538
84.7,0.12,0.716,4.044,250.0,-1.163,0.387,11.383,11.362,10.035,0.045,0.736,0.021585,13.377061035687758,11.399,11.376,10.08
37.032,-2.937,0.719,2.963,180.341,-1.535,1.227,11.118,11.11,9.398,0.019,0.727,0.033009,13.248139085065551,11.063,11.055,9.318
74.941,-0.032,0.842,3.426,250.0,-0.819,-0.982,11.06,11.058,8.597,0.003,0.844,0.024494,9.656628912244912,11.196,11.194,8.883
2.567,-1.006,1.386,3.324,250.0,-1.221,-1.527,11.395,11.393,9.086,0.005,1.388,0.053123,2.669936323618072,11.317,11.315,8.864
77.456,-0.067,0.297,2.865,85.394,-1.139,2.29,10.754,10.752,8.119,0.002,0.298,0.043139,5.522191265753952,10.77,10.768,8.158
82.009,0.038,0.999,4.657,250.0,-1.198,1.043,11.588,11.492,10.883,0.197,1.095,0.046082,7.249954145971059,11.749,11.624,11.145
80.042,0.255,0.801,6.236,217.56,-0.0,,11.162,11.096,10.31,0.141,0.867,0.049548,2.8431234414935265,11.164,11.097,10.317
52.749,-2.399,0.74,3.847,250.0,-0.994,1.105,11.538,11.518,10.19,0.045,0.76,0.067263,8.59975469417056,11.541,11.52,10.196
80.626,0.554,0.735,4.494,250.0,-1.591,1.029,11.445,10.987,11.259,0.652,1.193,0.043194,14.924293508758158,11.736,11.214,11.58
18.21,-2.218,0.94,5.419,127.273,-1.595,-0.9,11.363,10.972,11.136,0.593,1.331,0.028407,3.853653464185672,11.249,10.921,10.973
2.664,-0.157,1.088,5.548,250.0,-0.581,1.1,11.864,11.76,11.19,0.212,1.191,0.076265,3.184273955118289,11.773,11.703,10.947
53.21,0.519,0.716,4.716,135.37,-1.224,-0.981,11.005,10.961,9.98,0.094,0.759,0.037714,3.956066968432619,10.984,10.942,9.948
49.839,0.313,0.975,3.767,227.278,-0.714,1.29,11.153,11.15,8.627,0.003,0.976,0.022552,10.550765865186582,11.151,11.148,8.619
75.424,-0.233,0.981,4.546,250.0,-1.187,-0.743,11.648,11.607,10.599,0.089,1.021,0.009207,5.09889250841994,11.664,11.622,10.629
56.832,-1.679,0.777,3.971,250.0,-1.519,-0.256,11.217,11.186,10.055,0.069,0.808,0.023192,3.496890976463394,11.219,11.187,10.058
61.704,0.159,0.939,4.728,250.0,-1.28,1.358,11.557,11.463,10.843,0.193,1.032,0.058664,4.036491702120689,11.573,11.476,10.874
71.537,-0.104,0.695,3.33,118.021,-1.57,-1.059,10.793,10.783,9.112,0.021,0.704,0.021577,11.056765460212564,10.905,10.895,9.24
79.463,0.107,0.863,5.165,250.0,-0.473,0.13,11.716,11.661,10.791,0.119,0.918,0.052035,9.815496624545675,11.74,11.679,10.852
49.659,0.447,0.937,5.161,51.995,-1.508,1.127,10.636,10.6,9.524,0.077,0.972,0.060442,1.9809660603742976,10.614,10.58,9.483
84.023,0.096,0.91,5.866,250.0,-0.0,-0.471,11.795,11.689,11.125,0.214,1.014,0.021982,11.670379677803648,11.828,11.709,11.206
80.043,0.053,1.031,3.082,250.0,-1.6,54.039,11.27,11.264,9.31,0.011,1.036,0.0005,3.531338693376846,11.258,11.252,9.291
27.051,-0.743,0.852,3.628,231.956,-1.01,-0.709,11.193,11.19,8.899,0.005,0.854,0.047561,3.544961507046184,11.144,11.142,8.753
80.83,-0.345,1.009,4.211,120.517,-0.956,-0.995,10.749,10.743,8.897,0.014,1.015,0.035992,9.051810850259214,10.913,10.903,9.236
78.224,0.219,0.895,6.378,250.0,-0.036,-1.201,11.692,11.608,10.928,0.173,0.977,0.01193,17.907660048442395,11.746,11.64,11.073
80.043,-0.161,1.023,4.201,250.0,-1.536,0.374,11.547,11.485,10.664,0.131,1.084,0.042727,4.183736937517546,11.547,11.485,10.664
32.644,0.216,0.915,4.335,45.573,-1.328,-0.967,10.595,10.589,8.728,0.014,0.921,0.064815,2.8900212814790764,10.533,10.527,8.601
78.819,-1.733,0.771,4.054,250.0,-1.6,-0.693,11.414,11.347,10.569,0.143,0.838,0.055283,4.026598108406351,11.41,11.343,10.564
82.254,0.39,1.025,5.709,250.0,-0.104,-1.154,11.217,11.198,9.827,0.041,1.043,0.056082,5.777778134181971,11.325,11.297,10.118
84.969,0.293,0.913,5.373,163.799,-0.785,-0.889,10.969,10.954,9.439,0.03,0.926,0.045336,2.8793427544484915,11.034,11.016,9.622
85.581,0.201,0.908,4.906,250.0,-1.432,-0.19,11.965,11.658,11.668,0.506,1.214,0.023945,13.151648776187956,12.013,11.686,11.735
2.583,-2.188,0.898,5.083,216.177,-1.486,-0.688,11.499,11.188,11.206,0.511,1.208,0.049932,2.8102903923566434,11.374,11.117,11.024
67.467,0.468,0.77,4.591,250.0,-1.53,-0.874,11.56,11.401,11.043,0.305,0.928,0.023516,9.77517695561374,11.6,11.432,11.103
72.202,-2.032,0.909,4.253,165.533,-0.823,0.987,10.906,10.894,9.361,0.028,0.922,0.021382,13.847748889707304,11.04,11.025,9.577
64.741,0.636,0.703,5.011,55.102,-1.578,1.014,10.644,10.54,9.971,0.212,0.806,0.037704,5.048815755974629,10.709,10.603,10.045
52.773,0.348,0.971,2.533,250.0,-1.517,-2.24,11.348,11.346,8.811,0.003,0.972,0.046548,4.60785577838229,11.349,11.347,8.812
75.344,-0.117,0.906,5.122,114.216,-0.454,0.957,10.724,10.707,9.295,0.037,0.923,0.0547,5.018659730047718,10.903,10.877,9.659
64.734,-0.53,0.899,3.278,250.0,-0.805,0.974,11.205,11.203,8.781,0.004,0.901,0.044079,7.947127820109516,11.259,11.257,8.893
84.745,0.137,0.602,5.834,124.296,-0.335,1.503,10.969,10.901,10.13,0.145,0.669,0.019314,8.598293918747833,10.988,10.914,10.18
2.657,-0.87,0.901,4.977,250.0,-1.599,-0.756,12.129,11.683,11.937,0.642,1.347,0.025434,5.2977629828084885,12.016,11.616,11.795
79.174,0.11,1.065,3.012,250.0,-1.416,-1.089,11.28,11.277,8.891,0.004,1.066,0.046814,4.918444189237147,11.329,11.326,9.034
2.608,-3.0,0.794,5.093,250.0,-1.6,-1.493,11.923,11.441,11.749,0.67,1.276,0.020804,2.7769114192560833,11.792,11.369,11.586
2.567,-0.48,1.078,5.202,124.769,-1.523,2.445,11.207,10.995,10.794,0.386,1.29,0.05429,2.476643028550732,11.09,10.914,10.611
3.328,-2.999,0.401,6.597,101.468,-0.295,-9.3,11.046,10.668,10.81,0.58,0.778,0.01238,3.0054919874587935,10.938,10.623,10.651
31.612,0.32,0.758,3.871,245.596,-0.993,0.995,11.244,11.231,9.687,0.028,0.77,0.047917,6.003812852741769,11.17,11.16,9.56
2.566,-2.303,1.232,5.69,250.0,-1.6,2.177,12.778,12.031,12.692,0.821,1.979,0.012357,6.555692037963101,12.633,11.977,12.525
18.215,-2.004,1.332,6.281,250.0,-0.154,-0.823,11.45,11.383,10.605,0.143,1.399,0.051159,4.972057998260267,11.327,11.287,10.275
53.981,-0.035,0.603,5.376,61.807,-1.518,-0.97,10.782,10.664,10.155,0.237,0.72,0.023169,4.587070133562976,10.76,10.647,10.116
31.188,-0.023,0.814,5.367,214.58,-0.802,0.868,11.193,11.136,10.278,0.122,0.87,0.031158,3.543747675333178,11.162,11.111,10.193
85.847,0.231,0.863,6.318,250.0,-0.0,1.331,11.308,11.274,10.181,0.075,0.897,0.019842,8.048183466867602,11.337,11.296,10.284
80.879,0.402,0.827,5.13,250.0,-0.966,-1.009,11.069,10.956,10.429,0.229,0.94,0.017405,11.289883803674398,11.36,11.181,10.888
18.275,0.661,0.612,6.551,41.099,-1.133,0.998,11.318,10.609,11.223,0.804,1.32,0.022148,8.065651298054123,11.133,10.478,11.024
80.842,0.322,1.006,4.534,57.37,-0.925,-1.155,10.573,10.57,7.818,0.002,1.007,0.081567,1.7267264663966362,10.622,10.618,7.966
3.072,-0.376,0.905,4.01,250.0,-1.302,2.982,11.312,11.287,10.059,0.056,0.93,0.041447,4.301489831010607,11.264,11.243,9.943
65.65,-2.64,1.02,4.214,250.0,-0.613,-0.986,11.567,11.56,9.768,0.016,1.027,0.040382,8.346158999948116,11.619,11.61,9.878
62.808,0.57,0.96,5.0,63.997,-1.251,-0.954,10.675,10.622,9.73,0.114,1.013,0.026028,7.601641562559859,10.716,10.66,9.796
78.763,0.255,0.598,3.481,61.195,-1.225,-1.386,10.631,10.629,8.136,0.003,0.6,0.038785,7.005514097390076,10.645,10.643,8.177
2.792,-2.18,1.031,3.748,250.0,-1.472,-1.034,11.635,11.618,10.195,0.036,1.047,0.052416,3.16357620434128,11.582,11.567,10.067
65.052,-0.533,0.746,4.883,80.377,-0.633,0.944,10.698,10.686,9.127,0.027,0.758,0.037417,4.992474133733353,10.76,10.747,9.232
53.166,0.339,0.761,6.09,107.572,-0.056,1.098,10.896,10.865,9.733,0.069,0.792,0.027793,7.383639514166689,10.891,10.86,9.718
58.845,0.076,0.578,5.071,240.973,-0.322,-1.253,11.148,11.141,9.353,0.016,0.585,0.035192,3.449639278457861,11.156,11.149,9.389
2.685,-0.203,0.883,4.784,250.0,-1.59,-1.314,11.707,11.308,11.486,0.601,1.282,0.038001,4.413969370197202,11.592,11.232,11.342
18.225,0.47,0.355,6.762,71.372,-0.064,2.353,11.363,10.772,11.234,0.743,0.945,0.038494,5.819804189008765,11.149,10.679,10.969
19.294,-0.015,0.886,4.608,250.0,-1.6,0.222,11.953,11.758,11.51,0.361,1.08,0.061492,6.203809154008902,11.948,11.754,11.502
6.036,-0.214,0.884,2.31,250.0,-1.489,-1.21,11.41,11.409,8.636,0.002,0.885,0.070893,3.6285381297086383,11.404,11.402,8.621
41.741,-0.912,0.678,5.098,250.0,-1.6,-0.532,12.174,11.362,12.101,0.846,1.489,0.011023,11.89224817763474,12.131,11.333,12.055
82.126,-0.204,0.944,3.977,72.31,-1.006,-0.996,10.528,10.525,8.384,0.007,0.947,0.037756,5.236008672016131,10.671,10.667,8.65
74.834,-0.626,0.743,4.257,250.0,-0.552,0.8,11.311,11.308,9.139,0.007,0.746,0.031297,5.538782568286159,11.339,11.335,9.24
62.236,-0.756,0.858,6.68,142.984,-0.0,-0.848,11.027,10.949,10.241,0.164,0.935,0.023911,4.1185300329406545,11.043,10.963,10.269
51.876,0.09,0.643,5.263,65.895,-1.257,1.116,10.742,10.669,9.929,0.154,0.715,0.022583,6.485760803882312,10.746,10.672,9.938
80.219,0.039,0.743,3.407,45.127,-1.366,1.085,10.508,10.507,7.8,0.002,0.744,0.054049,3.174406859240477,10.525,10.524,7.832
7.386,-0.502,0.833,4.95,250.0,-0.684,1.512,11.71,11.675,10.581,0.075,0.867,0.020519,8.546712781268905,11.706,11.672,10.569
69.882,0.086,0.903,3.018,250.0,-1.476,1.223,11.207,11.201,9.269,0.012,0.908,0.029413,8.791344017900203,11.225,11.219,9.302
85.792,0.336,0.886,3.724,250.0,-1.479,0.807,11.168,11.152,9.702,0.034,0.902,0.064533,4.021315667464229,11.222,11.205,9.791
72.203,0.493,0.744,6.289,105.783,-0.362,-0.99,10.888,10.819,10.051,0.146,0.812,0.020435,7.670808093646661,10.936,10.854,10.164
70.077,0.339,0.721,6.059,61.974,-0.245,-1.048,10.651,10.593,9.749,0.125,0.779,0.027639,9.334159011832948,10.721,10.648,9.91
41.772,0.242,0.973,2.281,157.017,-1.6,-0.32,10.997,10.996,8.301,0.002,0.974,0.054391,2.943843362837669,10.987,10.986,8.286
28.529,0.001,0.723,5.279,82.766,-0.584,-1.151,10.801,10.773,9.601,0.063,0.751,0.054555,4.542870526402481,10.785,10.758,9.555
19.111,-2.083,0.818,2.818,250.0,-1.239,-1.124,11.293,11.29,9.079,0.006,0.82,0.042706,9.741648624341549,11.282,11.28,9.039
26.196,0.215,0.503,5.975,36.224,-1.153,0.934,10.682,10.519,10.176,0.312,0.665,0.038511,2.9528894731385447,10.568,10.43,10.001
85.23,0.025,0.683,6.678,250.0,-0.0,1.351,11.293,11.204,10.559,0.185,0.772,0.004648,6.701049493807301,11.296,11.205,10.569
62.736,0.21,0.643,5.036,66.096,-1.559,-0.876,10.852,10.63,10.454,0.4,0.865,0.043974,7.312102721209187,10.898,10.673,10.506
21.706,-0.374,0.873,3.858,250.0,-1.053,0.593,11.249,11.243,9.358,0.013,0.879,0.048786,4.308914424641657,11.245,11.239,9.346
2.566,-1.115,1.132,5.917,133.576,-1.265,5.293,11.596,11.054,11.449,0.712,1.673,0.030399,4.531602552398242,11.416,10.943,11.238
12.956,0.004,0.169,6.414,136.179,-0.941,0.245,11.697,10.511,11.668,0.935,1.356,0.006249,2.4494019604947868,11.528,10.451,11.489
45.238,0.34,0.871,4.475,137.541,-1.581,0.889,11.066,10.984,10.299,0.171,0.952,0.033078,7.026003494390812,11.03,10.953,10.235
85.581,0.192,1.133,5.31,250.0,-0.795,0.94,11.442,11.409,10.275,0.068,1.164,0.045759,4.44555130078011,11.466,11.43,10.341
56.52,0.166,0.678,4.744,58.975,-1.591,1.005,10.677,10.635,9.637,0.091,0.72,0.027662,5.371459664304242,10.67,10.629,9.625
86.738,0.232,0.935,6.117,65.331,-0.101,1.051,10.587,10.57,9.167,0.038,0.952,0.021735,7.937458900537889,10.695,10.668,9.463
85.581,-0.203,0.847,4.523,250.0,-1.342,0.12,11.47,11.312,10.952,0.304,1.004,0.030647,11.939675329202789,11.513,11.341,11.025
13.273,0.463,0.306,5.939,43.293,-0.153,-2.177,10.566,10.544,9.268,0.05,0.328,0.025707,4.232629567182467,10.517,10.499,9.104
2.566,-0.212,1.39,4.858,250.0,-0.163,-1.571,11.408,11.403,9.475,0.012,1.395,0.052259,2.7577072950201504,11.331,11.328,9.135
2.644,-2.037,1.082,4.8,250.0,-1.535,-0.595,11.735,11.495,11.361,0.423,1.321,0.050646,3.872236587950837,11.624,11.418,11.201
3.436,-0.31,0.654,3.553,185.971,-1.583,3.41,11.119,11.101,9.71,0.039,0.671,0.02961,6.038795090955924,11.082,11.066,9.639
75.966,0.27,0.866,4.544,250.0,-0.401,0.888,11.562,11.556,9.541,0.01,0.87,0.0438,7.132241819993288,11.571,11.566,9.578
84.919,0.143,0.968,5.041,250.0,-1.005,-0.189,11.841,11.696,11.291,0.282,1.112,0.032316,12.867387429234457,11.874,11.716,11.355
80.043,-3.0,1.783,6.436,250.0,-0.294,1.155,12.686,12.597,11.952,0.185,1.872,0.010668,6.878041724302735,12.678,12.591,11.939
45.29,-1.089,0.714,3.756,236.727,-1.6,1.003,11.207,11.176,10.04,0.068,0.745,0.024815,6.333438136482391,11.187,11.157,10.008
84.018,-2.185,1.066,6.71,250.0,-0.0,0.521,11.921,11.75,11.432,0.324,1.236,0.056165,4.830224387456956,11.938,11.759,11.465
37.063,0.571,0.827,4.858,136.951,-1.6,-0.852,11.102,10.995,10.438,0.217,0.934,0.036818,2.7921046402089886,11.044,10.948,10.337
26.227,-0.048,0.641,6.413,62.901,-0.251,-1.087,10.829,10.715,10.195,0.232,0.756,0.024095,6.745938553405624,10.738,10.654,9.985
85.581,0.158,0.885,4.821,250.0,-1.129,-0.761,11.234,11.159,10.431,0.157,0.959,0.026565,8.081076868498453,11.262,11.181,10.489
86.468,0.122,0.648,3.363,139.183,-1.6,0.503,10.834,10.829,8.797,0.009,0.652,0.047815,2.65678466150917,10.879,10.874,8.873
59.597,0.382,0.688,4.026,197.906,-1.527,0.948,11.145,11.064,10.376,0.17,0.769,0.040099,6.770126890895126,11.161,11.079,10.398
73.032,0.473,0.827,4.145,250.0,-0.228,1.054,11.143,11.141,8.753,0.004,0.829,0.021241,11.695073056070315,11.261,11.258,9.085
59.498,0.617,0.822,3.128,250.0,-1.448,-1.005,11.307,11.3,9.51,0.016,0.829,0.037314,6.421761058496672,11.376,11.368,9.594
2.566,-2.054,1.222,6.946,237.889,-0.01,-3.609,11.467,11.245,11.07,0.4,1.444,0.039293,2.2355937055810986,11.29,11.158,10.709
70.723,-0.174,0.859,2.73,250.0,-1.256,-0.162,11.18,11.178,8.38,0.002,0.86,0.030412,3.7944354473243607,11.188,11.186,8.405
85.581,-0.267,1.021,2.064,250.0,-1.6,-1.031,11.497,11.496,8.641,0.001,1.021,0.046184,3.99220968540635,11.526,11.525,8.682
2.566,0.069,1.321,4.456,250.0,-0.81,-2.003,12.109,12.08,10.924,0.065,1.35,0.09775,4.589683525010959,11.987,11.963,10.71
18.294,0.01,0.968,4.136,250.0,-1.6,-1.438,11.484,11.373,10.835,0.225,1.079,0.042864,6.266670695271188,11.505,11.389,10.874
86.104,0.273,0.806,5.54,85.238,-0.826,0.997,10.683,10.62,9.816,0.136,0.87,0.036175,5.404195368921003,10.863,10.77,10.147
86.055,0.189,0.844,4.601,250.0,-1.308,0.158,11.602,11.459,11.051,0.281,0.987,0.041523,8.397692068847057,11.664,11.501,11.159
63.539,-0.586,0.878,3.871,250.0,-1.243,0.265,11.585,11.572,10.012,0.027,0.889,0.025613,9.316860350684443,11.598,11.584,10.046
67.31,-0.097,0.603,5.397,53.92,-1.119,-0.963,10.688,10.536,10.158,0.295,0.755,0.017318,12.419247946973368,10.763,10.593,10.273
2.579,0.144,1.106,5.269,250.0,-0.401,-2.059,11.549,11.465,10.795,0.176,1.191,0.036505,9.616330039630457,11.433,11.38,10.492
21.732,-0.133,0.783,4.924,250.0,-1.6,0.421,11.789,11.393,11.565,0.598,1.179,0.023364,7.530674877038735,11.767,11.381,11.536
86.698,0.48,0.881,6.591,81.578,-0.007,-0.953,10.681,10.517,10.179,0.315,1.046,0.022423,5.681074539982242,10.929,10.689,10.556
42.493,-0.866,0.837,4.352,250.0,-1.6,-0.357,11.661,11.561,10.972,0.205,0.936,0.016817,7.583689904613448,11.652,11.553,10.956
78.041,0.529,0.769,4.708,224.851,-1.391,-0.996,11.25,11.038,10.837,0.386,0.981,0.038899,8.123922083217087,11.414,11.127,11.098
85.847,0.236,0.739,4.599,221.899,-1.577,0.313,11.259,11.091,10.763,0.32,0.906,0.034163,4.0875034921469515,11.3,11.121,10.826
81.389,0.215,0.846,5.594,250.0,-0.105,0.123,11.4,11.38,10.041,0.044,0.865,0.016611,6.824247380666828,11.426,11.402,10.139
63.943,0.027,0.955,2.568,250.0,-1.156,-0.597,11.699,11.698,8.728,0.001,0.956,0.078097,5.20434247056623,11.706,11.705,8.745
83.687,0.187,0.746,4.5,137.309,-1.304,-0.564,10.964,10.927,9.861,0.079,0.781,0.034023,7.41690748462838,10.993,10.953,9.933
39.209,-0.06,0.616,4.789,250.0,-1.6,1.15,11.749,11.168,11.617,0.738,1.197,0.001114,15.248929257158435,11.802,11.189,11.68
25.132,-0.197,0.898,4.876,250.0,-1.243,-0.259,11.501,11.32,11.031,0.339,1.078,0.029235,6.792088359187442,11.475,11.305,10.984
25.755,-2.414,0.821,3.274,79.466,-0.711,-0.909,10.853,10.853,7.573,0.001,0.821,0.040621,3.544387490148196,10.743,10.743,7.337
59.725,0.524,0.876,3.944,62.117,-0.79,1.053,10.636,10.634,8.261,0.004,0.877,0.056412,5.367939921121567,10.651,10.649,8.296
86.055,0.195,0.768,5.085,250.0,-0.827,-0.281,11.369,11.267,10.686,0.208,0.869,0.002046,14.150309689697607,11.401,11.289,10.754
84.745,0.123,0.832,5.426,250.0,-1.201,-0.178,11.62,11.302,11.334,0.518,1.149,0.014221,8.133134382676594,11.649,11.318,11.374
32.536,0.219,0.75,4.055,170.971,-1.593,-1.014,11.139,11.087,10.19,0.113,0.802,0.047794,4.174078140561362,11.073,11.027,10.076
45.584,0.548,0.575,6.032,42.301,-0.665,-0.945,10.618,10.536,9.855,0.172,0.657,0.03975,3.35899204838514,10.568,10.497,9.743
17.281,-2.193,0.651,3.154,64.583,-1.419,0.554,10.696,10.695,8.138,0.003,0.652,0.051649,3.771959348264107,10.665,10.664,8.059
18.216,0.525,0.359,5.724,64.813,-1.6,-2.652,11.322,10.725,11.196,0.747,0.957,0.026165,8.663626341578702,11.211,10.665,11.065
56.565,0.156,0.481,5.017,71.587,-1.594,-1.024,10.94,10.712,10.552,0.409,0.71,0.032909,6.37482922205147,10.931,10.703,10.542
84.091,0.283,0.842,3.331,250.0,-1.548,-0.136,11.241,11.23,9.63,0.025,0.852,0.028998,8.578025473976162,11.262,11.249,9.675
18.21,-1.841,0.871,5.814,93.087,-1.398,-0.859,11.406,10.9,11.244,0.688,1.377,0.0149,7.861946556134041,11.252,10.805,11.06
36.529,-0.365,0.802,4.635,250.0,-1.6,0.431,11.664,11.327,11.395,0.539,1.139,0.037678,5.243944333674795,11.685,11.341,11.423
57.992,0.318,0.593,4.023,105.821,-0.033,1.158,10.836,10.836,8.0,0.001,0.593,0.026503,11.299836809848472,10.855,10.854,8.068
84.113,0.067,0.869,5.948,250.0,-0.408,-0.104,11.277,11.173,10.603,0.212,0.972,0.016011,10.627394125949753,11.312,11.192,10.691
86.055,-0.495,1.088,4.258,250.0,-1.068,0.369,11.439,11.424,9.957,0.033,1.103,0.038483,4.03631653162201,11.481,11.464,10.045
41.676,0.515,0.662,5.687,74.545,-1.069,-0.52,10.909,10.753,10.387,0.301,0.818,0.025326,7.309126903525617,10.854,10.72,10.278
69.824,-0.292,0.71,4.146,89.486,-1.065,-0.86,10.785,10.781,8.586,0.006,0.712,0.044967,3.191187863517027,10.792,10.788,8.606
66.472,0.412,0.993,2.525,250.0,-1.429,-1.1,11.49,11.488,9.103,0.004,0.995,0.053274,8.27561916696581,11.546,11.544,9.199
3.402,-2.283,0.953,3.097,250.0,-1.417,1.366,11.433,11.429,9.189,0.006,0.956,0.040133,3.0236478823243185,11.402,11.399,9.111
19.368,-0.411,0.873,4.511,250.0,-1.241,-0.544,11.57,11.52,10.599,0.107,0.922,0.020896,8.170455626991417,11.576,11.525,10.615
2.573,-0.922,1.317,5.465,250.0,-1.053,-1.727,11.7,11.433,11.363,0.46,1.585,0.030758,7.759915810592722,11.561,11.362,11.127
2.707,-2.045,0.867,4.671,250.0,-1.525,-0.859,11.719,11.512,11.298,0.379,1.074,0.031538,4.545675610095796,11.627,11.447,11.157
53.328,-0.033,0.799,3.858,250.0,-1.132,-1.008,11.275,11.264,9.683,0.026,0.81,0.051736,4.79398647499147,11.272,11.261,9.676
81.734,0.099,0.934,5.756,250.0,-0.173,-0.714,11.407,11.389,9.99,0.038,0.95,0.074184,3.4032353770549526,11.434,11.413,10.088
85.581,0.203,1.002,5.755,250.0,-0.0,-0.139,11.784,11.741,10.747,0.092,1.043,0.047458,10.171039465545224,11.824,11.772,10.877
35.899,0.347,0.657,5.27,139.527,-0.272,-64.849,10.978,10.964,9.475,0.031,0.67,0.046665,4.683659418075847,10.966,10.953,9.437
49.152,0.195,0.646,4.118,216.031,-0.635,-1.911,11.128,11.119,9.459,0.021,0.656,0.053519,6.014095600980098,11.117,11.108,9.434
84.745,0.58,0.502,5.199,94.281,-1.6,15.958,11.058,10.757,10.756,0.499,0.803,0.004365,3.5978052490017274,11.087,10.776,10.796
57.12,0.431,0.762,4.67,135.848,-0.882,1.417,10.957,10.944,9.419,0.029,0.775,0.030816,6.9481521892908225,10.962,10.949,9.434
74.605,0.402,0.883,5.096,250.0,-0.59,-1.07,11.129,11.09,10.061,0.086,0.921,0.030947,10.660557583761348,11.246,11.187,10.347
56.636,0.113,0.472,4.629,250.0,-1.6,,11.584,11.189,11.36,0.597,0.867,0.011621,12.443423672608688,11.582,11.187,11.357
19.347,-0.756,0.988,2.157,250.0,-1.6,-0.33,11.301,11.3,8.668,0.002,0.989,0.049709,5.789456170247195,11.302,11.301,8.67
44.67,-0.123,0.645,4.74,154.021,-1.432,-0.856,11.059,11.01,10.069,0.103,0.692,0.021533,3.286970033723658,11.04,10.994,10.026
2.566,0.0,0.931,6.568,101.138,-0.0,3.707,11.207,10.906,10.905,0.5,1.232,0.039538,2.9470958065553248,11.026,10.835,10.578
18.77,0.281,0.14,5.618,49.467,-0.0,-2.744,10.724,10.616,10.067,0.22,0.248,0.023882,9.141820854536098,10.626,10.553,9.818
21.804,0.332,1.108,4.544,101.567,-1.388,2.375,10.882,10.866,9.41,0.034,1.123,0.060287,2.5818714112571985,10.851,10.836,9.329
62.995,-0.06,0.666,4.678,199.314,-1.374,0.996,11.172,11.048,10.565,0.247,0.79,0.034562,4.845016459215184,11.213,11.082,10.628
19.197,-0.105,0.909,4.961,250.0,-0.401,0.448,11.761,11.737,10.492,0.054,0.933,0.049202,7.876079743217549,11.77,11.744,10.518
57.989,0.02,0.629,3.056,62.223,-1.565,0.859,10.651,10.65,8.091,0.003,0.63,0.054575,3.67531112337255,10.651,10.65,8.092
66.906,0.232,0.755,4.055,117.635,-1.537,-0.44,10.875,10.844,9.706,0.068,0.785,0.047084,5.497391592718457,10.923,10.89,9.787
85.131,0.177,0.749,4.607,250.0,-0.803,0.509,11.38,11.366,9.85,0.03,0.762,0.058271,6.094891265269169,11.403,11.387,9.927
17.666,0.588,0.42,4.992,112.917,-1.57,1.739,11.431,10.988,11.237,0.64,0.863,0.025363,14.007113427878195,11.293,10.877,11.082
82.799,0.069,0.638,5.319,148.559,-1.256,0.418,11.237,10.974,10.894,0.454,0.9,0.010609,8.658633481726408,11.252,10.982,10.917
52.753,0.072,0.827,5.423,247.795,-0.225,1.143,11.179,11.163,9.714,0.034,0.843,0.050831,4.4348874065239,11.179,11.164,9.715
83.867,-0.84,1.025,3.331,73.608,-1.366,0.912,10.66,10.658,7.938,0.002,1.025,0.047052,3.443212481105887,10.715,10.714,8.074
40.539,-1.002,0.988,3.142,250.0,-1.546,-0.208,11.957,11.943,10.445,0.031,1.002,0.043525,24.11845778369059,11.976,11.961,10.471
2.792,-0.936,0.785,5.249,65.673,-1.58,-3.712,10.902,10.718,10.441,0.346,0.969,0.028094,5.731551962857611,10.832,10.671,10.322
82.889,-0.061,0.797,4.967,117.304,-1.172,-0.888,10.927,10.876,9.965,0.109,0.847,0.022586,9.001777497205882,10.949,10.894,10.016
83.418,0.024,0.872,4.761,119.269,-1.401,0.82,10.928,10.862,10.075,0.14,0.938,0.028814,7.584377453797123,10.972,10.9,10.153
68.0,-0.908,0.764,4.232,53.664,-1.543,0.722,10.541,10.523,9.154,0.041,0.782,0.03332,4.997645094737639,10.611,10.592,9.234
55.746,-0.732,0.798,4.755,58.72,-1.256,-0.958,10.643,10.591,9.696,0.113,0.85,0.039725,6.697203396481148,10.681,10.628,9.743
20.24,0.036,0.771,4.842,158.663,-1.6,0.495,11.317,11.068,10.956,0.435,1.019,0.035036,3.324580451175603,11.227,10.993,10.844
2.568,-0.57,0.961,4.345,98.602,-0.41,2.627,10.904,10.898,9.041,0.014,0.967,0.041023,3.4400911687684923,10.829,10.825,8.749
69.849,-2.065,0.597,5.604,85.361,-0.959,-0.962,10.794,10.743,9.832,0.109,0.647,0.022816,2.8580248830735653,10.831,10.77,9.949
55.848,0.281,0.899,3.657,137.01,-1.264,0.225,10.952,10.949,8.656,0.005,0.901,0.06354,2.828193615394362,10.95,10.947,8.653
61.265,0.504,0.673,6.083,68.664,-0.084,-1.075,10.694,10.671,9.4,0.051,0.696,0.034285,7.364135703564375,10.714,10.688,9.469
39.201,-1.023,1.228,4.592,250.0,-1.6,-0.655,11.752,11.593,11.235,0.305,1.385,0.008498,22.129919338671584,11.777,11.614,11.267
73.501,0.271,0.739,2.823,142.982,-1.581,-2.019,10.947,10.942,8.984,0.011,0.744,0.0408,8.926180360093591,10.969,10.963,9.036
44.856,0.402,0.887,6.257,209.129,-0.071,68738101.275,11.147,11.106,10.094,0.089,0.928,0.052645,4.01332031771471,11.143,11.103,10.084
26.314,0.573,0.468,4.983,66.063,-1.456,1.018,10.867,10.759,10.212,0.221,0.577,0.034855,4.20060105966053,10.768,10.671,10.069
20.575,0.079,0.699,4.014,80.195,-0.452,-1.0,10.777,10.776,7.962,0.002,0.699,0.014839,7.536846414466789,10.749,10.748,7.854
2.566,-3.0,1.357,6.246,45.387,-1.424,2.571,10.855,10.599,10.503,0.445,1.612,0.045155,2.491738582585847,10.73,10.524,10.308
16.281,-2.611,0.829,5.739,50.759,-1.337,0.894,10.712,10.62,9.988,0.189,0.92,0.034062,4.189744231357124,10.647,10.569,9.855
18.537,0.594,0.732,5.903,45.013,-0.776,1.099,10.65,10.584,9.8,0.141,0.798,0.036697,5.587680744540294,10.567,10.521,9.573
70.75,0.345,0.951,6.231,108.729,-0.0,1.183,10.891,10.809,10.126,0.171,1.032,0.024144,13.3085081579442,10.964,10.865,10.273
57.776,-1.654,0.656,3.264,147.917,-1.566,-1.005,10.962,10.956,9.033,0.012,0.662,0.028767,3.894722165836173,10.979,10.974,9.064
43.746,0.398,0.948,4.119,250.0,-0.62,0.569,11.627,11.624,9.113,0.003,0.95,0.07088,2.6618175668148907,11.609,11.606,9.054
85.205,-0.651,0.712,4.613,79.428,-1.265,0.507,10.708,10.694,9.203,0.031,0.726,0.026829,5.780403760472072,10.761,10.744,9.319
84.745,0.179,0.942,4.554,250.0,-1.462,-1.884,11.59,11.507,10.822,0.171,1.024,0.00132,3.6437656005928143,11.59,11.507,10.824
85.581,0.074,0.858,5.396,250.0,-0.525,-1.325,11.714,11.521,11.267,0.358,1.051,0.018636,18.272585920953347,11.761,11.544,11.354
80.134,-0.192,0.636,2.42,250.0,-1.402,-0.439,11.151,11.149,8.307,0.001,0.637,0.046573,3.354399034117257,11.167,11.166,8.342
4.062,-3.0,0.855,5.684,198.886,-0.0,6.768,11.12,11.078,10.087,0.093,0.898,0.032874,5.302842614715554,11.124,11.08,10.105
4.779,-0.515,0.845,3.548,250.0,-1.563,2.552,11.44,11.42,10.079,0.044,0.864,0.025827,8.405927866793343,11.432,11.413,10.062
45.797,0.201,0.695,4.176,176.854,-0.247,0.948,11.065,11.064,8.301,0.002,0.696,0.031555,5.963358510032285,11.048,11.047,8.231
80.043,0.032,0.809,4.313,250.0,-1.6,-0.631,11.332,11.231,10.643,0.205,0.909,0.050394,3.61502599676442,11.338,11.236,10.656
74.977,0.371,0.945,3.89,250.0,-0.791,-1.095,11.282,11.278,9.139,0.007,0.948,0.035885,15.185607825183476,11.373,11.368,9.415
85.18,0.219,0.804,3.274,250.0,-1.278,-0.21,11.524,11.519,9.538,0.01,0.808,0.019538,17.933362320804836,11.558,11.552,9.628
63.711,-0.46,0.938,4.387,250.0,-0.223,0.961,11.373,11.371,9.071,0.005,0.941,0.065402,5.557097726581002,11.401,11.398,9.184
86.211,0.112,1.306,2.4,250.0,-1.291,-0.956,11.561,11.561,8.587,0.001,1.306,0.075577,8.160334953317824,11.653,11.652,8.74
79.542,-0.183,1.141,4.337,63.997,-1.572,0.898,10.576,10.538,9.494,0.083,1.178,0.078731,6.969208132742275,10.699,10.661,9.622
2.566,-3.0,1.287,4.159,221.815,-1.6,3.289,11.288,11.225,10.418,0.135,1.35,0.033576,5.503748105130527,11.191,11.139,10.243
32.827,-0.019,0.822,5.495,250.0,-0.108,4.411,11.456,11.432,10.167,0.051,0.845,0.042204,3.976694905943865,11.449,11.426,10.148
41.122,0.534,0.685,4.985,91.182,-1.367,0.956,11.039,10.866,10.555,0.328,0.857,0.032127,11.830396429287656,10.958,10.797,10.45
86.468,0.217,0.181,5.104,126.754,-1.525,-1.086,11.153,10.893,10.805,0.45,0.44,0.00803,7.640032260327235,11.205,10.921,10.884
84.8,0.076,0.868,4.63,250.0,-1.236,0.895,11.8,11.714,11.05,0.178,0.953,0.032055,9.146961499376722,11.828,11.735,11.108
57.73,0.164,0.918,4.83,250.0,-1.155,1.265,11.31,11.27,10.236,0.085,0.957,0.034238,3.399861338718268,11.314,11.274,10.246
81.663,0.592,0.812,4.492,250.0,-1.535,1.127,11.265,11.114,10.729,0.292,0.962,0.026973,5.902542664890349,11.433,11.24,10.986
24.794,-1.058,0.887,3.782,250.0,-1.575,0.194,11.442,11.415,10.222,0.06,0.914,0.03819,3.7690639864436046,11.429,11.402,10.19
78.769,-0.414,0.425,6.768,149.283,-0.0,-1.485,11.537,10.973,11.399,0.727,0.989,0.011897,19.076333259757263,11.613,10.986,11.496
39.215,-3.0,0.846,4.828,121.183,-1.6,-0.255,11.111,10.904,10.691,0.38,1.053,0.015608,5.816215314936849,11.108,10.901,10.685
18.425,0.085,0.852,4.188,250.0,-1.473,0.215,11.448,11.416,10.284,0.069,0.882,0.057356,2.7171882307170394,11.388,11.362,10.158
66.096,0.112,0.86,6.067,87.16,-0.321,1.259,10.78,10.765,9.262,0.03,0.873,0.0464,2.8064911639275514,10.794,10.778,9.315
18.338,0.149,0.617,6.905,100.922,-0.032,2.012,11.115,10.883,10.733,0.414,0.849,0.043205,4.164800843197337,10.999,10.833,10.5
15.457,0.054,0.492,6.343,65.976,-0.219,-0.971,10.855,10.727,10.259,0.253,0.619,0.041251,3.9286126417270326,10.762,10.672,10.03
45.289,0.038,0.828,5.224,250.0,-0.649,-1.091,11.406,11.374,10.264,0.072,0.861,0.043187,3.829384356144253,11.373,11.345,10.176
32.047,0.152,0.546,5.362,56.919,-1.527,-0.965,10.826,10.654,10.34,0.327,0.718,0.03128,5.6615686084853545,10.77,10.615,10.247
2.606,-2.371,0.981,5.048,250.0,-0.996,-2.954,11.707,11.597,11.056,0.223,1.091,0.052731,3.616093392935708,11.608,11.529,10.828
3.148,-0.052,0.932,5.427,250.0,-0.081,-1.837,11.682,11.656,10.443,0.058,0.958,0.040912,7.018584160776761,11.644,11.624,10.281
79.291,0.372,0.727,6.638,54.0,-0.317,1.179,10.57,10.54,9.38,0.065,0.756,0.031373,4.311545462253413,10.639,10.594,9.619
85.091,0.255,0.563,5.962,72.877,-0.304,0.896,10.695,10.68,9.224,0.034,0.578,0.029907,6.233883705854804,10.731,10.711,9.37
2.633,-2.094,0.902,4.885,250.0,-0.626,-0.614,11.607,11.563,10.589,0.096,0.946,0.071419,3.026269237254193,11.522,11.492,10.334
75.916,0.088,0.689,4.986,96.223,-0.586,1.157,10.774,10.763,9.163,0.024,0.7,0.027652,8.478763795930924,10.831,10.818,9.298
65.895,-1.138,0.662,3.996,71.403,-1.285,-0.968,10.676,10.667,9.006,0.021,0.671,0.024604,7.891217023773309,10.713,10.703,9.077
41.506,0.499,0.635,5.96,96.254,-0.301,-1.047,10.974,10.881,10.258,0.192,0.728,0.032173,5.564007026129974,10.89,10.815,10.09
66.928,0.132,1.002,2.52,250.0,-1.26,-0.995,11.497,11.496,8.891,0.002,1.003,0.055849,8.310765207620738,11.555,11.554,9.0
52.502,0.219,0.972,3.946,250.0,-1.053,1.222,11.623,11.611,10.036,0.026,0.983,0.017374,4.880081705623389,11.605,11.594,10.005
53.455,-0.264,0.76,5.822,249.139,-0.0,-0.451,11.248,11.15,10.554,0.202,0.858,0.019166,10.77708717577576,11.282,11.171,10.631
59.428,0.144,0.456,4.378,226.528,-1.599,-0.857,11.248,11.13,10.625,0.238,0.574,0.039669,3.532066670455348,11.243,11.126,10.617
71.992,0.229,0.876,3.752,185.262,-1.532,-1.16,10.996,10.97,9.757,0.058,0.902,0.046612,6.122022037009734,11.088,11.059,9.894
53.537,0.372,0.813,3.148,250.0,-1.386,-0.219,11.471,11.466,9.515,0.011,0.818,0.06767,4.427916449764299,11.466,11.461,9.503
2.711,-1.783,0.655,4.887,108.368,-1.465,-1.88,11.025,10.923,10.344,0.209,0.756,0.045588,2.595225177774907,10.944,10.859,10.193
25.082,-0.12,0.706,5.29,250.0,-0.309,-0.339,11.363,11.277,10.616,0.179,0.792,0.052609,7.696830512105997,11.356,11.273,10.592
3.469,-0.004,0.946,5.921,250.0,-0.233,3.916,11.638,11.596,10.577,0.087,0.986,0.028653,12.408788211821127,11.602,11.567,10.456
84.016,-0.744,0.877,4.188,250.0,-1.6,-0.368,11.727,11.657,10.892,0.147,0.946,0.021888,5.686441724703401,11.737,11.666,10.91
49.013,-0.002,0.706,4.257,206.111,-0.273,2.384,11.108,11.105,8.629,0.003,0.707,0.02357,11.50355421506672,11.113,11.11,8.652
64.096,0.07,0.857,4.873,107.988,-1.071,-0.626,10.871,10.852,9.48,0.041,0.875,0.054552,3.4255078287678744,10.878,10.859,9.497
59.736,0.461,1.02,4.211,250.0,-1.6,0.529,11.478,11.397,10.709,0.17,1.102,0.03706,7.743489997654501,11.492,11.409,10.733
66.502,-0.074,0.819,5.9,53.964,-0.556,0.936,10.592,10.572,9.24,0.045,0.839,0.027241,4.699504750159491,10.617,10.594,9.322
70.953,0.328,0.806,4.782,188.056,-1.371,0.936,11.203,11.031,10.717,0.327,0.978,0.023837,13.303902099781055,11.261,11.074,10.805
58.058,0.604,0.603,5.767,66.723,-0.583,1.133,10.73,10.668,9.854,0.133,0.665,0.043225,4.197146366195625,10.741,10.677,9.879
32.043,0.102,0.825,3.793,141.59,-1.227,0.967,11.04,11.036,9.064,0.011,0.83,0.050784,3.5423414136387565,10.964,10.96,8.91
42.199,0.515,0.995,3.342,250.0,-1.503,-0.915,11.494,11.487,9.673,0.015,1.001,0.068295,3.948365687892578,11.459,11.453,9.591
82.799,0.071,0.706,4.559,233.238,-1.6,0.4,11.397,11.125,11.064,0.465,0.978,0.025249,5.304208571263711,11.413,11.135,11.087
54.232,0.501,0.844,4.633,250.0,-1.007,-1.05,11.319,11.276,10.29,0.093,0.886,0.045645,5.236332376241737,11.306,11.265,10.265
49.93,0.311,0.58,6.207,60.873,-0.09,1.123,10.66,10.639,9.335,0.047,0.601,0.038507,2.9716015839388574,10.664,10.641,9.351
42.008,0.156,0.528,4.811,144.724,-1.6,1.237,11.254,10.987,10.916,0.46,0.795,0.045183,6.457883794769335,11.225,10.968,10.875
2.706,-2.974,1.047,4.967,250.0,-1.204,-3.262,11.656,11.552,10.982,0.212,1.151,0.043122,3.294550007625801,11.57,11.488,10.804
73.338,-0.868,0.832,3.52,116.246,-1.118,-0.956,10.85,10.849,8.368,0.003,0.833,0.036774,4.332647164948318,10.888,10.886,8.48
70.517,0.356,0.917,3.984,250.0,-1.471,7.206,11.601,11.566,10.474,0.075,0.95,0.069332,5.626739363881856,11.611,11.576,10.498
62.889,0.314,0.758,5.186,250.0,-0.262,1.101,11.201,11.192,9.468,0.018,0.766,0.050372,4.04052634806945,11.218,11.208,9.53
75.274,0.471,0.88,3.622,231.259,-0.883,-1.133,11.019,11.016,8.824,0.006,0.883,0.040913,6.647622644952833,11.145,11.14,9.133
63.53,0.536,0.641,6.213,92.233,-0.076,1.055,10.881,10.767,10.246,0.231,0.756,0.013225,12.589118908597523,10.938,10.801,10.37
39.965,0.001,0.82,4.327,178.414,-1.298,-0.801,11.11,11.085,9.846,0.054,0.845,0.047011,3.727565565541416,11.068,11.045,9.766
83.961,-1.734,0.929,5.387,74.624,-0.937,-0.949,10.597,10.533,9.737,0.138,0.993,0.027504,6.734827457286769,10.834,10.719,10.201
2.566,-0.117,0.998,6.257,250.0,-0.0,3.598,11.843,11.511,11.571,0.534,1.33,0.03265,4.023943506422981,11.645,11.43,11.237
36.749,0.079,0.976,2.426,250.0,-1.507,0.945,11.483,11.482,9.007,0.003,0.978,0.050747,6.07819062292819,11.402,11.4,8.892
18.562,-2.992,0.798,5.865,250.0,-1.231,0.135,12.534,11.777,12.45,0.825,1.555,0.020655,13.333563124887672,12.375,11.709,12.269
49.144,0.191,0.896,4.312,250.0,-0.953,-1.329,11.321,11.307,9.822,0.032,0.91,0.049882,5.200598652373875,11.321,11.306,9.82
81.862,0.408,0.887,4.032,117.73,-1.535,1.077,10.822,10.812,9.089,0.019,0.895,0.027416,4.666005269096505,10.906,10.895,9.273
56.319,0.152,0.633,4.448,250.0,-1.55,0.977,11.544,11.283,11.199,0.451,0.894,0.025266,11.731147953841225,11.543,11.283,11.198
51.849,-0.029,0.769,5.772,250.0,-0.443,0.825,11.282,11.229,10.331,0.112,0.821,0.019294,6.577815059925656,11.281,11.229,10.329
35.169,0.175,0.885,6.084,41.515,-0.612,1.155,10.559,10.53,9.364,0.064,0.914,0.059468,2.288988414066689,10.514,10.489,9.25
2.566,-0.155,1.069,4.619,250.0,-0.513,2.064,11.641,11.602,10.573,0.086,1.107,0.054771,5.134874226489309,11.513,11.487,10.291
83.505,0.343,0.768,4.32,195.417,-1.48,-11.412,11.134,11.076,10.219,0.122,0.825,0.034239,8.125380783058146,11.147,11.088,10.243
2.766,-0.224,0.834,5.538,62.007,-1.136,-1.567,10.946,10.668,10.621,0.473,1.112,0.035625,12.143560311095404,10.891,10.648,10.523
18.41,0.004,1.105,5.818,42.669,-1.142,-0.251,10.588,10.558,9.418,0.068,1.136,0.085115,1.5316574179290148,10.523,10.5,9.231
29.129,0.445,0.8,6.317,250.0,-0.0,,11.454,11.353,10.766,0.205,0.9,0.046967,6.095970542825552,11.448,11.35,10.748
82.799,0.071,0.873,6.136,250.0,-0.0,-2.031,11.265,11.229,10.155,0.078,0.909,0.032182,3.7915554765890938,11.274,11.236,10.185
83.875,0.215,0.67,5.564,131.113,-0.071,1.028,10.921,10.91,9.285,0.023,0.681,0.025833,9.23729373658308,10.95,10.936,9.419
78.76,0.02,0.813,4.388,250.0,-1.6,2.862,11.626,11.42,11.203,0.378,1.019,0.024559,6.847213768094218,11.64,11.43,11.223
84.023,0.105,1.023,5.297,250.0,-0.0,1.58,11.487,11.468,10.111,0.042,1.042,0.047333,6.327458003811117,11.515,11.493,10.206
20.186,-0.387,0.916,3.366,250.0,-0.877,-2.049,11.402,11.401,8.805,0.003,0.917,0.045186,4.497557762878038,11.402,11.4,8.803
85.581,0.197,0.942,6.708,250.0,-0.0,-0.087,11.786,11.711,10.96,0.15,1.013,0.026753,20.44412382310356,11.836,11.746,11.088
25.792,-2.412,0.68,5.258,201.646,-1.118,0.907,11.427,11.163,11.085,0.456,0.944,0.022191,5.450428141933067,11.302,11.088,10.89
49.197,0.355,0.643,4.166,114.714,-1.496,0.983,10.965,10.921,9.947,0.096,0.686,0.032757,5.606149261215589,10.923,10.88,9.894
83.971,-0.025,0.82,3.545,250.0,-1.478,0.719,11.362,11.348,9.822,0.029,0.832,0.045408,6.6395662412871985,11.375,11.361,9.854
56.461,0.207,0.628,4.564,152.346,-1.589,-1.26,11.088,10.996,10.367,0.19,0.72,0.021827,7.049318822733652,11.085,10.993,10.361
57.047,-0.146,0.799,4.265,188.821,-0.08,0.15,11.063,11.062,8.169,0.001,0.8,0.051062,4.617570363989384,11.067,11.066,8.188
24.347,-0.493,0.712,5.46,55.233,-1.444,0.704,10.803,10.637,10.305,0.318,0.878,0.021702,7.9182428002107645,10.758,10.603,10.236
76.048,0.181,0.71,5.446,189.546,-0.272,0.692,11.063,11.047,9.609,0.035,0.725,0.04043,4.763632221296233,11.086,11.067,9.687
78.18,-0.054,0.855,3.857,144.419,-1.6,1.636,10.962,10.937,9.714,0.056,0.88,0.057026,5.175323019152349,10.994,10.967,9.775
36.827,-2.816,0.964,3.819,250.0,-1.04,-0.858,11.489,11.483,9.621,0.014,0.97,0.014097,18.018205609375244,11.411,11.406,9.465
32.85,-1.344,0.658,6.227,79.853,-0.218,0.931,10.939,10.82,10.32,0.24,0.778,0.020875,7.465939161630744,10.83,10.746,10.078
68.519,0.152,0.742,3.636,91.555,-1.398,5.26,10.799,10.795,8.68,0.008,0.746,0.025477,7.547378252760157,10.803,10.799,8.688
46.0,0.537,0.484,6.696,42.812,-0.085,0.993,10.719,10.538,10.252,0.341,0.665,0.014789,9.039343420715896,10.653,10.5,10.125
79.576,0.158,0.744,5.269,120.001,-0.742,-0.336,10.893,10.877,9.378,0.031,0.757,0.00537,5.21565496056258,10.919,10.902,9.471
80.326,0.1,0.791,5.751,153.364,-0.495,0.866,11.03,10.982,10.039,0.102,0.838,0.02062,7.996784402275821,11.049,10.996,10.101
61.234,-2.984,0.655,5.61,70.947,-0.237,0.954,10.696,10.67,9.453,0.057,0.68,0.021589,9.035156892339016,10.73,10.7,9.538
81.24,0.241,0.822,4.831,120.894,-0.734,1.061,10.902,10.895,9.043,0.014,0.828,0.05327,3.531491328709307,10.909,10.901,9.066
2.597,-2.976,1.047,5.196,250.0,-1.593,0.687,12.385,11.796,12.255,0.742,1.636,0.001361,4.974635581743994,12.248,11.721,12.095
2.569,-2.871,1.353,4.399,250.0,-0.342,-0.973,12.695,12.635,11.806,0.129,1.413,0.07876,19.281629561307213,12.565,12.52,11.564
62.756,0.545,0.589,6.525,110.153,-0.036,-1.03,10.929,10.85,10.149,0.166,0.668,0.014657,8.010946523191942,10.957,10.869,10.219
74.64,-0.264,0.924,4.128,105.577,-0.867,-0.989,10.698,10.693,8.803,0.013,0.929,0.047462,7.093822887252872,10.858,10.851,9.1
5.184,-0.813,0.846,4.653,250.0,-0.699,-1.989,11.214,11.197,9.783,0.037,0.862,0.037451,4.914832590164562,11.2,11.184,9.734
64.712,-0.193,0.861,2.735,154.494,-1.479,0.472,10.995,10.993,8.266,0.002,0.862,0.048298,3.608789981330713,10.995,10.993,8.266
48.925,0.445,0.483,6.086,56.68,-0.701,1.047,10.705,10.632,9.892,0.154,0.555,0.015787,4.913162119069559,10.678,10.613,9.821
61.028,0.04,0.423,2.816,132.949,-1.412,-0.293,10.922,10.92,8.307,0.002,0.424,0.045034,3.313346643214696,10.933,10.932,8.332
83.456,0.211,0.773,6.37,132.301,-0.103,-0.898,10.935,10.915,9.548,0.041,0.792,0.024574,6.361347999226502,10.964,10.94,9.667
42.324,0.197,0.562,5.177,76.646,-1.6,1.938,10.951,10.73,10.551,0.399,0.783,0.026021,8.541772094528662,10.952,10.73,10.552
44.214,-0.005,0.698,3.413,250.0,-1.301,-0.508,11.348,11.34,9.581,0.017,0.705,0.017754,15.291600345969924,11.345,11.337,9.573
39.19,-0.125,0.637,4.627,73.458,-1.6,1.569,10.776,10.71,9.925,0.141,0.703,0.043725,4.407891906496561,10.78,10.713,9.934
3.783,0.002,0.819,4.377,250.0,-1.6,-3.069,11.774,11.573,11.341,0.37,1.02,0.027699,8.02486732412738,11.75,11.556,11.307
36.636,-0.998,0.76,4.681,141.884,-1.571,0.912,11.172,11.021,10.64,0.294,0.911,0.035635,4.36407330957652,11.095,10.959,10.523
10.311,0.002,0.64,7.595,250.0,-0.0,0.451,11.901,11.303,11.774,0.747,1.237,0.003645,2.451501041604645,11.728,11.245,11.554
80.043,0.014,0.87,5.633,250.0,-0.636,19.165,12.052,11.811,11.679,0.424,1.109,0.005631,13.277874663674188,12.061,11.816,11.693
84.096,0.282,0.663,5.981,114.667,-0.467,0.733,10.893,10.849,9.864,0.094,0.706,0.025647,6.77557292405711,10.939,10.885,10.003
76.08,0.114,0.742,5.803,250.0,-0.267,-1.298,11.473,11.41,10.601,0.134,0.804,0.0349,6.551643834544383,11.494,11.425,10.662
66.242,0.374,0.888,3.363,243.585,-1.199,1.019,11.143,11.139,9.044,0.008,0.892,0.045692,4.949710276815437,11.163,11.159,9.103
70.799,0.516,0.659,5.705,115.806,-0.014,-1.057,10.823,10.793,9.65,0.067,0.689,0.04069,6.728121398417846,10.929,10.884,9.926
31.625,0.486,0.277,5.382,102.073,-1.581,1.162,11.639,10.929,11.545,0.805,0.987,0.022008,9.927285494948553,11.522,10.837,11.421
52.338,0.367,0.427,5.093,55.61,-1.176,1.243,10.745,10.624,10.131,0.243,0.548,0.118074,3.2785231127413694,10.728,10.61,10.106
2.979,-0.83,0.905,4.812,250.0,-1.6,-1.966,12.071,11.794,11.742,0.47,1.181,0.025127,4.911856924404289,12.014,11.76,11.66
15.706,0.001,0.738,4.79,250.0,-1.449,1.397,11.633,11.4,11.251,0.415,0.971,0.035218,4.845669146221022,11.563,11.348,11.155
61.59,-0.227,0.576,5.688,50.275,-0.538,-0.988,10.57,10.553,9.136,0.037,0.592,0.029533,4.977210936930105,10.584,10.566,9.185
56.493,0.409,0.304,5.205,104.092,-1.588,1.169,11.194,10.848,10.933,0.549,0.649,0.026397,5.832363028590186,11.19,10.844,10.928
2.659,-2.978,0.993,5.167,250.0,-1.467,-1.875,12.285,11.917,12.041,0.571,1.36,0.029786,4.561249553174211,12.164,11.842,11.882
59.565,-2.029,0.731,5.71,250.0,-0.184,0.971,11.403,11.35,10.464,0.115,0.784,0.041014,4.502529593476042,11.427,11.369,10.522
73.771,-0.192,0.562,4.477,110.578,-1.298,0.976,10.836,10.793,9.809,0.094,0.605,0.034856,5.642027624234136,10.915,10.866,9.935
84.745,0.176,0.492,4.841,250.0,-1.6,-5.079,11.727,11.215,11.565,0.691,1.002,0.005151,4.85017581619524,11.729,11.216,11.568
85.05,0.25,0.9,5.476,250.0,-0.279,0.154,11.447,11.406,10.389,0.088,0.94,0.03732,14.02478567397559,11.495,11.443,10.54
77.702,0.489,0.729,4.894,83.522,-1.584,-1.027,10.757,10.581,10.28,0.333,0.905,0.025089,11.042230810519923,10.96,10.763,10.522
65.096,0.334,0.78,5.066,63.301,-0.966,1.09,10.649,10.627,9.329,0.048,0.801,0.036972,6.465324785628936,10.681,10.656,9.427
79.756,0.028,0.8,5.622,250.0,-0.558,0.683,11.407,11.276,10.822,0.26,0.931,0.006419,10.988126523209944,11.418,11.282,10.845
70.464,0.638,0.78,5.346,73.87,-1.059,-1.048,10.688,10.619,9.853,0.146,0.849,0.029515,7.612150466626067,10.8,10.716,10.045
41.134,0.604,0.653,4.935,171.243,-1.0,-1.054,11.261,11.093,10.765,0.319,0.82,0.044075,8.055673795138755,11.176,11.028,10.637
2.596,-0.155,1.138,6.045,250.0,-0.723,-0.725,12.192,11.898,11.882,0.491,1.431,0.020017,5.147394687559662,12.041,11.832,11.622
85.495,0.145,0.756,5.863,250.0,-0.188,1.028,11.427,11.38,10.43,0.101,0.802,0.01714,14.840628083633854,11.468,11.409,10.561
26.733,-0.166,0.565,4.333,109.306,-1.312,-1.195,10.925,10.897,9.707,0.061,0.592,0.023237,8.528737349037499,10.891,10.866,9.633
66.868,0.482,0.891,5.654,250.0,-0.552,23471.98,11.398,11.33,10.535,0.138,0.956,0.019754,11.33594209107396,11.405,11.335,10.558
20.368,-2.231,0.93,6.14,250.0,-0.0,0.195,11.455,11.369,10.709,0.179,1.016,0.029743,5.472373141234718,11.428,11.353,10.622
81.948,0.094,0.906,4.993,250.0,-0.624,-0.274,11.396,11.356,10.328,0.086,0.945,0.046937,8.136086775349249,11.431,11.384,10.442
86.221,0.122,0.601,6.187,207.814,-0.737,-2.31,11.894,11.092,11.819,0.842,1.403,0.019009,8.924777395564282,11.908,11.098,11.835
57.813,0.206,0.826,3.753,231.712,-1.577,-1.045,11.176,11.133,10.151,0.094,0.869,0.049832,5.733954502424645,11.183,11.139,10.163
26.024,0.325,0.174,4.928,76.541,-1.526,1.973,10.842,10.761,10.061,0.166,0.253,0.048173,2.2660559361297414,10.803,10.728,9.996
19.404,-2.998,0.984,6.682,250.0,-0.012,-0.976,11.611,11.515,10.904,0.197,1.079,0.033827,5.180206342920118,11.61,11.515,10.902
76.359,0.323,0.841,5.036,101.765,-1.457,-1.085,10.843,10.757,10.093,0.178,0.926,0.033224,6.037880260567425,10.933,10.839,10.218
53.636,0.64,0.008,5.788,70.406,-1.587,-1.014,11.536,10.674,11.472,0.863,0.87,0.021625,5.490790836211546,11.514,10.653,11.449
2.576,-2.664,0.784,3.968,250.0,-1.145,1.105,11.305,11.289,9.867,0.036,0.8,0.055377,2.609359107368321,11.235,11.224,9.643
39.215,-0.163,0.669,4.937,250.0,-1.6,0.569,11.944,11.453,11.774,0.676,1.159,0.007614,9.564211324687012,11.943,11.453,11.773
82.818,0.071,0.703,5.789,124.672,-0.859,-0.303,11.042,10.905,10.471,0.269,0.84,0.01371,8.233305333888689,11.061,10.917,10.509
25.758,-2.267,0.892,4.02,250.0,-1.432,1.067,11.655,11.603,10.711,0.114,0.944,0.049344,7.45105919865802,11.541,11.494,10.553
48.074,0.072,0.687,4.524,250.0,-1.469,0.374,11.578,11.355,11.179,0.4,0.909,0.024126,9.04141541284702,11.587,11.361,11.194
80.84,-0.264,1.074,4.473,75.774,-1.273,-1.007,10.676,10.648,9.474,0.063,1.102,0.031968,12.050168975769136,10.757,10.726,9.593
31.634,0.56,0.812,4.892,188.219,-1.539,-0.935,11.246,11.103,10.69,0.279,0.954,0.047736,2.9512279045151915,11.194,11.065,10.602
73.464,0.229,0.906,3.487,250.0,-0.827,1.009,11.124,11.122,8.812,0.005,0.908,0.020694,14.34687828463904,11.259,11.256,9.107
18.308,0.429,0.659,6.416,68.145,-0.546,0.975,10.818,10.736,10.055,0.172,0.741,0.034715,2.283265008161229,10.736,10.685,9.785
20.019,0.139,0.767,4.884,250.0,-1.6,-1.407,11.683,11.351,11.409,0.533,1.098,0.046311,5.320324012977108,11.687,11.354,11.414
2.889,-0.309,0.834,4.783,250.0,-1.597,1.46,11.793,11.466,11.516,0.529,1.161,0.031498,3.936646741069211,11.72,11.422,11.414
72.059,0.41,0.763,4.363,80.111,-0.859,-1.034,10.63,10.627,8.574,0.009,0.767,0.027031,7.118759030404523,10.752,10.747,8.793
18.217,0.612,-0.222,5.324,82.092,-1.6,-2.284,11.465,10.514,11.414,0.888,0.73,0.025161,9.60831904176059,11.332,10.416,11.276
77.905,0.448,0.823,5.855,92.922,-0.312,-1.031,10.745,10.692,9.804,0.114,0.875,0.024318,9.605057507538293,10.883,10.804,10.104
73.904,-0.127,0.935,3.215,250.0,-1.312,0.183,11.326,11.32,9.406,0.012,0.94,0.064266,6.460835940233791,11.338,11.332,9.434
31.602,-0.512,0.716,4.385,250.0,-1.565,1.061,11.555,11.355,11.124,0.37,0.917,0.043556,5.817223827141048,11.454,11.268,10.996
2.856,-1.575,0.952,4.267,250.0,-1.433,1.432,11.727,11.683,10.699,0.094,0.995,0.023951,10.27931293271108,11.67,11.632,10.574
37.817,0.087,0.637,4.977,164.377,-1.329,1.054,11.167,11.053,10.53,0.23,0.75,0.02184,6.818967715519125,11.121,11.022,10.429
19.483,-0.014,0.818,5.728,250.0,-0.513,0.57,11.668,11.572,10.963,0.198,0.914,0.02672,5.205422193195824,11.611,11.536,10.809
68.773,0.274,0.726,4.858,209.15,-1.37,-0.897,11.209,11.088,10.59,0.241,0.846,0.016388,8.36711773571301,11.244,11.114,10.652
84.427,0.117,0.896,4.176,250.0,-1.364,0.781,11.332,11.298,10.202,0.074,0.93,0.066309,4.741433257961469,11.349,11.312,10.243
62.826,-0.587,0.174,5.451,87.542,-1.554,0.955,11.277,10.566,11.183,0.805,0.884,0.018375,6.098596798213289,11.32,10.604,11.227
50.658,-0.856,0.366,4.959,74.939,-1.597,-1.115,11.054,10.721,10.783,0.536,0.699,0.038328,9.26508721232015,11.053,10.72,10.782
84.724,0.211,0.991,4.25,250.0,-1.23,-0.581,11.472,11.433,10.391,0.083,1.028,0.056468,9.23077689356195,11.507,11.463,10.483
72.516,-2.114,0.626,4.472,131.844,-1.503,0.937,10.957,10.866,10.236,0.19,0.718,0.034756,6.2522502609017625,11.04,10.932,10.381
32.207,0.043,1.005,5.358,250.0,-0.515,-0.268,11.813,11.776,10.713,0.08,1.041,0.046284,5.504196311999493,11.8,11.766,10.671
81.111,0.028,0.866,4.754,250.0,-1.212,0.823,11.675,11.635,10.581,0.081,0.903,0.00441,6.997592216671924,11.693,11.651,10.626
81.74,0.125,0.89,5.028,250.0,-0.998,-0.738,11.241,11.203,10.148,0.081,0.927,0.039686,3.7920525723407006,11.266,11.225,10.207
81.443,0.397,1.211,4.597,250.0,-1.272,1.401,11.225,11.198,9.983,0.057,1.237,0.053552,3.786961279266712,11.292,11.262,10.101
43.613,0.321,0.826,2.733,250.0,-1.336,-1.975,11.29,11.288,8.827,0.003,0.828,0.033881,7.071151001854094,11.273,11.271,8.793
37.433,-0.22,0.493,5.091,83.533,-1.6,-1.207,10.99,10.795,10.547,0.361,0.687,0.048097,3.686673915000769,10.943,10.761,10.478
83.533,-0.085,0.951,3.308,250.0,-0.914,0.996,11.148,11.147,8.114,0.001,0.951,0.044208,4.313364211911668,11.238,11.237,8.422
18.58,0.002,0.663,4.949,161.005,-1.6,4.131,11.339,11.046,11.03,0.491,0.957,0.029242,4.60386658847185,11.278,11.006,10.945
59.876,0.387,0.78,5.458,94.346,-0.429,-0.912,10.81,10.788,9.492,0.048,0.801,0.048995,4.722059877215984,10.831,10.808,9.542
3.231,-0.085,0.804,4.651,250.0,-1.456,-0.982,11.803,11.605,11.365,0.365,1.001,0.020402,9.591168797022736,11.759,11.579,11.286
2.622,-2.999,1.162,4.844,250.0,-1.6,0.755,12.118,11.886,11.732,0.412,1.393,0.033299,6.590766331927468,12.02,11.822,11.581
85.17,0.304,0.909,4.808,250.0,-0.502,0.105,11.814,11.788,10.583,0.059,0.935,0.092009,10.619500880028392,11.874,11.839,10.762
64.794,-3.0,1.137,4.359,79.518,-1.549,-0.901,10.745,10.706,9.678,0.086,1.176,0.025517,5.289004270418169,10.783,10.743,9.727
68.387,-0.347,0.782,5.639,201.434,-0.189,0.616,11.086,11.073,9.56,0.03,0.795,0.018177,3.7458148784524727,11.103,11.088,9.618
26.019,0.226,0.414,5.142,62.001,-1.54,-0.951,10.938,10.706,10.553,0.413,0.645,0.045918,5.08436308638566,10.826,10.612,10.414
55.233,-2.882,0.535,3.773,250.0,-1.458,-0.464,11.227,11.2,9.996,0.059,0.562,0.02301,6.273810902499365,11.234,11.207,10.015
85.581,0.098,0.647,4.802,135.974,-1.6,0.222,11.151,10.923,10.762,0.409,0.876,0.023821,10.06399799956056,11.19,10.949,10.818
37.34,0.012,0.394,5.318,48.378,-1.526,1.102,10.765,10.623,10.209,0.278,0.536,0.03939,3.345424014551051,10.685,10.552,10.104
55.126,0.368,0.658,4.971,65.875,-1.6,-1.071,10.766,10.674,10.047,0.191,0.75,0.043188,3.663954133782239,10.764,10.672,10.044
18.291,0.498,0.66,5.308,102.469,-0.759,-1.004,11.005,10.961,9.987,0.096,0.704,0.037117,3.79150289397861,10.871,10.838,9.732
51.843,-0.44,0.8,4.591,54.175,-1.009,0.922,10.633,10.619,9.13,0.031,0.814,0.041027,5.172266492602769,10.609,10.596,9.089
67.143,0.582,0.787,5.659,124.528,-0.104,-1.018,10.879,10.858,9.547,0.046,0.807,0.027681,8.796947169244417,10.943,10.915,9.733
82.23,0.378,0.906,6.415,250.0,-0.148,1.213,11.248,11.221,9.996,0.056,0.931,0.022518,6.254557605389813,11.312,11.274,10.201
25.734,0.589,0.503,5.445,84.552,-1.121,1.145,10.963,10.825,10.399,0.273,0.641,0.038654,3.5929241140549557,10.876,10.766,10.224
76.046,0.52,0.651,6.274,104.424,-0.1,1.109,10.814,10.738,10.021,0.161,0.727,0.020208,8.69426938165557,10.971,10.848,10.363
2.78,-0.055,0.915,5.088,250.0,-1.323,1.222,11.706,11.394,11.415,0.512,1.227,0.019364,7.667802079144226,11.61,11.341,11.274
56.178,-0.677,0.51,5.452,51.044,-1.598,1.035,10.823,10.547,10.496,0.471,0.787,0.036241,4.222345353947548,10.791,10.52,10.457
36.641,-2.936,0.304,5.116,73.571,-1.564,-1.007,11.035,10.602,10.836,0.631,0.737,0.026557,7.787198170559093,10.967,10.538,10.765
86.707,0.371,0.9,5.598,121.884,-0.41,1.153,10.826,10.82,8.807,0.01,0.904,0.038093,4.711267710601453,10.917,10.908,9.142
66.066,-0.487,0.676,4.039,87.678,-1.575,0.649,10.782,10.767,9.306,0.033,0.691,0.048095,3.734771946824987,10.796,10.78,9.332
62.158,-0.332,0.744,5.225,103.135,-0.64,1.063,10.86,10.843,9.448,0.039,0.761,0.0443,3.6602374130619824,10.858,10.841,9.44
37.084,-1.822,0.598,4.585,69.778,-0.811,-1.012,10.76,10.752,8.989,0.017,0.605,0.024085,5.980715984371522,10.7,10.694,8.856
85.581,-0.897,0.981,3.796,250.0,-1.469,0.219,11.544,11.52,10.263,0.052,1.004,0.051319,4.802247179730507,11.561,11.536,10.299
72.773,0.413,0.489,5.811,54.406,-0.0,-1.327,10.587,10.56,9.362,0.06,0.515,0.046774,5.195883557308855,10.633,10.598,9.512
27.154,-0.66,0.888,6.252,70.622,-0.276,-0.403,10.746,10.722,9.461,0.052,0.911,0.044406,3.9344154745049296,10.718,10.699,9.332
78.99,0.314,0.399,4.728,69.37,-1.6,-2.349,10.744,10.583,10.234,0.309,0.56,0.021935,8.592294094532523,10.769,10.606,10.263
25.96,0.478,0.685,6.519,74.691,-0.413,-0.913,11.005,10.791,10.595,0.388,0.898,0.01026,7.709499528608705,10.873,10.72,10.345
65.71,0.33,0.392,5.143,105.847,-1.6,-0.913,11.276,10.806,11.096,0.661,0.861,0.018234,10.97436071929122,11.319,10.852,11.137
41.12,0.172,0.112,5.202,97.808,-1.597,-1.047,11.502,10.879,11.383,0.762,0.734,0.041125,6.143600739775986,11.419,10.816,11.294
79.704,0.054,1.069,3.699,250.0,-1.294,-0.287,11.937,11.924,10.375,0.028,1.081,0.055146,10.95314570894882,11.956,11.942,10.426
86.055,0.247,0.681,4.664,250.0,-1.6,0.116,11.56,11.243,11.273,0.518,0.998,0.033924,5.1696710861704265,11.622,11.28,11.357
18.66,0.294,0.281,5.861,55.421,-0.075,1.905,10.727,10.665,9.855,0.134,0.343,0.021898,8.73776623951782,10.645,10.604,9.598
84.745,0.137,0.907,5.816,250.0,-0.0,0.295,11.417,11.387,10.224,0.064,0.935,0.050833,7.685623186856957,11.437,11.404,10.291
59.515,0.359,0.626,5.238,104.987,-1.453,1.194,11.087,10.859,10.697,0.408,0.853,0.05038,4.291900874930068,11.069,10.847,10.672
72.406,-1.519,0.619,4.202,64.87,-0.463,0.985,10.584,10.581,8.456,0.007,0.622,0.022465,11.399329263919956,10.67,10.666,8.647
64.558,0.129,0.437,6.348,66.676,-0.036,1.224,10.684,10.649,9.568,0.077,0.471,0.017834,5.817048678092821,10.719,10.676,9.683
2.573,0.002,0.829,5.494,250.0,-1.599,0.522,12.827,11.709,12.792,0.924,1.946,0.025906,8.409511943282098,12.672,11.645,12.629
18.262,0.002,0.469,7.15,110.854,-0.0,2.236,11.526,10.925,11.4,0.749,1.07,0.04113,4.6147823781938,11.342,10.865,11.166
57.922,0.404,0.715,4.558,250.0,-1.328,-0.936,11.335,11.255,10.557,0.167,0.795,0.05377,4.099134171070984,11.349,11.266,10.588
63.623,0.052,0.854,3.772,250.0,-1.304,-1.194,11.386,11.374,9.794,0.026,0.865,0.109674,4.2078561288170055,11.4,11.387,9.833
2.945,-2.275,0.215,5.38,53.697,-0.442,3.624,10.678,10.63,9.699,0.105,0.263,0.028081,6.065668261838716,10.628,10.592,9.527
41.569,0.407,0.903,4.753,250.0,-0.997,-1.541,11.569,11.526,10.536,0.093,0.945,0.055456,7.852820703949252,11.55,11.51,10.486
37.262,0.138,0.9,4.288,250.0,-1.6,0.689,11.852,11.758,11.136,0.193,0.993,0.067688,6.65092769023089,11.846,11.753,11.126
56.397,0.177,0.811,3.749,250.0,-1.516,-0.758,11.351,11.321,10.164,0.065,0.84,0.03367,9.769436209127,11.355,11.325,10.172
37.221,-0.002,0.802,4.792,250.0,-1.212,-0.871,11.337,11.24,10.637,0.2,0.899,0.026743,7.073828714327409,11.282,11.198,10.52
86.468,0.159,0.857,4.289,250.0,-1.588,0.443,11.669,11.559,11.018,0.224,0.966,0.021263,6.94027771397838,11.7,11.582,11.072
80.043,0.006,0.666,4.727,250.0,-1.6,-9.673,11.744,11.414,11.47,0.532,0.996,0.025318,7.314304065315978,11.747,11.415,11.473
59.012,0.478,0.701,5.502,153.402,-0.318,1.001,11.013,10.992,9.676,0.046,0.722,0.027225,8.762510731364088,11.018,10.996,9.691
30.825,0.012,0.536,3.995,218.682,-0.189,-3.612,11.112,11.111,8.399,0.002,0.537,0.04493,4.0843038792023965,11.112,11.111,8.398
82.669,0.288,0.847,6.748,156.696,-0.059,1.142,10.987,10.962,9.691,0.051,0.87,0.029805,4.6896238263004495,11.038,11.004,9.89
85.086,0.528,0.784,3.693,107.739,-1.263,1.243,10.681,10.677,8.543,0.007,0.787,0.028753,7.005424146217096,10.865,10.86,8.829
2.687,0.002,0.961,4.783,250.0,-1.6,1.728,12.094,11.769,11.816,0.527,1.286,0.064885,5.463081053929795,11.995,11.705,11.681
62.839,0.265,0.916,3.172,117.218,-1.427,-1.195,10.872,10.87,8.258,0.002,0.918,0.057717,4.989780411241239,10.895,10.893,8.306
19.052,-2.914,0.947,5.651,250.0,-0.55,0.304,11.438,11.387,10.478,0.11,0.998,0.013501,2.96987987497585,11.398,11.353,10.375
23.682,-1.345,0.976,4.932,250.0,-0.889,-0.439,11.653,11.623,10.465,0.065,1.005,0.025541,5.152424864835036,11.622,11.595,10.388
2.567,0.658,1.36,5.216,250.0,-0.016,-4.144,12.041,12.005,10.937,0.079,1.396,0.090349,4.009022604836774,11.942,11.921,10.613
77.381,0.363,0.82,5.529,250.0,-0.626,-1.145,11.302,11.266,10.191,0.078,0.855,0.03214,3.1759444362634515,11.392,11.343,10.414
2.571,-0.528,1.315,5.856,250.0,-1.108,0.751,12.607,12.145,12.423,0.655,1.777,0.04396,5.338628405738842,12.444,12.075,12.202
2.568,-2.517,1.377,5.48,250.0,-1.6,-3.391,12.687,12.021,12.582,0.784,2.043,0.039064,5.7463717092310915,12.537,11.929,12.414
77.866,0.572,0.737,6.012,55.971,-1.033,-1.049,10.73,10.511,10.328,0.396,0.956,0.01529,5.723966273036417,10.91,10.609,10.609
85.179,0.31,0.882,5.25,250.0,-0.618,-1.004,11.223,11.18,10.194,0.094,0.925,0.041275,9.424088713298584,11.292,11.236,10.372
85.847,0.226,0.825,6.282,250.0,-0.0,-0.751,11.27,11.241,10.06,0.062,0.853,0.057274,7.162777446874262,11.296,11.262,10.16
85.23,0.129,0.777,5.531,116.759,-0.898,0.819,11.006,10.875,10.422,0.261,0.908,0.054461,8.61964029556426,11.031,10.891,10.471
18.27,0.644,0.873,1.656,250.0,-1.6,-0.689,11.332,11.332,8.411,0.001,0.874,0.035988,10.993939902884827,11.237,11.237,8.257
7.54,0.031,0.973,3.123,250.0,-1.435,-4.611,11.382,11.377,9.347,0.009,0.977,0.033518,9.23604772554136,11.371,11.367,9.322
18.225,0.316,0.64,7.213,77.357,-0.333,1.492,11.343,10.805,11.194,0.71,1.179,0.075606,2.5507428208699765,11.144,10.732,10.931
73.195,0.221,0.705,5.84,105.982,-0.068,1.025,10.798,10.749,9.821,0.106,0.754,0.028106,6.732298807108124,10.922,10.851,10.103
62.63,0.027,0.756,4.286,54.645,-0.673,-1.017,10.566,10.559,8.761,0.016,0.763,0.024085,14.844526797784056,10.606,10.598,8.837
86.006,0.08,0.709,4.449,104.275,-0.762,1.145,10.858,10.828,9.68,0.066,0.739,0.032097,24.32785447963866,10.881,10.849,9.729
80.043,-0.908,0.995,4.015,250.0,-1.6,-0.201,11.8,11.763,10.708,0.081,1.032,0.034908,4.753312788013293,11.798,11.761,10.705
26.565,-2.388,0.743,3.352,250.0,-1.11,0.285,11.274,11.27,9.141,0.007,0.746,0.020543,9.380388815603188,11.274,11.271,9.142
56.592,0.555,0.836,4.548,117.538,-0.809,0.869,10.901,10.889,9.297,0.025,0.847,0.037115,9.62123973900358,10.906,10.894,9.316
85.629,0.118,0.773,4.608,250.0,-1.294,-1.018,11.395,11.341,10.457,0.115,0.827,0.039318,2.881938678376033,11.424,11.365,10.516
55.944,0.32,0.932,5.087,151.428,-1.545,-1.116,11.106,10.99,10.464,0.23,1.046,0.049386,2.63062180724141,11.101,10.987,10.458
85.581,0.199,0.764,5.623,250.0,-0.028,0.213,11.496,11.464,10.348,0.071,0.796,0.04558,7.30872551976137,11.531,11.491,10.474
26.096,-0.505,0.74,4.469,250.0,-0.508,-0.94,11.576,11.568,9.838,0.018,0.748,0.021529,8.149639618277854,11.483,11.477,9.591
81.842,0.311,1.208,3.936,222.957,-1.355,-1.729,11.118,11.106,9.511,0.025,1.219,0.066817,4.215885740927479,11.145,11.132,9.56
4.111,-0.97,0.841,6.74,86.404,-0.76,-14.724,11.419,10.768,11.201,0.73,1.41,0.026565,2.216245163160446,11.427,10.771,11.213
85.514,0.129,0.986,4.235,82.22,-0.73,-1.061,10.59,10.588,8.168,0.004,0.988,0.055569,5.210922467441966,10.759,10.756,8.592
76.669,0.393,0.828,4.109,250.0,-0.657,1.795,11.375,11.371,9.321,0.009,0.832,0.065129,5.018232258951931,11.411,11.406,9.445
85.847,0.233,1.013,4.961,250.0,-0.776,1.342,11.647,11.609,10.562,0.082,1.05,0.044615,7.026648350323543,11.688,11.644,10.667
84.831,0.157,0.977,4.001,250.0,-1.427,0.204,11.714,11.689,10.444,0.054,1.001,0.068621,6.892426955289526,11.747,11.719,10.522
2.57,-2.941,1.016,5.016,71.399,-0.971,3.49,10.861,10.793,10.018,0.144,1.084,0.053674,6.201881688905078,10.752,10.703,9.785
65.983,-0.193,0.762,4.603,161.613,-1.366,0.915,11.129,10.959,10.639,0.324,0.932,0.044334,9.875093531384548,11.193,11.009,10.73
61.655,0.123,0.888,2.766,245.787,-1.509,-0.6,11.163,11.16,8.971,0.006,0.891,0.058585,5.086423879986148,11.167,11.164,8.979
86.357,0.303,0.804,4.375,250.0,-1.6,-1.202,11.392,11.238,10.866,0.298,0.957,0.046562,4.684179482452742,11.449,11.286,10.942
60.878,0.375,0.728,4.794,108.949,-1.569,1.015,11.02,10.851,10.528,0.322,0.897,0.029607,10.595171747897083,11.037,10.865,10.55
2.777,-2.768,0.95,4.516,250.0,-1.6,2.121,11.697,11.583,11.059,0.231,1.063,0.056027,3.9810138571799327,11.629,11.528,10.938
18.248,0.502,-0.161,6.206,71.238,-1.321,1.084,11.967,10.543,11.95,0.962,1.262,0.010691,10.850181475233825,11.793,10.434,11.774
14.569,0.03,0.926,4.045,250.0,-1.6,-1.82,11.679,11.613,10.828,0.141,0.992,0.062035,10.8955582656755,11.682,11.616,10.834
2.667,-3.0,1.216,5.333,250.0,-0.0,1.29,11.692,11.66,10.541,0.071,1.248,0.055085,4.725387069980696,11.608,11.589,10.242
56.54,0.211,0.648,5.588,148.181,-0.25,-1.13,11.026,10.965,10.135,0.129,0.708,0.035656,11.320772181184092,11.047,10.981,10.192
2.593,-2.975,0.997,5.083,250.0,-1.566,-0.524,11.82,11.359,11.636,0.654,1.458,0.045886,3.7579582736329953,11.683,11.28,11.464
80.043,-0.657,1.019,2.777,250.0,-1.6,0.152,11.662,11.658,9.553,0.008,1.023,0.024201,9.283609607806133,11.671,11.667,9.569
21.616,0.05,0.823,5.864,250.0,-0.123,6.005,11.315,11.291,10.017,0.05,0.846,0.045929,3.7877207758025246,11.318,11.294,10.027
85.764,0.257,0.897,6.239,250.0,-0.008,1.556,11.563,11.494,10.723,0.145,0.965,0.009585,12.206349443552774,11.615,11.527,10.874
18.295,-0.09,0.678,3.838,241.232,-1.551,-2.212,11.185,11.147,10.098,0.082,0.715,0.041674,3.87812344940005,11.187,11.149,10.102
18.301,0.135,0.481,6.82,172.335,-0.002,-1.807,11.615,11.093,11.46,0.699,1.003,0.028917,6.275297221661963,11.396,11.03,11.151
80.043,0.036,0.722,4.77,250.0,-1.475,0.627,11.839,11.485,11.585,0.557,1.075,0.007489,8.608067388532568,11.862,11.5,11.613
67.881,-0.823,0.759,5.24,192.831,-0.156,0.959,11.021,11.015,9.134,0.013,0.765,0.040319,4.412724288371892,11.08,11.073,9.293
45.888,0.498,0.88,7.054,59.865,-0.039,-1.105,10.688,10.66,9.471,0.061,0.907,0.037982,1.9611620037698951,10.659,10.635,9.368
26.099,0.04,0.786,4.601,250.0,-1.599,0.29,11.5,11.231,11.164,0.462,1.055,0.024354,11.11508207431926,11.472,11.212,11.126
42.674,0.306,0.906,3.686,250.0,-1.6,0.333,11.712,11.682,10.53,0.066,0.935,0.031741,5.52535595647597,11.682,11.655,10.466
66.217,0.028,0.745,4.702,237.28,-1.249,-0.362,11.264,11.156,10.605,0.219,0.853,0.029698,9.266419162588836,11.269,11.159,10.615
26.297,0.458,0.449,5.048,195.413,-0.147,-1.693,11.13,11.122,9.37,0.017,0.457,0.033805,4.357914828192703,11.081,11.075,9.2
54.648,0.211,0.498,6.12,43.129,-1.076,1.042,10.717,10.502,10.309,0.391,0.714,0.014389,5.707427593364402,10.721,10.504,10.316
25.78,0.025,0.821,5.617,188.144,-0.539,-0.182,11.131,11.093,10.046,0.082,0.859,0.028178,6.284916422198953,11.107,11.072,9.978
63.872,0.543,0.769,6.227,105.644,-0.029,-1.218,10.837,10.82,9.421,0.038,0.786,0.034253,5.792752334949596,10.875,10.853,9.552
86.468,0.355,0.983,6.558,250.0,-0.0,-0.727,11.518,11.476,10.462,0.088,1.023,0.036085,6.5500134655226985,11.593,11.532,10.696
84.745,0.138,0.678,4.895,250.0,-1.388,0.337,11.633,11.227,11.415,0.606,1.083,0.107158,6.029976352874752,11.668,11.253,11.457
79.773,0.03,0.863,6.154,250.0,-0.464,0.971,11.797,11.61,11.337,0.348,1.049,0.014511,6.118210398169643,11.803,11.613,11.348
63.629,0.482,1.036,4.159,208.451,-1.501,1.415,11.118,11.093,9.852,0.054,1.06,0.052199,3.4550099826492677,11.132,11.106,9.879
51.829,0.221,0.759,4.375,89.712,-1.508,1.234,10.813,10.787,9.571,0.057,0.785,0.08317,3.683983351342582,10.815,10.789,9.574
47.855,-3.0,1.261,5.312,250.0,-1.139,-0.19,12.16,11.936,11.765,0.403,1.485,0.010393,7.275174579437059,12.177,11.945,11.792
36.94,0.434,0.678,4.966,177.84,-1.6,1.099,11.424,11.092,11.152,0.535,1.01,0.021447,10.4493624697401,11.369,11.053,11.082
2.656,-1.92,1.144,4.577,250.0,-1.469,-0.863,12.192,12.088,11.519,0.213,1.248,0.059247,5.962727449695459,12.105,12.017,11.362
19.743,-0.794,0.224,6.358,50.39,-0.674,1.105,10.95,10.604,10.69,0.549,0.57,0.030825,3.916081443290091,10.856,10.534,10.574
58.56,0.499,0.637,6.114,45.134,-0.0,1.363,10.524,10.511,8.997,0.03,0.65,0.043942,5.279420835756649,10.537,10.522,9.051
2.814,0.002,0.947,4.523,250.0,-1.492,-1.02,11.877,11.676,11.445,0.37,1.148,0.01502,5.947187134724067,11.803,11.622,11.335
4.558,-0.001,0.722,4.389,172.868,-1.503,2.317,11.141,11.063,10.351,0.162,0.799,0.016005,17.647866195274187,11.121,11.046,10.317
63.059,0.496,0.221,5.347,75.919,-1.594,-1.322,11.24,10.545,11.142,0.798,0.916,0.031095,9.39376723908617,11.285,10.583,11.189
15.309,0.427,0.484,5.377,47.532,-1.586,-3.718,10.785,10.597,10.329,0.35,0.671,0.061597,3.4940774813414146,10.717,10.545,10.231
81.86,0.198,0.781,4.06,67.607,-1.596,1.292,10.667,10.654,9.134,0.029,0.794,0.059612,4.530840148319017,10.696,10.682,9.195
18.212,-2.994,0.361,7.996,173.425,-0.004,0.987,12.847,11.08,12.839,0.983,2.127,0.014685,5.566099056546011,12.553,11.026,12.54
67.592,-0.706,0.804,2.109,228.329,-1.587,0.975,11.093,11.092,8.351,0.002,0.805,0.040978,4.552129621005547,11.133,11.132,8.422
26.487,0.422,0.674,7.126,46.64,-0.0,-0.96,10.84,10.605,10.462,0.418,0.91,0.020389,5.37604034344107,10.691,10.536,10.168
2.572,-1.752,1.388,6.759,250.0,-0.163,-0.491,12.341,12.038,12.041,0.502,1.691,0.064195,2.6482791551754676,12.151,11.955,11.712
85.574,0.203,0.688,5.024,250.0,-1.333,-0.222,11.927,11.471,11.739,0.65,1.143,0.065358,9.121695155429348,11.983,11.502,11.809
40.254,-0.016,0.774,5.79,250.0,-0.383,-0.68,11.509,11.437,10.689,0.152,0.846,0.061644,6.711121740857835,11.496,11.428,10.649
64.637,-2.708,0.578,5.338,213.315,-0.098,-0.968,11.137,11.093,10.126,0.098,0.622,0.013995,20.068057671027816,11.176,11.123,10.239
56.183,-0.778,0.763,6.029,47.107,-0.26,1.009,10.553,10.533,9.2,0.044,0.782,0.036995,3.103678671340171,10.562,10.541,9.223
2.566,-2.874,1.058,4.923,250.0,-0.915,2.658,11.488,11.408,10.714,0.168,1.138,0.088492,3.279767854611379,11.398,11.345,10.462
84.149,-0.13,0.77,4.903,230.541,-1.045,-0.99,11.166,11.121,10.151,0.097,0.814,0.021126,3.6877329699567656,11.185,11.137,10.197
84.342,0.274,1.047,3.6,250.0,-1.495,-0.48,11.311,11.301,9.583,0.019,1.056,0.114758,3.958837000551828,11.347,11.337,9.651
54.579,0.309,0.698,5.529,48.274,-1.239,1.026,10.649,10.558,9.92,0.187,0.788,0.047049,3.544872582520219,10.64,10.551,9.906
62.991,0.472,0.483,6.137,49.663,-0.385,-1.014,10.597,10.523,9.791,0.156,0.557,0.024997,6.348388639611714,10.645,10.561,9.886
18.671,-0.042,0.653,6.51,165.035,-0.029,1.038,11.176,11.056,10.558,0.241,0.773,0.031031,4.463859776852605,11.114,11.014,10.426
70.49,0.454,0.558,5.744,54.032,-1.018,1.001,10.622,10.53,9.897,0.189,0.649,0.031288,3.67950002568989,10.708,10.596,10.066
84.262,0.177,0.956,3.161,250.0,-1.237,0.28,11.759,11.756,9.617,0.007,0.959,0.063157,10.280199430232123,11.779,11.775,9.666
45.294,-0.413,0.66,5.059,184.94,-1.544,0.166,11.436,11.048,11.206,0.59,1.047,0.096346,3.230502271187679,11.428,11.043,11.196
32.964,-0.034,0.827,4.762,250.0,-1.133,-0.391,11.466,11.43,10.355,0.078,0.862,0.059764,2.9362493502239495,11.428,11.397,10.259
86.663,0.315,0.638,6.503,94.292,-0.281,-1.118,10.781,10.737,9.754,0.094,0.681,0.01737,6.145779164197232,10.888,10.81,10.101
21.236,0.181,0.716,4.87,162.216,-1.6,1.03,11.269,11.009,10.922,0.45,0.976,0.029407,9.369759809767768,11.281,11.017,10.939
84.915,0.252,0.94,5.185,250.0,-0.125,1.222,11.418,11.41,9.529,0.013,0.946,0.042233,13.82866285262694,11.445,11.436,9.66
20.01,-0.4,1.011,5.114,250.0,-0.632,0.312,11.541,11.521,10.187,0.044,1.031,0.022692,3.323818819799439,11.527,11.508,10.147
19.081,-0.174,1.058,5.965,49.957,-0.349,0.903,10.579,10.566,9.045,0.029,1.071,0.07159,2.8554621975631536,10.577,10.564,9.037
43.758,0.096,0.751,4.545,186.158,-1.6,-0.705,11.241,11.066,10.76,0.331,0.926,0.037291,5.28119611142634,11.232,11.059,10.746
75.457,-1.004,0.818,3.792,179.177,-1.401,-0.855,11.019,11.011,9.249,0.017,0.826,0.03721,3.664219271567468,11.057,11.048,9.351
57.366,0.514,0.67,2.862,95.304,-1.548,-1.226,10.815,10.812,8.676,0.007,0.673,0.019772,14.972095416350768,10.817,10.814,8.679
71.645,-0.814,0.747,4.62,250.0,-1.349,-0.844,11.378,11.25,10.782,0.254,0.875,0.012684,9.048798648130443,11.418,11.279,10.854
82.986,0.075,0.871,4.368,250.0,-1.284,0.777,11.195,11.166,9.976,0.061,0.898,0.039103,5.80446906912188,11.224,11.192,10.052
76.345,0.076,0.952,3.42,145.622,-1.594,-1.103,10.941,10.935,8.919,0.01,0.956,0.041675,5.82960359681603,10.983,10.977,9.016
17.301,-0.06,0.751,4.262,250.0,-1.548,1.001,11.597,11.472,10.998,0.251,0.876,0.043983,9.956376209889388,11.507,11.385,10.897
36.471,0.223,0.98,3.566,250.0,-1.206,-2.519,11.477,11.471,9.539,0.012,0.985,0.069183,8.258671133804114,11.474,11.468,9.53
20.478,-0.194,0.709,5.083,250.0,-1.542,0.838,11.753,11.329,11.547,0.623,1.133,0.007258,3.2939052239337308,11.68,11.284,11.456
86.055,0.274,0.92,6.071,250.0,-0.0,-1.032,11.24,11.201,10.166,0.084,0.958,0.025739,11.868102127154955,11.287,11.237,10.316
42.718,0.354,0.826,6.264,250.0,-0.037,0.842,11.386,11.347,10.319,0.086,0.865,0.044045,3.284514764945403,11.347,11.316,10.177
2.824,-2.254,1.111,3.976,158.999,-1.336,1.81,11.071,11.054,9.659,0.039,1.128,0.05156,4.000312995997732,11.019,11.004,9.528
68.053,0.281,0.652,5.001,190.201,-0.094,-1.252,11.026,11.012,9.508,0.03,0.666,0.055958,7.551393089664071,11.084,11.067,9.688
54.952,-0.317,0.601,5.804,87.582,-0.021,0.934,10.795,10.777,9.389,0.039,0.619,0.044956,4.384722344333731,10.798,10.78,9.4
62.935,-2.8,0.732,4.902,62.656,-0.41,-1.023,10.621,10.616,8.675,0.011,0.737,0.024677,7.426637790394846,10.658,10.652,8.766
58.178,0.555,0.615,5.454,57.824,-1.359,1.079,10.718,10.612,10.052,0.216,0.72,0.029858,5.412515500266935,10.73,10.621,10.074
84.745,0.139,0.689,4.801,250.0,-1.417,0.257,11.737,11.52,11.329,0.392,0.905,0.019266,7.176756807634935,11.748,11.528,11.347
2.697,-0.032,0.933,4.335,250.0,-1.231,-1.505,11.605,11.549,10.682,0.12,0.989,0.055426,4.895828795513919,11.543,11.499,10.516
65.479,0.487,0.768,4.237,77.002,-1.303,-1.167,10.697,10.683,9.203,0.032,0.782,0.033782,4.901423575166687,10.746,10.731,9.271
80.852,0.12,0.758,5.02,99.201,-1.576,-1.031,10.881,10.749,10.297,0.261,0.889,0.034451,4.0305545632781,10.986,10.826,10.474
45.614,0.449,0.666,3.838,133.305,-0.949,-0.947,10.993,10.99,8.82,0.007,0.669,0.052441,3.842659009794777,10.938,10.935,8.716
82.799,0.071,0.868,4.503,250.0,-1.6,-0.304,11.817,11.649,11.322,0.32,1.035,0.04319,6.56370289220937,11.834,11.661,11.347
85.12,0.155,0.69,4.239,250.0,-1.6,0.323,11.537,11.4,10.968,0.27,0.827,0.045769,7.162673657058736,11.559,11.417,11.003
80.062,0.25,0.795,5.542,61.157,-1.029,-1.017,10.613,10.578,9.489,0.075,0.829,0.036222,3.051206071509007,10.69,10.643,9.691
45.382,-3.0,0.524,7.392,132.093,-0.0,1.254,11.586,10.944,11.474,0.772,1.165,0.008759,5.3657473577891786,11.55,10.932,11.43
85.123,0.196,1.03,3.541,250.0,-1.469,-0.991,11.428,11.417,9.795,0.023,1.04,0.075947,4.70586648097825,11.508,11.496,9.912
81.626,0.188,0.85,4.135,250.0,-1.095,0.142,11.579,11.564,10.063,0.031,0.864,0.059432,6.374184150205233,11.601,11.585,10.123
49.558,-0.154,0.773,3.873,250.0,-1.495,0.941,11.392,11.358,10.27,0.075,0.807,0.023182,9.774957929479829,11.367,11.335,10.216
55.161,0.328,0.593,6.279,250.0,-0.133,,11.396,11.251,10.849,0.284,0.738,0.024345,3.559549093524059,11.397,11.251,10.852
45.413,0.515,1.0,5.844,250.0,-0.095,1.053,11.439,11.384,10.506,0.117,1.054,0.077007,5.928898098410139,11.377,11.333,10.358
67.546,0.624,0.63,6.627,128.75,-0.0,1.337,11.061,10.891,10.571,0.323,0.8,0.13168,3.786841895202944,11.113,10.917,10.672
46.099,0.529,0.342,6.347,45.306,-0.489,1.003,10.651,10.548,9.973,0.21,0.444,0.020737,5.381535564828363,10.612,10.524,9.877
81.447,0.278,1.138,4.129,155.785,-1.347,-1.013,10.751,10.713,9.67,0.083,1.176,0.044801,13.06223946184465,11.046,11.001,10.037
79.391,0.198,0.853,5.086,250.0,-1.072,-1.147,11.412,11.335,10.611,0.159,0.928,0.020225,8.125419464111927,11.443,11.357,10.692
37.543,0.543,0.727,6.489,76.054,-0.0,-0.975,10.822,10.764,9.921,0.126,0.786,0.037916,3.737634566904374,10.768,10.726,9.731
81.963,0.084,0.916,4.601,197.048,-1.097,0.606,11.103,11.077,9.852,0.056,0.941,0.056102,4.585371257601498,11.111,11.084,9.871
36.632,0.378,0.784,5.807,40.883,-0.329,-0.953,10.601,10.553,9.626,0.106,0.833,0.086331,4.631087028928551,10.519,10.483,9.423
2.843,-2.249,1.133,5.193,250.0,-0.927,1.156,12.023,11.907,11.393,0.234,1.249,0.03248,6.859081835933193,11.948,11.855,11.233
41.135,-0.831,0.751,3.483,250.0,-1.51,1.053,11.265,11.237,10.069,0.064,0.779,0.04343,6.269438961939515,11.209,11.183,9.969
59.794,-0.024,0.736,2.799,134.895,-1.348,-1.191,10.933,10.931,8.184,0.002,0.737,0.034583,7.5409647335045635,10.948,10.946,8.242
21.614,-0.592,0.83,4.418,250.0,-1.6,-0.807,11.59,11.469,10.976,0.243,0.951,0.045941,3.4697887706326047,11.54,11.427,10.899
54.92,-0.388,0.712,4.949,241.633,-0.286,-0.988,11.173,11.166,9.36,0.015,0.718,0.019182,11.277357581982868,11.178,11.171,9.381
85.847,0.168,0.877,6.615,250.0,-0.0,-0.213,11.7,11.612,10.956,0.181,0.964,0.01833,11.247476939531865,11.743,11.638,11.067
36.669,0.188,0.516,5.551,64.463,-1.595,1.172,11.184,10.731,10.996,0.648,0.969,0.022569,5.497525181711255,11.096,10.663,10.895
63.628,0.123,0.779,3.857,122.751,-0.081,1.03,10.871,10.87,7.634,0.001,0.779,0.032533,8.143183730008296,10.911,10.91,7.762
69.008,0.387,0.44,5.505,64.618,-1.588,1.028,10.942,10.582,10.692,0.563,0.8,0.019503,8.37832045039704,11.033,10.664,10.79
41.547,0.64,0.829,6.944,44.318,-0.194,-0.977,10.566,10.548,9.119,0.036,0.845,0.033106,2.143846178283418,10.529,10.515,8.97
85.581,0.192,0.817,4.847,250.0,-1.592,0.517,11.963,11.564,11.74,0.6,1.215,0.021441,11.147293884176335,12.002,11.587,11.79
84.023,-3.0,1.033,4.853,108.434,-1.392,-0.189,10.932,10.851,10.163,0.17,1.115,0.014492,4.621351893825992,10.944,10.86,10.187
26.637,0.239,0.669,3.747,250.0,-1.209,1.389,11.305,11.296,9.573,0.019,0.677,0.028127,8.754167247786231,11.298,11.29,9.554
22.49,-2.667,0.796,5.576,135.423,-0.945,0.348,11.032,10.976,10.112,0.12,0.851,0.021938,2.6735625001475705,10.991,10.943,10.007
84.023,-0.358,1.023,2.345,250.0,-1.6,-0.208,11.598,11.596,8.861,0.002,1.023,0.045731,3.671159741875071,11.612,11.61,8.885
23.565,0.529,0.704,5.002,250.0,-1.504,3.58,11.693,11.358,11.422,0.537,1.038,0.034733,6.405902377893858,11.659,11.338,11.375
2.567,-1.549,1.314,5.665,84.221,-0.576,-0.681,10.897,10.857,9.845,0.089,1.354,0.072818,2.156287364224262,10.792,10.766,9.558
80.691,0.193,0.543,3.84,82.95,-1.52,-0.919,10.758,10.751,8.907,0.014,0.55,0.035579,5.182769810762733,10.768,10.76,8.93
17.389,-0.582,0.457,5.988,250.0,-1.183,-0.384,12.157,11.208,12.104,0.887,1.405,0.017511,3.8173300742904455,12.025,11.156,11.961
49.774,0.037,0.304,5.603,53.221,-1.448,-1.003,11.11,10.552,10.97,0.724,0.863,0.019024,13.341013418475244,11.068,10.522,10.923
73.293,0.49,0.791,5.807,172.178,-0.306,-0.952,11.009,10.971,9.922,0.082,0.828,0.03246,7.676300789668054,11.09,11.038,10.144
2.594,-0.18,1.141,5.579,250.0,-1.019,-0.749,11.869,11.472,11.646,0.599,1.537,0.021426,8.775657033256458,11.707,11.396,11.414
85.31,-0.54,1.315,4.806,250.0,-0.375,0.862,11.802,11.784,10.415,0.041,1.333,0.093905,9.94148478885143,11.912,11.887,10.653
2.864,0.477,0.521,5.124,41.455,-1.591,18.199,10.742,10.564,10.268,0.335,0.698,0.035542,8.979704738484914,10.655,10.487,10.16
28.487,0.271,0.581,4.57,250.0,-1.6,1.251,11.659,11.265,11.434,0.596,0.974,0.078227,5.5644404786020845,11.594,11.225,11.351
17.204,-0.099,0.974,4.694,250.0,-1.395,-0.59,11.676,11.577,10.981,0.202,1.072,0.046872,6.102677253968951,11.68,11.58,10.988
18.223,0.252,0.379,4.586,78.905,-1.053,0.835,10.859,10.819,9.802,0.088,0.419,0.023305,9.46007266925458,10.778,10.741,9.687
55.939,-0.441,0.609,2.639,75.068,-1.533,-1.015,10.713,10.713,7.805,0.001,0.61,0.034978,6.696318449194207,10.723,10.722,7.83
2.573,-2.764,1.114,3.68,247.578,-1.141,-1.206,11.257,11.246,9.641,0.024,1.125,0.034094,5.868946090487708,11.185,11.177,9.415
61.73,0.185,0.583,6.058,250.0,-0.039,1.024,11.445,11.382,10.569,0.133,0.645,0.01245,15.003456475353028,11.482,11.409,10.668
21.001,0.427,0.553,5.384,97.661,-1.393,1.004,11.084,10.88,10.655,0.373,0.756,0.032097,5.764762245764675,10.99,10.823,10.494
18.303,0.106,0.412,5.542,56.457,-0.812,-1.131,10.778,10.68,10.085,0.203,0.51,0.029554,8.013065990160552,10.686,10.612,9.882
73.424,0.316,0.886,5.518,128.874,-0.581,1.143,10.874,10.861,9.296,0.026,0.897,0.053202,3.0936030222870663,10.941,10.925,9.492
66.908,0.129,0.729,5.361,250.0,-0.267,-1.07,11.273,11.254,9.874,0.04,0.747,0.035371,8.694814855521567,11.288,11.267,9.936
49.357,0.355,0.816,5.186,108.721,-0.733,-1.039,10.95,10.89,10.066,0.13,0.876,0.030746,12.32258210601506,10.922,10.865,10.015
82.799,0.071,1.03,6.438,206.448,-0.0,1.172,11.107,11.082,9.844,0.055,1.054,0.183572,2.304996973975624,11.116,11.089,9.869
77.732,-0.485,1.026,2.843,250.0,-1.524,0.294,11.781,11.777,9.477,0.005,1.028,0.058011,7.901565415186928,11.802,11.798,9.539
2.578,-1.979,1.161,3.135,98.023,-1.439,-1.031,10.911,10.91,8.337,0.003,1.163,0.062564,2.15961787588323,10.824,10.823,8.146
60.861,0.56,0.733,6.083,110.687,-0.027,-1.145,10.879,10.856,9.575,0.05,0.755,0.040916,6.650174089432224,10.896,10.871,9.639
33.708,-0.297,0.893,3.975,182.876,-1.033,0.26,11.096,11.092,8.834,0.005,0.896,0.030922,4.783949963620261,11.066,11.063,8.741
11.991,0.012,0.629,5.517,39.386,-1.232,2.028,10.578,10.513,9.723,0.139,0.695,0.059455,2.8682262528654743,10.525,10.467,9.616
33.583,0.445,1.092,3.94,163.916,-1.359,0.539,11.062,11.055,9.209,0.014,1.099,0.070296,2.9017785188303415,11.023,11.016,9.121
65.905,0.443,0.799,2.934,222.978,-1.014,-0.998,11.107,11.106,8.363,0.002,0.799,0.019803,12.14553434325612,11.141,11.139,8.466
49.48,0.252,0.295,4.92,93.558,-1.572,1.176,11.107,10.821,10.79,0.482,0.581,0.028585,7.829791485368835,11.086,10.804,10.765
50.336,-0.908,0.468,5.122,52.632,-1.583,-0.952,10.813,10.591,10.414,0.399,0.689,0.041009,6.391658364183256,10.803,10.582,10.404
37.136,0.454,0.876,6.772,57.29,-0.196,-1.88,10.653,10.636,9.167,0.033,0.891,0.050419,2.6352023811022973,10.633,10.617,9.081
51.417,0.113,0.76,4.576,250.0,-1.6,-0.2,11.487,11.297,11.035,0.353,0.949,0.039931,3.956208661389641,11.482,11.293,11.027
20.844,0.263,0.904,4.371,54.908,-1.477,-1.431,10.657,10.65,8.832,0.015,0.911,0.056876,2.083484086258403,10.608,10.601,8.729
80.167,0.447,0.892,5.953,250.0,-0.335,-29.177,11.49,11.418,10.665,0.15,0.962,0.047578,3.59316881597089,11.511,11.433,10.716
82.666,-0.228,0.926,4.62,250.0,-1.454,-0.082,11.694,11.571,11.082,0.245,1.048,0.024904,8.953266126587431,11.726,11.595,11.139
72.133,0.491,0.759,4.171,131.198,-1.475,-1.144,10.864,10.834,9.689,0.067,0.789,0.085968,4.902265304402217,10.966,10.93,9.864
62.717,-0.297,0.665,4.027,157.9,-1.485,1.011,11.006,10.972,9.885,0.076,0.699,0.028665,7.802984520729984,11.04,11.004,9.945
62.719,-0.318,0.802,4.744,212.066,-0.592,1.006,11.107,11.094,9.586,0.03,0.815,0.022602,8.696593915180676,11.131,11.117,9.65
84.853,0.173,0.899,4.496,250.0,-1.333,0.534,11.701,11.654,10.699,0.1,0.944,0.015087,7.882258225219178,11.729,11.679,10.755
61.184,0.437,0.824,6.692,79.599,-0.185,1.053,10.915,10.729,10.458,0.349,1.011,0.055092,7.680432777033137,10.957,10.745,10.544
37.143,0.244,0.742,4.603,127.582,-0.518,-8.426,10.933,10.928,9.008,0.012,0.747,0.078232,5.002263312790216,10.926,10.921,8.981
86.055,0.262,0.8,4.947,250.0,-1.376,-0.965,11.506,11.351,10.977,0.297,0.953,0.034495,6.367627413475197,11.542,11.376,11.041
18.422,-0.124,0.762,3.244,137.058,-1.386,1.527,10.955,10.951,8.831,0.008,0.766,0.034069,9.531797299749996,10.957,10.953,8.835
18.233,-2.189,0.97,5.86,64.699,-1.494,0.918,11.11,10.772,10.843,0.541,1.308,0.039648,3.4906261944680415,10.968,10.665,10.669
53.434,0.426,0.572,5.731,83.008,-0.7,1.159,10.829,10.76,9.991,0.145,0.641,0.033255,3.840190885033552,10.827,10.759,9.986
85.737,0.27,0.702,6.288,250.0,-0.176,-1.134,11.5,11.446,10.553,0.113,0.754,0.015494,11.863674780412444,11.54,11.473,10.681
63.108,0.4,0.676,4.06,161.826,-1.107,-1.024,10.996,10.985,9.376,0.024,0.686,0.019599,10.611323828735406,11.029,11.017,9.448
51.779,-2.745,0.725,4.612,250.0,-1.049,0.482,11.31,11.286,10.032,0.053,0.748,0.042767,3.2097464364400095,11.308,11.284,10.028
20.597,0.334,0.728,4.609,47.453,-1.324,-2.153,10.573,10.566,8.703,0.014,0.734,0.055271,1.8229971519372603,10.55,10.544,8.625
70.04,0.521,0.659,3.386,119.262,-1.449,-1.351,10.826,10.821,8.828,0.01,0.664,0.035126,8.839050532656536,10.905,10.9,8.963
5.396,-0.017,0.779,5.685,250.0,-0.894,2.981,12.009,11.534,11.832,0.665,1.254,0.005642,20.489960418392577,12.018,11.538,11.843
11.976,0.099,0.854,3.581,250.0,-1.584,-2.734,11.494,11.469,10.22,0.053,0.878,0.021134,4.536222566036308,11.494,11.47,10.221
84.08,-0.21,1.003,2.833,250.0,-1.506,0.984,11.106,11.103,8.813,0.005,1.005,0.057633,4.648237302425397,11.199,11.196,9.013
36.712,0.637,0.673,5.014,63.839,-1.555,-0.85,10.641,10.58,9.757,0.131,0.734,0.008593,1.8251041337386544,10.583,10.53,9.643
25.74,-1.807,0.842,5.113,250.0,-1.168,0.927,11.84,11.524,11.554,0.517,1.159,0.037181,10.229630511540876,11.709,11.443,11.369
36.703,-0.375,0.816,3.779,250.0,-1.165,0.819,11.541,11.532,9.845,0.02,0.825,0.023891,8.893426842315497,11.507,11.498,9.772
54.302,0.292,0.864,4.125,250.0,-1.584,-0.876,11.335,11.272,10.464,0.135,0.927,0.052336,3.828484470964616,11.339,11.275,10.47
50.993,0.454,0.694,5.698,129.094,-0.704,-1.079,11.039,10.934,10.369,0.214,0.799,0.028615,4.039358627977403,11.023,10.923,10.335
43.772,0.44,0.741,6.23,41.121,-0.122,-1.018,10.585,10.519,9.734,0.141,0.807,0.049382,4.407929860829231,10.541,10.485,9.622
84.745,0.133,0.873,5.172,250.0,-0.823,0.223,11.849,11.687,11.342,0.311,1.034,0.027034,13.33135268299245,11.869,11.701,11.376
31.605,-0.034,0.536,5.485,49.852,-0.606,0.891,10.69,10.615,9.891,0.159,0.611,0.037221,6.091481800347345,10.612,10.547,9.76
21.649,0.02,0.885,4.724,250.0,-1.6,-0.866,11.73,11.351,11.495,0.582,1.264,0.017104,5.673559437450996,11.704,11.33,11.465
86.055,0.259,0.935,6.778,250.0,-0.0,-0.38,11.4,11.331,10.551,0.142,1.002,0.010614,7.346008363147825,11.439,11.357,10.667
50.527,0.486,0.694,4.961,76.607,-1.586,-1.043,10.812,10.742,9.981,0.148,0.763,0.024201,4.82416684686089,10.799,10.73,9.955
45.29,0.621,0.78,6.403,74.691,-0.086,1.018,10.799,10.761,9.711,0.082,0.817,0.051599,3.232871886839041,10.749,10.72,9.562
65.908,0.118,0.496,4.839,112.991,-0.701,-0.984,10.853,10.839,9.337,0.03,0.509,0.023635,8.011523188536746,10.895,10.878,9.45
73.567,0.018,0.833,5.792,250.0,-0.262,0.425,11.322,11.282,10.258,0.086,0.872,0.042907,7.78315394651875,11.345,11.299,10.333
59.622,0.226,0.669,4.917,77.039,-1.537,1.022,10.805,10.733,9.99,0.153,0.741,0.036046,3.2880714937520827,10.803,10.731,9.987
3.745,-0.854,0.89,3.856,250.0,-0.608,2.538,11.435,11.432,9.035,0.004,0.891,0.035342,6.495160030714391,11.415,11.412,8.963
2.591,-0.161,0.743,4.95,114.42,-1.6,-4.006,11.187,10.955,10.804,0.414,0.975,0.072517,3.126506416446394,11.076,10.88,10.638
49.439,0.392,0.585,5.946,67.239,-0.49,-1.024,10.769,10.702,9.923,0.143,0.651,0.021663,7.644540234311364,10.741,10.68,9.859
85.44,0.264,0.691,6.35,250.0,-0.118,-1.091,11.49,11.435,10.539,0.113,0.743,0.029775,11.92853736057091,11.53,11.463,10.671
55.266,0.497,0.696,5.612,136.48,-0.281,-1.096,10.989,10.951,9.905,0.082,0.733,0.032311,7.290193641867611,10.986,10.949,9.897
66.702,0.119,0.645,4.757,188.534,-1.341,0.834,11.156,11.044,10.512,0.227,0.757,0.036589,6.228413195355056,11.187,11.068,10.566
45.822,0.544,0.312,5.645,50.317,-1.584,-1.109,11.043,10.591,10.853,0.646,0.764,0.030963,7.545949122605061,11.009,10.567,10.815
40.774,-0.126,0.985,5.169,250.0,-0.0,-0.659,11.8,11.79,10.129,0.021,0.994,0.041993,6.416596769866384,11.785,11.776,10.06
26.311,0.058,0.761,4.17,203.088,-1.6,-0.976,11.177,11.128,10.203,0.106,0.809,0.026675,6.7014613824028615,11.15,11.103,10.158
45.705,0.539,0.641,4.451,250.0,-0.73,1.091,11.315,11.304,9.674,0.023,0.651,0.059501,5.456725102080413,11.289,11.28,9.568
62.833,0.534,0.68,4.928,102.632,-1.411,1.07,10.919,10.808,10.272,0.225,0.791,0.036312,4.631823915733231,10.956,10.839,10.331
85.686,0.256,0.373,4.861,76.276,-0.226,0.544,10.692,10.69,8.301,0.004,0.375,0.056793,3.2829459735799618,10.73,10.727,8.456
38.789,0.296,0.239,4.092,42.271,-1.6,1.216,10.561,10.549,9.007,0.028,0.251,0.026963,5.232020021832861,10.508,10.496,8.929
41.331,-1.632,0.806,5.663,48.058,-0.087,0.932,10.614,10.567,9.623,0.102,0.853,0.100611,6.9087303262884925,10.594,10.549,9.585
36.85,-2.659,0.351,5.471,59.264,-1.446,0.942,10.983,10.595,10.754,0.59,0.738,0.036202,5.934836274067361,10.931,10.549,10.698
86.56,0.355,0.911,6.162,209.475,-0.029,1.067,11.081,11.057,9.798,0.052,0.935,0.012456,8.913965854979637,11.149,11.115,10.014
57.71,0.247,0.755,4.38,189.004,-1.023,-0.686,11.075,11.063,9.487,0.026,0.767,0.073586,4.0839439858184035,11.079,11.067,9.5
70.292,0.497,0.893,4.4,201.513,-0.724,1.233,11.038,11.033,8.947,0.008,0.896,0.026363,7.403069257536954,11.105,11.1,9.127
80.323,-0.005,0.809,5.327,241.275,-0.483,0.291,11.178,11.159,9.777,0.04,0.827,0.045498,7.255787915626185,11.187,11.167,9.81
67.029,0.023,0.85,4.443,174.715,-1.35,-0.88,11.054,11.025,9.844,0.062,0.878,0.04576,5.641619415291469,11.075,11.044,9.888
2.579,0.0,1.074,5.021,250.0,-1.6,1.732,12.457,11.896,12.317,0.725,1.634,0.012599,7.039083029671541,12.317,11.811,12.154
86.169,0.213,1.144,2.961,250.0,-1.469,1.058,10.96,10.955,9.056,0.012,1.15,0.055265,8.062315289617828,11.191,11.184,9.372
42.1,0.029,1.065,4.799,250.0,-0.579,-0.356,11.872,11.855,10.407,0.034,1.08,0.037775,5.902966328241435,11.873,11.857,10.413
65.331,0.248,0.746,4.637,107.198,-0.443,-0.926,10.804,10.799,8.847,0.011,0.751,0.045451,5.229239069057459,10.861,10.855,8.961
85.23,-3.0,0.976,4.269,250.0,-1.6,-0.361,11.511,11.42,10.784,0.188,1.066,0.025619,4.934903930251831,11.534,11.442,10.815
35.505,0.192,1.106,3.38,250.0,-1.494,-0.93,11.613,11.601,10.033,0.026,1.117,0.102788,6.660963930326557,11.614,11.602,10.034
4.228,-1.14,0.779,4.282,206.347,-0.73,2.153,11.117,11.111,9.227,0.013,0.784,0.045181,4.241015331016145,11.104,11.098,9.176
20.028,-0.584,1.018,5.752,250.0,-0.387,0.437,11.461,11.434,10.228,0.058,1.044,0.050176,3.853315158584798,11.461,11.434,10.229
86.222,0.31,0.87,4.609,250.0,-1.531,-1.114,11.54,11.284,11.188,0.445,1.126,0.27973,7.018677365033616,11.606,11.339,11.268
81.957,0.122,0.765,5.357,250.0,-0.21,-0.406,11.315,11.302,9.719,0.025,0.777,0.032352,10.23490633438026,11.327,11.314,9.77
59.767,0.362,0.423,5.828,52.846,-0.865,1.038,10.665,10.573,9.943,0.19,0.515,0.018911,6.013062990105808,10.683,10.586,9.987
18.232,-0.84,0.953,3.535,250.0,-1.295,0.279,11.698,11.686,10.128,0.027,0.964,0.029633,12.989088292527276,11.64,11.63,9.989
66.338,-2.878,1.006,2.897,215.586,-1.578,0.94,11.062,11.055,9.238,0.015,1.013,0.043915,8.559182860458934,11.126,11.119,9.329
50.478,0.267,0.387,5.554,54.236,-1.584,1.006,10.868,10.615,10.511,0.44,0.639,0.017331,5.757699466888875,10.838,10.596,10.468
77.893,0.306,0.76,4.659,108.33,-1.6,0.979,10.879,10.743,10.31,0.269,0.896,0.02708,10.764060440889356,11.016,10.863,10.488
60.475,-0.056,0.925,5.799,250.0,-0.351,-0.738,11.703,11.657,10.684,0.096,0.969,0.026032,7.153048780126819,11.698,11.654,10.67
2.604,-1.943,0.976,5.248,250.0,-1.422,-2.124,12.13,11.727,11.911,0.605,1.379,0.018857,6.638059924903121,12.002,11.664,11.735
31.69,0.628,0.852,5.363,250.0,-0.413,0.929,11.501,11.406,10.794,0.196,0.947,0.048485,9.738829177334829,11.398,11.329,10.56
18.573,-0.135,1.103,6.561,104.827,-0.103,-0.235,11.032,10.912,10.412,0.24,1.222,0.063475,4.233444743972042,10.922,10.848,10.12
3.267,-0.437,0.813,3.129,250.0,-1.367,1.892,11.528,11.523,9.469,0.009,0.817,0.032596,8.228437790338154,11.498,11.494,9.388
2.566,-0.065,1.516,6.556,250.0,-0.006,4.148,12.759,12.246,12.599,0.693,2.029,0.089429,4.586640797468581,12.529,12.153,12.291
41.221,0.379,0.759,3.673,250.0,-1.032,2.031,11.463,11.455,9.727,0.018,0.767,0.058788,7.033695934226995,11.454,11.446,9.706
46.4,-0.178,0.695,3.433,113.847,-1.599,-0.93,10.899,10.894,8.954,0.011,0.7,0.049724,3.4210897976882313,10.883,10.878,8.922
50.104,0.385,0.491,6.305,65.232,-0.129,1.16,10.941,10.693,10.58,0.435,0.739,0.022131,9.502180533653656,10.9,10.668,10.518
3.73,-1.868,0.909,2.997,250.0,-1.261,1.605,11.356,11.353,9.091,0.005,0.911,0.02998,7.237306837927478,11.335,11.332,9.029
49.339,0.481,0.792,5.42,159.785,-0.096,-1.275,11.032,11.017,9.566,0.034,0.808,0.045412,5.365803158804672,11.018,11.004,9.527
64.583,0.337,1.013,5.736,250.0,-0.169,-1.213,11.25,11.238,9.616,0.023,1.023,0.049314,4.35526485289063,11.273,11.26,9.698
65.864,0.425,0.674,4.784,211.829,-0.669,1.102,11.099,11.055,10.074,0.095,0.717,0.044776,10.580504103972658,11.163,11.113,10.205
17.439,-1.055,0.936,4.408,250.0,-0.436,0.405,11.345,11.342,8.944,0.004,0.938,0.008981,5.194819916133523,11.336,11.334,8.913
71.575,0.44,0.824,4.699,126.049,-0.367,2.189,10.908,10.906,8.317,0.003,0.825,0.051485,3.3943861282741112,10.92,10.917,8.357
81.604,0.195,0.78,5.846,50.159,-0.264,-1.046,10.551,10.539,8.964,0.026,0.791,0.03693,6.368726934191894,10.579,10.564,9.073
79.458,0.601,0.862,4.12,139.817,-0.34,1.174,10.739,10.736,8.61,0.007,0.865,0.040093,15.53131053204917,10.966,10.96,9.09
48.14,0.458,0.739,5.449,239.069,-0.901,,11.322,11.144,10.845,0.334,0.915,0.057753,4.75673895095797,11.327,11.148,10.855
2.571,-3.0,0.807,6.241,42.18,-0.0,1.785,10.876,10.601,10.547,0.469,1.082,0.028798,7.236742217971832,10.691,10.494,10.252
45.748,0.395,0.76,5.325,250.0,-0.608,-13081244.482,11.218,11.16,10.306,0.123,0.817,0.101254,4.475384152772961,11.222,11.164,10.315
75.006,-0.648,0.812,5.746,250.0,-0.332,-0.957,11.293,11.239,10.361,0.117,0.866,0.016825,13.22885663121012,11.434,11.352,10.669
2.601,-0.369,1.053,6.246,250.0,-0.297,-0.93,12.476,12.019,12.289,0.65,1.51,0.01453,12.711794812755064,12.279,11.953,12.001
37.207,0.541,0.891,6.033,134.866,-0.626,-0.877,11.038,10.981,10.13,0.124,0.949,0.029996,2.709612728706672,10.986,10.942,9.966
78.179,0.067,0.887,3.411,250.0,-1.062,0.563,11.287,11.284,8.949,0.005,0.889,0.027359,4.315447124390306,11.303,11.3,8.999
25.905,-0.732,0.789,4.236,136.089,-1.557,0.934,10.999,10.97,9.802,0.064,0.817,0.02555,6.229196793208149,10.979,10.951,9.76
69.072,-0.183,0.781,5.223,216.95,-0.766,-0.981,11.114,11.074,10.055,0.087,0.82,0.022614,10.047458698078875,11.18,11.129,10.224
2.566,-0.792,1.552,6.661,250.0,-0.616,1.861,11.631,11.434,11.193,0.364,1.749,0.052262,1.8518778109108245,11.482,11.352,10.895
68.932,-0.0,0.849,4.24,183.596,-1.564,-1.062,11.087,11.02,10.239,0.142,0.916,0.02684,9.82496676836579,11.139,11.064,10.334
64.722,0.464,0.538,4.956,64.283,-1.161,1.391,10.665,10.646,9.296,0.043,0.557,0.054046,2.8945354208736975,10.683,10.662,9.336
66.312,-0.084,0.575,4.628,226.881,-1.6,-0.866,11.365,11.089,11.035,0.469,0.85,0.077656,4.549019190636235,11.417,11.122,11.11
58.012,0.068,0.852,4.07,250.0,-0.32,-0.243,11.316,11.314,8.877,0.004,0.854,0.069208,11.18149794971841,11.325,11.322,8.916
84.222,0.139,0.891,3.453,171.263,-1.328,0.122,11.008,11.003,8.999,0.01,0.896,0.064087,5.1626986269843815,11.037,11.032,9.063
71.486,0.221,0.925,4.419,250.0,-1.331,-0.982,11.261,11.211,10.293,0.108,0.974,0.033232,7.846199947404832,11.289,11.235,10.351
51.794,-0.211,0.715,4.76,250.0,-1.186,1.009,11.238,11.186,10.284,0.111,0.767,0.008487,6.279331443570486,11.236,11.184,10.279
45.798,0.498,0.702,5.163,250.0,-0.822,1.045,11.319,11.235,10.563,0.175,0.786,0.046377,4.240877426932876,11.285,11.21,10.487
76.16,-0.17,0.8,4.621,250.0,-1.352,-0.258,11.694,11.606,10.952,0.182,0.887,0.021439,7.695775521100452,11.706,11.615,10.975
61.094,0.092,0.57,4.808,66.872,-1.596,-0.916,10.735,10.664,9.911,0.15,0.641,0.031832,8.288927089794088,10.751,10.678,9.939
24.087,-0.335,0.796,4.816,106.671,-1.597,0.519,10.966,10.861,10.294,0.213,0.9,0.075465,3.701089675385156,10.957,10.854,10.278
49.924,-0.05,0.685,5.632,120.139,-0.736,0.842,10.946,10.905,9.885,0.087,0.724,0.022658,5.244286981682062,10.942,10.902,9.873
86.56,0.069,1.113,2.436,250.0,-1.6,0.86,11.617,11.615,9.134,0.003,1.115,0.047233,10.600615004567448,11.672,11.67,9.234
74.987,-0.441,0.809,2.572,126.678,-0.934,1.027,10.764,10.763,7.616,0.001,0.809,0.024714,12.734085405360853,10.923,10.922,7.875
56.14,-2.004,0.979,4.338,250.0,-1.136,0.255,11.298,11.284,9.767,0.03,0.992,0.023597,3.703210079690999,11.302,11.288,9.778
16.879,0.002,0.86,4.31,250.0,-1.6,-2.655,11.628,11.518,10.975,0.223,0.97,0.001469,4.7598628031159835,11.624,11.515,10.967
71.558,0.422,0.476,4.991,109.706,-1.492,1.055,10.928,10.825,10.248,0.209,0.578,0.017317,6.156280860353854,10.981,10.868,10.338
75.157,0.306,0.758,4.863,111.467,-1.365,-1.06,10.845,10.759,10.095,0.178,0.843,0.038907,5.4641807615076985,10.978,10.87,10.321
5.708,-0.246,0.706,4.388,250.0,-1.462,-1.703,11.392,11.298,10.676,0.193,0.799,0.017659,10.662655893888555,11.389,11.295,10.668
63.357,0.488,0.62,4.561,140.24,-1.484,-1.091,11.023,10.93,10.306,0.192,0.713,0.02518,10.647390098583331,11.06,10.962,10.365
62.861,0.165,0.641,4.589,227.8,-1.571,-1.032,11.342,11.139,10.911,0.371,0.843,0.017924,11.258958974359622,11.355,11.147,10.934
49.755,0.09,0.752,2.612,250.0,-1.6,-4.647,12.002,11.557,9.502,0.009,0.756,0.097403,6.8953068776329225,12.004,11.562,9.508
67.05,0.306,0.374,5.031,128.041,-1.576,1.074,11.402,10.866,11.252,0.709,0.91,0.024651,11.750634098520337,11.476,10.922,11.334
3.175,-1.008,0.87,3.886,228.874,-0.93,-3.411,11.171,11.165,9.25,0.012,0.876,0.022263,3.608829371505211,11.139,11.134,9.126
38.112,0.004,0.56,4.449,250.0,-0.205,3.783,11.229,11.223,9.305,0.012,0.565,0.095849,5.853165121770543,11.231,11.226,9.312
24.902,0.113,0.727,4.277,250.0,-1.581,1.518,11.62,11.496,11.014,0.248,0.851,0.059636,6.228840472703114,11.628,11.502,11.027
18.244,-2.592,0.835,6.433,44.513,-0.893,0.858,11.047,10.609,10.85,0.635,1.272,0.061531,4.512761223525688,10.873,10.518,10.619
28.516,0.318,0.749,6.152,46.157,-0.589,-1.242,10.633,10.571,9.755,0.132,0.811,0.071076,2.618115240360382,10.584,10.533,9.624
52.512,0.288,0.57,5.551,120.288,-1.342,-0.708,11.308,10.904,11.089,0.605,0.973,0.019947,10.460726071213683,11.306,10.903,11.087
18.553,0.555,0.502,7.173,47.952,-0.071,2.066,10.955,10.614,10.691,0.544,0.843,0.054565,5.3500620692682626,10.815,10.547,10.477
71.962,0.084,0.977,3.404,250.0,-1.237,0.959,11.238,11.233,9.339,0.013,0.982,0.039437,7.425637714618224,11.363,11.357,9.534
50.702,0.47,1.114,4.037,250.0,-1.336,-0.359,11.741,11.721,9.902,0.015,1.12,0.114663,2.7303465884096214,11.737,11.717,9.891
59.261,0.371,0.653,4.432,71.07,-0.616,-0.983,10.688,10.686,8.177,0.003,0.654,0.04933,3.150462743191008,10.702,10.701,8.219
69.12,-2.388,0.711,6.105,111.105,-0.256,0.981,10.911,10.785,10.314,0.253,0.837,0.009066,10.91600767031602,11.03,10.872,10.515
54.371,0.251,0.596,4.89,56.828,-1.498,-1.119,10.71,10.629,9.94,0.17,0.677,0.051722,4.677757752039672,10.695,10.615,9.92
42.304,-0.054,0.769,3.94,250.0,-0.967,-0.831,11.336,11.329,9.52,0.015,0.775,0.127379,3.953801367792558,11.287,11.281,9.405
18.209,0.629,0.343,5.097,137.417,-1.267,0.815,,11.033,11.253,0.624,0.767,0.32376,5.822338983310265,,10.938,11.081
18.235,0.181,0.385,5.613,61.03,-1.531,0.949,11.25,10.742,11.088,0.689,0.892,0.02168,10.41565365536682,11.108,10.642,10.926
37.093,0.377,0.549,5.496,68.751,-1.6,-1.185,11.016,10.722,10.706,0.491,0.842,0.030219,3.300902551525636,10.951,10.688,10.607
19.692,0.117,0.524,4.785,146.318,-1.218,-1.057,11.058,10.999,10.159,0.126,0.583,0.028991,6.269408197886181,11.031,10.976,10.104
21.586,-0.736,0.781,5.993,233.133,-0.01,-0.352,11.207,11.179,9.988,0.06,0.808,0.011897,9.223649434718858,11.179,11.156,9.872
63.675,0.549,0.642,6.264,160.937,-0.04,1.065,11.087,10.988,10.392,0.202,0.74,0.028215,10.8394649785786,11.135,11.013,10.522
2.566,-0.659,1.025,5.588,179.567,-0.006,-3.657,11.405,11.186,11.003,0.396,1.244,0.061702,6.527710032848378,11.206,11.05,10.686
42.028,-0.139,0.642,4.596,87.888,-1.445,-1.105,10.864,10.808,9.947,0.121,0.699,0.039607,6.920901478029349,10.836,10.782,9.896
49.784,0.229,0.355,6.104,46.609,-0.122,1.048,10.568,10.54,9.36,0.062,0.382,0.035825,5.732714435119607,10.562,10.535,9.339
82.198,0.099,0.772,5.497,250.0,-0.192,-0.916,11.495,11.462,10.345,0.071,0.804,0.028725,10.8218807444356,11.504,11.469,10.386
84.822,0.258,0.729,2.699,207.101,-1.171,1.173,11.06,11.059,7.911,0.001,0.729,0.061,2.992126653267809,11.097,11.096,8.015
72.104,0.486,0.598,5.702,91.075,-1.055,-1.009,11.003,10.721,10.681,0.477,0.88,0.016432,10.773169850536156,11.134,10.796,10.867
57.167,0.355,0.746,3.773,250.0,-0.854,0.523,11.275,11.271,9.14,0.007,0.749,0.044473,7.237682331615881,11.282,11.278,9.168
36.684,-1.928,0.838,4.589,250.0,-1.535,0.948,11.635,11.375,11.29,0.451,1.099,0.021667,15.720281116632007,11.538,11.289,11.178
62.724,0.341,0.679,4.222,173.146,-1.6,-1.532,11.108,11.013,10.4,0.196,0.774,0.037197,8.72875118040941,11.138,11.038,10.447
25.819,0.321,0.835,6.777,134.172,-0.19,-0.929,11.174,11.029,10.624,0.282,0.979,0.018674,6.042353253504077,11.041,10.945,10.336
18.209,0.507,0.364,7.406,65.241,-0.002,-2.541,12.16,10.765,12.142,0.96,1.758,0.041,10.823083984759764,11.857,10.668,11.828
